Time,ID,Positionx,Positionz,Positiony,Yaw,Up,Right,Down,Left,Trajectory,Distance,Speed,Direction
0.0,,,,,,,,,,,,,
0.5,,,,,,,,,,,,,
1.0,,,,,,,,,,,,,
1.5,,,,,,,,,,,,,
2.0,,,,,,,,,,,,,
2.5,,,,,,,,,,,,,
3.0,,,,,,,,,,,,,
3.5,,,,,,,,,,,,,
4.0,,,,,,,,,,,,,
4.5,,,,,,,,,,,,,
5.0,,,,,,,,,,,,,
5.5,139.0,0.29,-0.01,-1.14,1.4304873883648954,1.0,0.0,1.0,1.0,1.0,1.18,,
6.0,139.0,0.3,-0.01,-1.1,-4.12496525937021,0.0,1.0,0.0,1.0,1.0,1.14,0.08,1.33
6.5,139.0,0.3,-0.01,-1.1,-4.270937616690008,0.0,1.0,0.0,1.0,1.0,1.14,0.0,0.0
7.0,139.0,0.34,-0.01,-1.03,-4.198019505870937,0.0,1.0,0.0,1.0,1.0,1.08,0.16,1.05
7.5,139.0,0.47,-0.01,-1.17,-4.157243378556593,1.0,0.0,0.0,1.0,1.0,1.26,0.38,-0.82
8.0,139.0,0.57,-0.01,-1.24,-4.178553848723444,1.0,0.0,0.0,1.0,1.0,1.36,0.24,-0.61
8.5,139.0,0.57,-0.01,-1.24,-4.150410414535036,1.0,1.0,0.0,1.0,1.0,1.36,0.0,0.0
9.0,139.0,0.61,-0.01,-1.34,-4.3419882252094455,1.0,0.0,0.0,1.0,1.0,1.47,0.22,-1.19
9.5,139.0,0.67,-0.01,-1.4,-4.125368430427421,1.0,0.0,0.0,1.0,1.0,1.55,0.17,-0.79
10.0,139.0,0.65,-0.01,-1.43,1.536229138481353,1.0,0.0,0.0,1.0,1.0,1.57,0.07,-2.16
10.5,139.0,0.65,-0.01,-1.43,-4.36507020456707,1.0,0.0,0.0,1.0,1.0,1.57,0.0,0.0
11.0,139.0,0.69,-0.01,-1.42,-3.4616441505035054,1.0,1.0,0.0,0.0,1.0,1.58,0.08,0.24
11.5,139.0,0.69,-0.01,-1.42,-4.037883801671205,1.0,0.0,0.0,1.0,1.0,1.58,0.0,0.0
12.0,139.0,0.7,-0.01,-1.35,-3.960021173081234,1.0,1.0,0.0,1.0,1.0,1.52,0.14,1.43
12.5,139.0,0.72,-0.01,-1.4,-3.968932824241917,1.0,1.0,0.0,1.0,1.0,1.57,0.11,-1.19
13.0,139.0,0.71,-0.01,-1.38,-3.9653775885556053,1.0,1.0,0.0,1.0,1.0,1.55,0.04,2.03
13.5,139.0,0.7,-0.01,-1.37,-3.9741565946931363,1.0,1.0,0.0,1.0,1.0,1.54,0.03,2.36
14.0,139.0,0.7,-0.01,-1.37,-4.063447639225166,1.0,1.0,0.0,1.0,1.0,1.54,0.0,0.0
14.5,139.0,0.7,-0.01,-1.37,-4.095167253050912,1.0,0.0,0.0,1.0,1.0,1.54,0.0,0.0
15.0,139.0,0.7,-0.01,-1.37,-3.7173156872989024,1.0,1.0,0.0,0.0,1.0,1.54,0.0,0.0
15.5,139.0,0.72,0.0,-1.4,-3.8384624813383335,1.0,1.0,0.0,0.0,1.0,1.57,0.07,-0.98
16.0,139.0,0.72,-0.01,-1.4,-3.8384624813383335,1.0,1.0,0.0,0.0,1.0,1.57,0.07,0.0
16.5,139.0,0.72,-0.01,-1.4,-3.8566924453754137,1.0,1.0,0.0,1.0,1.0,1.57,0.0,0.0
17.0,139.0,0.76,-0.01,-1.44,-3.872147335901824,1.0,1.0,0.0,0.0,1.0,1.63,0.11,-0.79
17.5,139.0,0.83,-0.01,-1.45,-3.868661913385591,1.0,0.0,0.0,0.0,1.0,1.67,0.14,-0.14
18.0,139.0,0.79,-0.01,-1.46,-3.924702690337877,1.0,1.0,0.0,0.0,1.0,1.66,0.08,-2.9
18.5,139.0,0.72,-0.01,-1.43,-3.9647248354153586,1.0,1.0,0.0,1.0,1.0,1.6,0.15,2.74
19.0,139.0,0.78,-0.01,-1.44,-3.8672481966914756,1.0,1.0,0.0,0.0,1.0,1.64,0.12,-0.17
19.5,139.0,0.76,-0.01,-1.42,-3.8422114485716166,1.0,1.0,0.0,0.0,1.0,1.61,0.06,2.36
20.0,139.0,0.81,-0.01,-1.53,-3.9441212235955656,1.0,0.0,0.0,0.0,1.0,1.73,0.24,-1.14
20.5,139.0,0.8,-0.01,-1.54,-4.009813671311381,1.0,0.0,0.0,0.0,1.0,1.74,0.03,-2.36
21.0,139.0,0.74,-0.01,-1.47,-3.9217495932435025,1.0,1.0,0.0,0.0,1.0,1.65,0.18,2.28
21.5,139.0,0.75,-0.01,-1.49,-3.851508817496991,1.0,1.0,0.0,0.0,1.0,1.67,0.04,-1.11
22.0,139.0,0.78,-0.01,-1.6,-3.9728283991323687,1.0,0.0,0.0,1.0,1.0,1.78,0.23,-1.3
22.5,139.0,0.58,-0.01,-1.1,-4.305819767120367,0.0,1.0,0.0,1.0,1.0,1.24,1.08,1.95
23.0,139.0,0.62,-0.01,-1.04,-3.6154094029334574,0.0,1.0,0.0,1.0,1.0,1.21,0.14,0.98
23.5,139.0,0.68,-0.01,-1.08,-3.6653450181622675,1.0,1.0,0.0,1.0,1.0,1.28,0.14,-0.59
24.0,139.0,0.61,-0.01,-1.05,-3.695656151281653,1.0,0.0,0.0,1.0,1.0,1.21,0.15,2.74
24.5,139.0,0.37,-0.01,-0.99,-3.6209770032473196,1.0,1.0,0.0,1.0,1.0,1.06,0.49,2.9
25.0,139.0,0.21,-0.01,-0.9,-4.6407990651263855,0.0,0.0,0.0,1.0,1.0,0.92,0.37,2.63
25.5,139.0,0.24,-0.01,-1.07,-4.314710474330026,1.0,0.0,0.0,1.0,1.0,1.1,0.35,-1.4
26.0,139.0,0.27,-0.01,-1.12,-4.180039123916892,1.0,0.0,0.0,1.0,1.0,1.15,0.12,-1.03
26.5,139.0,0.27,-0.01,-1.12,-4.179709256688264,1.0,0.0,0.0,1.0,1.0,1.15,0.0,0.0
27.0,139.0,0.27,-0.01,-1.11,-4.213071225340136,1.0,0.0,0.0,1.0,1.0,1.14,0.02,1.57
27.5,139.0,0.3,-0.01,-1.14,-4.184463533570697,1.0,0.0,0.0,1.0,1.0,1.18,0.08,-0.79
28.0,139.0,0.34,-0.01,-1.02,-4.244811783116904,1.0,0.0,0.0,1.0,1.0,1.08,0.25,1.25
28.5,139.0,0.31,-0.01,-0.85,-4.142556432901061,1.0,0.0,0.0,0.0,1.0,0.9,0.35,1.75
29.0,139.0,0.31,-0.01,-0.86,-4.17003489664446,1.0,0.0,0.0,1.0,1.0,0.91,0.02,-1.57
29.5,139.0,0.32,0.02,-0.8,-4.121410023683898,1.0,0.0,0.0,1.0,1.0,0.86,0.12,1.41
30.0,139.0,0.26,0.05,-0.74,-3.6268657441435486,1.0,0.0,0.0,0.0,1.0,0.78,0.17,2.36
30.5,139.0,0.37,0.03,-0.78,-3.752667331298048,1.0,0.0,1.0,0.0,1.0,0.86,0.23,-0.35
31.0,139.0,0.21,0.0,-0.64,-4.032721117743806,0.0,0.0,0.0,1.0,1.0,0.67,0.43,2.42
31.5,139.0,0.2,0.0,-0.63,-4.022680238557083,1.0,0.0,0.0,1.0,1.0,0.66,0.03,2.36
32.0,139.0,0.18,0.0,-0.63,1.447805156068421,0.0,0.0,0.0,1.0,1.0,0.66,0.04,3.14
32.5,139.0,0.08,0.0,-0.35,-4.570495457526802,0.0,0.0,0.0,1.0,1.0,0.36,0.59,1.91
33.0,139.0,0.05,0.0,-0.18,-4.362823965819754,0.0,0.0,0.0,1.0,1.0,0.19,0.35,1.75
33.5,,,,,,,,,,,,,
34.0,,,,,,,,,,,,,
34.5,,,,,,,,,,,,,
35.0,,,,,,,,,,,,,
35.5,,,,,,,,,,,,,
36.0,,,,,,,,,,,,,
36.5,,,,,,,,,,,,,
37.0,139.0,-3.12,0.0,-9.5,1.4632720370067922,0.0,0.0,0.0,0.0,2.0,10.0,,
37.5,139.0,-3.17,0.0,-9.08,1.246404545097325,0.0,0.0,0.0,0.0,2.0,9.62,0.85,1.69
38.0,139.0,-2.84,0.0,-8.9,1.122824413014764,0.0,0.0,0.0,0.0,2.0,9.34,0.75,0.5
38.5,139.0,-2.73,0.0,-8.81,1.2889038359821623,0.0,0.0,0.0,0.0,2.0,9.22,0.28,0.69
39.0,139.0,-2.43,0.0,-8.45,1.344040183316065,0.0,0.0,0.0,0.0,2.0,8.79,0.94,0.88
39.5,139.0,-2.51,0.0,-8.18,1.3260477585901806,0.0,0.0,0.0,0.0,2.0,8.56,0.56,1.86
40.0,139.0,-2.27,0.0,-7.54,1.3850945161131765,0.0,0.0,0.0,0.0,2.0,7.87,1.37,1.21
40.5,139.0,-2.2,0.0,-7.4,1.3343159068556534,0.0,0.0,0.0,0.0,2.0,7.72,0.31,1.11
41.0,139.0,-1.75,0.0,-6.53,1.2752167894550976,0.0,0.0,0.0,0.0,2.0,6.76,1.96,1.09
41.5,139.0,-1.45,0.0,-5.64,1.3177890351026684,0.0,0.0,0.0,0.0,2.0,5.82,1.88,1.25
42.0,139.0,-1.33,0.0,-5.52,1.3708636249911903,0.0,0.0,0.0,0.0,2.0,5.68,0.34,0.79
42.5,139.0,-0.94,0.0,-4.45,1.354220165244172,0.0,0.0,0.0,0.0,2.0,4.55,2.28,1.22
43.0,139.0,-0.76,0.0,-3.77,1.371151429784844,0.0,0.0,0.0,0.0,2.0,3.85,1.41,1.31
43.5,139.0,-0.64,0.0,-3.5,-4.316408679692216,0.0,0.0,0.0,0.0,2.0,3.56,0.59,1.15
44.0,139.0,-0.95,0.0,-2.8,-4.4579775713092324,1.0,0.0,0.0,0.0,2.0,2.96,1.53,1.99
44.5,139.0,-1.03,0.0,-1.85,-4.553661756891318,0.0,0.0,1.0,0.0,2.0,2.12,1.91,1.65
45.0,139.0,-0.9,0.0,-1.71,0.7589506656432027,0.0,1.0,0.0,0.0,2.0,1.93,0.38,0.82
45.5,139.0,-0.75,0.0,-1.65,1.033645244087787,0.0,0.0,1.0,0.0,2.0,1.81,0.32,0.38
46.0,139.0,-0.75,0.0,-1.68,1.0574436811033556,0.0,1.0,0.0,0.0,2.0,1.84,0.06,-1.57
46.5,139.0,-0.7,0.0,-1.68,1.1816685378116034,0.0,1.0,0.0,0.0,2.0,1.82,0.1,0.0
47.0,139.0,-0.72,0.0,-1.44,-4.643347245834298,0.0,0.0,1.0,0.0,2.0,1.61,0.48,1.65
47.5,139.0,-0.74,0.0,-1.17,1.3944404051917556,0.0,1.0,1.0,0.0,2.0,1.38,0.54,1.64
48.0,139.0,-0.08,0.0,-0.94,1.2098685206677764,0.0,1.0,0.0,0.0,2.0,0.94,1.4,0.34
48.5,139.0,0.23,0.0,-0.6,-4.684392153853448,1.0,0.0,1.0,0.0,2.0,0.64,0.92,0.83
49.0,139.0,0.37,0.0,0.08,1.5672843700380459,1.0,0.0,0.0,0.0,2.0,0.38,1.39,1.37
49.5,,,,,,,,,,,,,
50.0,,,,,,,,,,,,,
50.5,,,,,,,,,,,,,
51.0,,,,,,,,,,,,,
51.5,,,,,,,,,,,,,
52.0,,,,,,,,,,,,,
52.5,,,,,,,,,,,,,
53.0,139.0,3.62,0.0,-9.32,-4.615992700467791,0.0,0.0,0.0,0.0,3.0,10.0,,
53.5,139.0,4.01,0.0,-8.85,-4.475542564901303,0.0,1.0,0.0,0.0,3.0,9.72,1.22,0.88
54.0,139.0,4.02,0.0,-8.06,-4.316557032678635,0.0,0.0,0.0,0.0,3.0,9.01,1.58,1.56
54.5,139.0,3.96,0.0,-7.9,-4.186402594369663,0.0,0.0,0.0,0.0,3.0,8.84,0.34,1.93
55.0,139.0,3.78,0.0,-7.46,-4.229295806066676,0.0,0.0,0.0,0.0,3.0,8.36,0.95,1.96
55.5,139.0,3.49,0.0,-6.54,-4.191692687332457,0.0,0.0,0.0,0.0,3.0,7.41,1.93,1.88
56.0,139.0,3.28,0.0,-5.91,-4.1558890030570454,0.0,0.0,0.0,0.0,3.0,6.76,1.33,1.89
56.5,139.0,3.26,0.0,-5.66,-4.114248937762965,0.0,0.0,0.0,0.0,3.0,6.53,0.5,1.65
57.0,139.0,2.95,0.0,-4.92,-4.119603607908084,0.0,0.0,0.0,0.0,3.0,5.74,1.6,1.97
57.5,139.0,2.68,0.0,-4.02,-4.262664756035555,0.0,0.0,0.0,0.0,3.0,4.83,1.88,1.86
58.0,139.0,2.43,0.0,-3.51,-4.083543360232629,0.0,0.0,0.0,0.0,3.0,4.27,1.14,2.03
58.5,139.0,2.26,0.0,-3.29,-4.032122469810371,0.0,0.0,0.0,0.0,3.0,3.99,0.56,2.23
59.0,139.0,1.83,0.0,-2.54,-4.0557105946510745,1.0,0.0,0.0,0.0,3.0,3.13,1.73,2.09
59.5,139.0,1.99,0.0,-1.85,-4.097556608796891,1.0,0.0,0.0,0.0,3.0,2.72,1.42,1.34
60.0,139.0,2.38,0.0,-1.22,-4.103417424425088,0.0,0.0,0.0,0.0,3.0,2.67,1.48,1.02
60.5,139.0,2.38,0.0,-1.22,-3.5246470458419967,0.0,0.0,0.0,0.0,3.0,2.67,0.0,0.0
61.0,139.0,2.38,0.0,-1.22,-3.5419083521442203,0.0,0.0,0.0,0.0,3.0,2.67,0.0,0.0
61.5,139.0,2.38,0.0,-1.22,-3.5419083521442203,0.0,0.0,0.0,0.0,3.0,2.67,0.0,0.0
62.0,139.0,2.35,0.0,-1.18,-2.8541770683591228,0.0,0.0,0.0,0.0,3.0,2.63,0.1,2.21
62.5,139.0,2.35,0.0,-1.19,-3.5154037821234345,0.0,0.0,0.0,0.0,3.0,2.63,0.02,-1.57
63.0,139.0,2.35,0.0,-1.18,-3.002898319250812,0.0,0.0,0.0,0.0,3.0,2.63,0.02,1.57
63.5,139.0,1.96,0.0,-1.05,-3.108576260129816,1.0,0.0,0.0,0.0,3.0,2.22,0.82,2.82
64.0,139.0,1.71,0.0,-1.06,-3.0929677806292313,0.0,0.0,0.0,1.0,3.0,2.01,0.5,-3.1
64.5,139.0,1.22,0.0,-1.06,-3.1384458249484477,0.0,0.0,0.0,1.0,3.0,1.62,0.98,3.14
65.0,139.0,0.74,0.0,-1.0,-3.256177009641725,0.0,0.0,0.0,1.0,3.0,1.24,0.97,3.02
65.5,139.0,0.48,0.0,-0.92,-3.372510185604155,0.0,0.0,0.0,1.0,3.0,1.04,0.54,2.84
66.0,139.0,0.48,0.0,-0.92,-3.409755511841714,0.0,0.0,0.0,1.0,3.0,1.04,0.0,0.0
66.5,139.0,0.5,0.0,-0.94,-3.347963875004107,0.0,0.0,0.0,1.0,3.0,1.06,0.06,-0.79
67.0,139.0,0.43,0.0,-0.9,-3.361964906263605,0.0,0.0,1.0,1.0,3.0,1.0,0.16,2.62
67.5,139.0,0.48,0.0,-0.92,-3.3902165508656372,0.0,0.0,0.0,1.0,3.0,1.04,0.11,-0.38
68.0,139.0,0.48,0.0,-0.93,-3.8272016170044663,0.0,0.0,0.0,1.0,3.0,1.05,0.02,-1.57
68.5,139.0,0.49,0.0,-0.92,-3.4004581429163405,0.0,1.0,0.0,1.0,3.0,1.04,0.03,0.79
69.0,139.0,0.49,0.0,-0.91,-2.83723166665151,1.0,0.0,0.0,1.0,3.0,1.03,0.02,1.57
69.5,139.0,0.47,0.0,-0.91,-2.948658722086584,1.0,0.0,1.0,0.0,3.0,1.02,0.04,3.14
70.0,139.0,0.72,0.0,-1.15,-3.177399828523709,1.0,1.0,0.0,0.0,3.0,1.36,0.69,-0.76
70.5,139.0,0.3,0.0,-0.97,-3.453865218027367,0.0,0.0,0.0,1.0,3.0,1.02,0.91,2.74
71.0,139.0,0.15,0.0,-0.89,-4.0070787403735055,0.0,0.0,1.0,0.0,3.0,0.9,0.34,2.65
71.5,139.0,0.1,0.0,-0.87,1.394395201164129,0.0,0.0,1.0,0.0,3.0,0.88,0.11,2.76
72.0,139.0,0.07,-0.05,-0.87,-4.634357054857276,0.0,0.0,1.0,0.0,3.0,0.87,0.06,3.14
72.5,139.0,0.09,-0.05,-0.48,-4.5213016072300904,1.0,0.0,1.0,0.0,3.0,0.49,0.78,1.52
73.0,139.0,0.07,-0.05,-0.37,-4.484934181606285,1.0,0.0,1.0,0.0,3.0,0.38,0.22,1.75
73.5,139.0,0.08,-0.05,-0.27,-4.479237426927775,0.0,0.0,1.0,0.0,3.0,0.28,0.2,1.47
74.0,,,,,,,,,,,,,
74.5,,,,,,,,,,,,,
75.0,,,,,,,,,,,,,
75.5,,,,,,,,,,,,,
76.0,,,,,,,,,,,,,
76.5,,,,,,,,,,,,,
77.0,,,,,,,,,,,,,
77.5,139.0,0.25,0.0,-10.0,-4.705044634892298,0.0,0.0,0.0,0.0,4.0,10.0,,
78.0,139.0,0.3,0.0,-9.6,1.538730003313243,0.0,0.0,0.0,1.0,4.0,9.6,0.81,1.45
78.5,139.0,0.23,0.0,-9.25,-4.122151788615995,0.0,0.0,0.0,1.0,4.0,9.25,0.71,1.77
79.0,139.0,-0.04,0.0,-8.95,-4.127834580660489,0.0,0.0,0.0,1.0,4.0,8.95,0.81,2.3
79.5,139.0,-0.12,0.0,-8.81,-4.049066126188732,0.0,0.0,0.0,0.0,4.0,8.81,0.32,2.09
80.0,139.0,-0.41,0.0,-8.38,-4.028286236114488,0.0,0.0,0.0,0.0,4.0,8.39,1.04,2.16
80.5,139.0,-0.76,0.0,-7.7,-4.2259779351586335,0.0,0.0,0.0,1.0,4.0,7.74,1.53,2.05
81.0,139.0,-0.76,0.0,-7.13,-4.574263623381858,1.0,0.0,0.0,0.0,4.0,7.17,1.14,1.57
81.5,139.0,-0.67,0.0,-7.0,-4.494814490501825,1.0,0.0,0.0,0.0,4.0,7.03,0.32,0.97
82.0,139.0,-0.5,0.0,-6.41,-3.7640172074237674,1.0,0.0,0.0,1.0,4.0,6.43,1.23,1.29
82.5,139.0,-0.64,0.0,-6.12,-4.0248217575492795,1.0,0.0,0.0,0.0,4.0,6.15,0.64,2.02
83.0,139.0,-0.8,0.0,-5.82,-4.057487339829605,0.0,1.0,0.0,0.0,4.0,5.87,0.68,2.06
83.5,139.0,-0.9,0.0,-5.5,-4.557183831321842,0.0,1.0,0.0,0.0,4.0,5.57,0.67,1.87
84.0,139.0,-0.85,0.0,-5.07,-4.55722571922389,0.0,1.0,0.0,0.0,4.0,5.14,0.87,1.46
84.5,139.0,-0.82,0.0,-4.78,-4.518744699875919,0.0,1.0,0.0,0.0,4.0,4.85,0.58,1.47
85.0,139.0,-0.82,0.0,-4.78,-4.518744699875919,0.0,1.0,0.0,0.0,4.0,4.85,0.58,0.0
85.5,139.0,-0.91,0.0,-4.27,-4.530204531744514,0.0,0.0,0.0,1.0,4.0,4.37,1.04,1.75
86.0,139.0,-0.79,0.0,-3.18,-4.55342788277155,0.0,0.0,0.0,0.0,4.0,3.28,2.19,1.46
86.5,139.0,-0.81,0.0,-3.22,-4.412297068796785,0.0,0.0,0.0,1.0,4.0,3.32,0.09,-2.03
87.0,139.0,-0.81,0.0,-2.02,-4.518036096199609,0.0,1.0,0.0,0.0,4.0,2.18,2.4,1.57
87.5,139.0,-0.86,0.0,-1.16,-4.497922921899626,0.0,1.0,0.0,0.0,4.0,1.44,1.72,1.63
88.0,139.0,-0.89,0.0,-1.06,0.7795329844461214,1.0,0.0,0.0,0.0,4.0,1.38,0.21,1.86
88.5,139.0,-0.86,0.0,-1.02,0.2530589534380871,1.0,0.0,0.0,0.0,4.0,1.33,0.1,0.93
89.0,139.0,-0.93,0.0,-1.07,0.5605442542703651,1.0,0.0,0.0,0.0,4.0,1.42,0.17,-2.52
89.5,139.0,-0.39,0.0,-0.87,0.696527743215149,1.0,1.0,0.0,0.0,4.0,0.95,1.15,0.35
90.0,139.0,-0.37,0.0,-0.89,1.1258888621154157,1.0,1.0,1.0,0.0,4.0,0.96,0.06,-0.79
90.5,139.0,-0.34,0.0,-0.89,1.0770203411912753,1.0,1.0,1.0,0.0,4.0,0.95,0.06,0.0
91.0,139.0,-0.32,0.0,-0.87,0.7679433000811782,1.0,0.0,1.0,0.0,4.0,0.93,0.06,0.79
91.5,139.0,-0.32,0.0,-0.87,0.7998782875366193,1.0,1.0,1.0,1.0,4.0,0.93,0.0,0.0
92.0,139.0,0.21,0.0,-0.55,0.776551089419089,1.0,1.0,1.0,0.0,4.0,0.59,1.24,0.54
92.5,139.0,0.23,0.0,-0.57,-4.605110572581607,0.0,0.0,1.0,1.0,4.0,0.61,0.06,-0.79
93.0,139.0,0.47,0.0,-0.24,-4.706725386961968,0.0,0.0,1.0,1.0,4.0,0.53,0.82,0.94
93.5,,,,,,,,,,,,,
94.0,,,,,,,,,,,,,
94.5,,,,,,,,,,,,,
95.0,,,,,,,,,,,,,
95.5,,,,,,,,,,,,,
96.0,,,,,,,,,,,,,
96.5,139.0,-2.23,0.0,-9.75,1.044841007640555,0.0,0.0,0.0,0.0,5.0,10.0,,
97.0,139.0,-1.97,0.0,-9.33,1.0596578057924357,0.0,0.0,0.0,0.0,5.0,9.54,0.99,1.02
97.5,139.0,-1.52,0.0,-8.84,1.1169156008321373,0.0,0.0,0.0,0.0,5.0,8.97,1.33,0.83
98.0,139.0,-1.44,0.0,-8.74,1.0844015131308844,0.0,0.0,0.0,0.0,5.0,8.86,0.26,0.9
98.5,139.0,-0.54,0.0,-7.94,1.096810629579639,0.0,1.0,0.0,0.0,5.0,7.96,2.41,0.73
99.0,139.0,-0.54,0.0,-7.94,1.096810629579639,0.0,1.0,0.0,0.0,5.0,7.96,2.41,0.0
99.5,139.0,-0.5,0.0,-7.91,1.2286107388403176,1.0,0.0,0.0,0.0,5.0,7.93,0.1,0.64
100.0,139.0,-0.1,0.0,-7.08,1.1920366662330755,0.0,0.0,0.0,1.0,5.0,7.08,1.84,1.12
100.5,139.0,0.04,0.0,-6.98,1.2644234988278396,0.0,0.0,0.0,1.0,5.0,6.98,0.34,0.62
101.0,139.0,0.19,0.0,-6.14,1.337515095374559,0.0,0.0,0.0,1.0,5.0,6.14,1.71,1.39
101.5,139.0,0.58,0.0,-5.73,1.368905889169228,0.0,0.0,0.0,0.0,5.0,5.76,1.13,0.81
102.0,139.0,0.65,0.0,-5.51,1.3995418978755798,0.0,0.0,0.0,0.0,5.0,5.55,0.46,1.26
102.5,139.0,1.08,0.0,-4.49,1.371147066461714,0.0,0.0,0.0,0.0,5.0,4.62,2.21,1.17
103.0,139.0,1.08,0.0,-4.27,1.4928348253028,0.0,0.0,0.0,0.0,5.0,4.4,0.44,1.57
103.5,139.0,1.31,0.0,-3.49,1.5351240483588677,0.0,0.0,0.0,0.0,5.0,3.73,1.63,1.28
104.0,139.0,1.13,0.0,-2.59,-4.669626668381576,0.0,0.0,0.0,0.0,5.0,2.83,1.84,1.77
104.5,139.0,1.26,0.0,-1.95,-4.670244514936783,1.0,0.0,0.0,0.0,5.0,2.32,1.31,1.37
105.0,139.0,1.31,0.0,-1.06,-4.646506291780407,0.0,0.0,0.0,1.0,5.0,1.69,1.78,1.51
105.5,139.0,1.31,0.0,-1.02,-4.465862968869742,0.0,0.0,0.0,1.0,5.0,1.66,0.08,1.57
106.0,139.0,1.3,0.0,-1.0,-3.595444581619895,1.0,0.0,0.0,0.0,5.0,1.64,0.04,2.03
106.5,139.0,1.29,0.0,-1.0,-3.094529850309766,1.0,0.0,0.0,0.0,5.0,1.63,0.02,3.14
107.0,139.0,1.06,0.0,-1.05,-3.288737872166931,1.0,0.0,0.0,0.0,5.0,1.49,0.47,-2.93
107.5,139.0,0.51,0.0,-0.89,-3.3402198491130077,0.0,0.0,1.0,1.0,5.0,1.03,1.15,2.86
108.0,139.0,0.51,0.0,-0.89,-3.300204685352534,0.0,0.0,1.0,1.0,5.0,1.03,0.0,0.0
108.5,139.0,0.28,0.0,-0.78,-3.3557550247850094,0.0,0.0,1.0,1.0,5.0,0.83,0.51,2.7
109.0,139.0,0.27,0.0,-0.76,-3.819759533073962,0.0,0.0,1.0,1.0,5.0,0.81,0.04,2.03
109.5,139.0,0.27,0.0,-0.76,-4.489438876405683,0.0,1.0,1.0,0.0,5.0,0.81,0.0,0.0
110.0,139.0,0.27,0.0,-0.76,-4.513033982563394,0.0,0.0,1.0,1.0,5.0,0.81,0.0,0.0
110.5,139.0,0.31,0.0,-0.76,-4.674147071144242,0.0,0.0,1.0,1.0,5.0,0.82,0.08,0.0
111.0,139.0,0.33,0.0,-0.91,-4.646439969268832,0.0,0.0,1.0,1.0,5.0,0.97,0.3,-1.44
111.5,139.0,0.41,0.0,-1.01,-4.065714821923507,1.0,0.0,1.0,1.0,5.0,1.09,0.26,-0.9
112.0,139.0,0.41,0.0,-1.01,-4.065714821923507,1.0,0.0,1.0,1.0,5.0,1.09,0.26,0.0
112.5,139.0,0.31,0.0,-0.88,-3.746267208930985,0.0,0.0,1.0,1.0,5.0,0.93,0.33,2.23
113.0,139.0,0.2,0.02,-0.71,-3.7799293742141993,1.0,0.0,1.0,1.0,5.0,0.74,0.4,2.15
113.5,139.0,0.19,0.0,-0.6,-3.9577906422971854,0.0,0.0,0.0,1.0,5.0,0.63,0.22,1.66
114.0,139.0,-0.12,0.0,0.44,-4.204749495466627,0.0,0.0,0.0,1.0,5.0,0.46,2.17,1.86
114.5,,,,,,,,,,,,,
115.0,,,,,,,,,,,,,
115.5,,,,,,,,,,,,,
116.0,,,,,,,,,,,,,
116.5,,,,,,,,,,,,,
117.0,,,,,,,,,,,,,
117.5,139.0,1.09,0.0,-9.94,-4.0206259860274844,0.0,0.0,0.0,1.0,6.0,10.0,,
118.0,139.0,0.52,0.0,-9.17,-4.02333473702658,0.0,1.0,0.0,0.0,6.0,9.18,1.92,2.21
118.5,139.0,0.43,0.0,-9.07,-4.173099694810962,0.0,0.0,1.0,0.0,6.0,9.08,0.27,2.3
119.0,139.0,0.26,0.0,-7.88,-4.246972500730874,0.0,0.0,0.0,0.0,6.0,7.88,2.4,1.71
119.5,139.0,0.28,0.0,-7.87,-4.271820753291517,0.0,0.0,0.0,0.0,6.0,7.87,0.04,0.46
120.0,139.0,0.09,0.0,-6.81,-4.3447196654888165,0.0,0.0,0.0,0.0,6.0,6.81,2.15,1.75
120.5,139.0,-0.04,0.0,-6.6,-4.262689190645083,0.0,0.0,0.0,0.0,6.0,6.6,0.49,2.13
121.0,139.0,-0.37,0.0,-5.39,-4.310266866054448,0.0,0.0,0.0,0.0,6.0,5.4,2.51,1.84
121.5,139.0,-0.72,0.0,-4.76,-4.242356104859349,0.0,0.0,0.0,0.0,6.0,4.81,1.44,2.08
122.0,139.0,-0.83,0.0,-4.14,-4.275841991888113,0.0,0.0,0.0,0.0,6.0,4.22,1.26,1.75
122.5,139.0,-1.07,0.0,-2.96,-4.324854327942617,0.0,0.0,0.0,0.0,6.0,3.15,2.41,1.77
123.0,139.0,-0.9,0.0,-2.76,-4.32150504110804,0.0,0.0,0.0,0.0,6.0,2.9,0.52,0.87
123.5,139.0,-0.96,0.0,-1.61,-4.30026612944052,0.0,1.0,0.0,0.0,6.0,1.87,2.3,1.62
124.0,139.0,-0.99,0.0,-1.51,1.1690693550073068,0.0,0.0,0.0,0.0,6.0,1.81,0.21,1.86
124.5,139.0,-0.76,0.0,-1.28,1.0186816637458136,1.0,0.0,0.0,0.0,6.0,1.49,0.65,0.79
125.0,139.0,-0.69,0.0,-1.28,1.0653706175000635,1.0,0.0,0.0,0.0,6.0,1.45,0.14,0.0
125.5,139.0,-0.53,0.0,-1.11,1.0516826983083727,1.0,1.0,0.0,0.0,6.0,1.23,0.47,0.82
126.0,139.0,-0.46,0.0,-1.05,1.063172549840102,1.0,1.0,0.0,0.0,6.0,1.15,0.18,0.71
126.5,139.0,-0.46,0.0,-1.05,0.6713864498730959,1.0,0.0,0.0,0.0,6.0,1.15,0.0,0.0
127.0,139.0,-0.22,0.0,-0.92,0.7673027642456962,1.0,1.0,0.0,0.0,6.0,0.95,0.55,0.5
127.5,139.0,-0.13,0.0,-0.64,1.4221170336184257,0.0,1.0,0.0,0.0,6.0,0.65,0.59,1.26
128.0,139.0,-0.13,0.0,-0.64,1.4221170336184257,0.0,1.0,0.0,0.0,6.0,0.65,0.59,0.0
128.5,139.0,0.06,0.0,-0.2,1.4220220528005323,0.0,0.0,1.0,0.0,6.0,0.21,0.96,1.16
129.0,139.0,0.07,0.0,-0.19,1.411770512373093,0.0,0.0,1.0,0.0,6.0,0.2,0.03,0.79
129.5,,,,,,,,,,,,,
130.0,,,,,,,,,,,,,
130.5,,,,,,,,,,,,,
131.0,,,,,,,,,,,,,
131.5,,,,,,,,,,,,,
132.0,139.0,4.06,0.0,-9.14,0.8766855155279093,0.0,0.0,0.0,1.0,7.0,10.0,,
132.5,139.0,4.51,0.0,-8.68,1.471229883184553,0.0,0.0,0.0,0.0,7.0,9.78,1.29,0.8
133.0,139.0,4.74,0.0,-8.41,-4.038852459406062,0.0,0.0,0.0,0.0,7.0,9.65,0.71,0.87
133.5,139.0,4.47,0.0,-7.93,-4.137285538560038,0.0,0.0,0.0,0.0,7.0,9.1,1.1,2.08
134.0,139.0,4.24,0.0,-7.58,-4.150893870737838,0.0,0.0,0.0,0.0,7.0,8.69,0.84,2.15
134.5,139.0,3.96,0.0,-6.83,-4.1961991274611075,0.0,0.0,0.0,0.0,7.0,7.89,1.6,1.93
135.0,139.0,3.41,0.0,-5.76,-4.161585757735556,0.0,0.0,0.0,0.0,7.0,6.69,2.41,2.05
135.5,139.0,3.42,0.0,-5.6,-4.179250235094989,0.0,0.0,0.0,0.0,7.0,6.56,0.32,1.51
136.0,139.0,2.95,0.0,-4.48,-4.141853065212508,0.0,0.0,0.0,0.0,7.0,5.36,2.43,1.97
136.5,139.0,2.46,0.0,-3.53,-4.0949630495284275,0.0,0.0,0.0,0.0,7.0,4.3,2.14,2.05
137.0,139.0,2.39,0.0,-3.0,-4.066816124681515,0.0,0.0,0.0,0.0,7.0,3.84,1.07,1.7
137.5,139.0,2.17,0.0,-1.68,-4.059724851930662,0.0,0.0,0.0,0.0,7.0,2.74,2.68,1.74
138.0,139.0,2.11,0.0,-1.59,-3.412888377849044,0.0,0.0,0.0,0.0,7.0,2.64,0.22,2.16
138.5,139.0,1.99,0.0,-1.36,-3.459298427988825,0.0,0.0,0.0,0.0,7.0,2.41,0.52,2.05
139.0,139.0,1.31,0.0,-0.93,-3.3617781560336417,0.0,0.0,0.0,1.0,7.0,1.61,1.61,2.58
139.5,139.0,1.25,0.0,-0.92,-3.3930562015586325,0.0,1.0,0.0,1.0,7.0,1.55,0.12,2.98
140.0,139.0,0.93,0.0,-0.86,-3.3858375197723833,0.0,1.0,0.0,0.0,7.0,1.27,0.65,2.96
140.5,139.0,0.93,0.0,-0.86,-3.3858375197723833,0.0,1.0,0.0,0.0,7.0,1.27,0.65,0.0
141.0,139.0,0.74,0.0,-0.87,-3.2756461574477216,1.0,0.0,0.0,1.0,7.0,1.14,0.38,-3.09
141.5,139.0,0.41,0.0,-0.84,-3.4279558052815107,1.0,1.0,1.0,1.0,7.0,0.93,0.66,3.05
142.0,139.0,0.34,0.03,-0.81,-4.374940041487098,0.0,0.0,1.0,1.0,7.0,0.88,0.15,2.74
142.5,139.0,0.34,0.03,-0.81,1.5538404653290763,0.0,1.0,1.0,1.0,7.0,0.88,0.0,0.0
143.0,139.0,0.35,0.03,-1.02,1.5544959080216998,0.0,0.0,0.0,1.0,7.0,1.08,0.42,-1.52
143.5,139.0,0.47,0.03,-0.97,-4.168488534927192,0.0,0.0,0.0,1.0,7.0,1.08,0.26,0.39
144.0,139.0,0.43,0.03,-0.94,-3.8798808898174104,1.0,0.0,0.0,1.0,7.0,1.03,0.1,2.5
144.5,139.0,0.45,0.03,-0.96,-3.9446256237493924,0.0,0.0,0.0,1.0,7.0,1.06,0.06,-0.79
145.0,139.0,0.36,0.03,-0.92,-3.4468297958125778,0.0,0.0,0.0,1.0,7.0,0.99,0.2,2.72
145.5,139.0,0.38,0.03,-0.94,-3.7349731833413293,1.0,0.0,0.0,0.0,7.0,1.01,0.06,-0.79
146.0,139.0,0.38,0.03,-0.94,-3.7840658045414255,0.0,0.0,0.0,1.0,7.0,1.01,0.0,0.0
146.5,139.0,-0.09,0.01,-0.7,-3.8173474880477056,0.0,0.0,1.0,1.0,7.0,0.71,1.06,2.67
147.0,139.0,-0.12,0.01,-0.7,-4.40279724167818,0.0,1.0,1.0,0.0,7.0,0.71,0.06,3.14
147.5,139.0,-0.11,-0.02,-0.71,-3.853568306014344,0.0,0.0,1.0,1.0,7.0,0.72,0.03,-0.79
148.0,139.0,-0.13,-0.02,-0.66,-3.876217443717474,0.0,0.0,1.0,1.0,7.0,0.67,0.11,1.95
148.5,139.0,-0.16,-0.02,-0.65,-4.405636892371175,0.0,1.0,1.0,0.0,7.0,0.67,0.06,2.82
149.0,139.0,-0.17,-0.02,-0.71,-4.635351892530912,0.0,1.0,1.0,0.0,7.0,0.73,0.12,-1.74
149.5,139.0,-0.23,-0.03,-0.26,-4.565058756906841,0.0,1.0,0.0,0.0,7.0,0.35,0.91,1.7
150.0,139.0,-0.21,-0.03,0.04,-4.507195856215472,0.0,1.0,0.0,0.0,7.0,0.21,0.6,1.5
150.5,,,,,,,,,,,,,
151.0,,,,,,,,,,,,,
151.5,,,,,,,,,,,,,
152.0,,,,,,,,,,,,,
152.5,,,,,,,,,,,,,
153.0,139.0,-1.36,0.0,-9.91,-4.346372492290455,0.0,0.0,0.0,0.0,8.0,10.0,,
153.5,139.0,-1.32,0.0,-9.18,-4.5866606970587736,0.0,0.0,0.0,0.0,8.0,9.27,1.46,1.52
154.0,139.0,-1.27,0.0,-8.89,-4.646811724399507,0.0,0.0,0.0,1.0,8.0,8.98,0.59,1.4
154.5,139.0,-1.25,0.0,-7.8,-4.623970600478658,0.0,0.0,0.0,0.0,8.0,7.9,2.18,1.55
155.0,139.0,-1.23,0.0,-6.86,-4.606833212553324,0.0,0.0,0.0,0.0,8.0,6.97,1.88,1.55
155.5,139.0,-1.23,0.0,-6.86,-4.606833212553324,0.0,0.0,0.0,0.0,8.0,6.97,1.88,0.0
156.0,139.0,-1.19,0.0,-6.41,-4.634585692989286,0.0,0.0,0.0,0.0,8.0,6.52,0.9,1.48
156.5,139.0,-1.12,0.0,-5.3,-4.678550536847023,0.0,0.0,0.0,0.0,8.0,5.42,2.22,1.51
157.0,139.0,-1.18,0.0,-5.01,-4.627176770314571,0.0,0.0,0.0,0.0,8.0,5.15,0.59,1.77
157.5,139.0,-1.09,0.0,-3.96,-4.709627869508035,0.0,0.0,0.0,0.0,8.0,4.11,2.11,1.49
158.0,139.0,-1.01,0.0,-2.63,-4.6829156053062615,0.0,0.0,0.0,0.0,8.0,2.82,2.66,1.51
158.5,139.0,-0.92,0.0,-2.66,-4.647174752883922,0.0,1.0,0.0,0.0,8.0,2.81,0.19,-0.32
159.0,139.0,-0.66,0.0,-1.53,-4.582461434878476,0.0,1.0,0.0,0.0,8.0,1.67,2.32,1.34
159.5,139.0,-0.69,0.0,-1.19,-4.604566029854984,0.0,1.0,0.0,0.0,8.0,1.38,0.68,1.66
160.0,139.0,-0.71,0.0,-1.1,0.7073871818210576,0.0,1.0,1.0,0.0,8.0,1.31,0.18,1.79
160.5,139.0,-0.6,0.0,-1.06,0.8406413248815728,0.0,1.0,0.0,0.0,8.0,1.22,0.23,0.35
161.0,139.0,-0.42,0.0,-0.95,0.9247805065275659,1.0,1.0,1.0,0.0,8.0,1.04,0.42,0.55
161.5,139.0,-0.25,0.0,-0.82,0.9638341684031162,0.0,1.0,1.0,1.0,8.0,0.86,0.43,0.65
162.0,139.0,0.02,0.0,-0.2,1.12207269970593,0.0,1.0,0.0,1.0,8.0,0.2,1.35,1.16
162.5,139.0,0.28,0.0,0.28,1.3063658551483657,1.0,0.0,0.0,0.0,8.0,0.4,1.09,1.07
163.0,,,,,,,,,,,,,
163.5,,,,,,,,,,,,,
164.0,,,,,,,,,,,,,
164.5,,,,,,,,,,,,,
165.0,,,,,,,,,,,,,
165.5,139.0,-4.46,0.0,-8.95,1.188963490486164,0.0,0.0,0.0,0.0,9.0,10.0,,
166.0,139.0,-4.46,0.0,-8.85,1.309645328812863,0.0,0.0,0.0,0.0,9.0,9.91,0.2,1.57
166.5,139.0,-4.24,0.0,-8.13,1.2792467546979527,0.0,0.0,0.0,0.0,9.0,9.17,1.51,1.27
167.0,139.0,-3.96,0.0,-7.03,1.298888864632822,0.0,0.0,0.0,0.0,9.0,8.07,2.27,1.32
167.5,139.0,-4.09,0.0,-7.3,1.3058700071078742,0.0,0.0,0.0,0.0,9.0,8.37,0.6,-2.02
168.0,139.0,-3.69,0.0,-6.12,1.240208626252745,0.0,0.0,0.0,0.0,9.0,7.15,2.49,1.24
168.5,139.0,-3.65,0.0,-5.95,1.2574189689408106,0.0,0.0,0.0,0.0,9.0,6.98,0.35,1.34
169.0,139.0,-3.04,0.0,-4.77,1.227784849038274,0.0,0.0,0.0,0.0,9.0,5.66,2.66,1.09
169.5,139.0,-2.76,0.0,-4.09,1.2676104700419812,0.0,0.0,0.0,0.0,9.0,4.93,1.47,1.18
170.0,139.0,-2.76,0.0,-4.09,1.2676104700419812,0.0,0.0,0.0,0.0,9.0,4.93,1.47,0.0
170.5,139.0,-2.48,0.0,-3.62,1.2572159871488038,0.0,0.0,0.0,0.0,9.0,4.39,1.09,1.03
171.0,139.0,-1.96,0.0,-2.28,1.239487281672896,0.0,0.0,0.0,0.0,9.0,3.01,2.87,1.2
171.5,139.0,-1.93,0.0,-2.28,1.1905452823872464,0.0,0.0,1.0,0.0,9.0,2.99,0.06,0.0
172.0,139.0,-0.99,0.0,-1.42,1.0771905107933446,0.0,1.0,0.0,0.0,9.0,1.73,2.55,0.74
172.5,139.0,-0.98,0.0,-1.39,0.5798167034696622,1.0,1.0,1.0,0.0,9.0,1.7,0.06,1.25
173.0,139.0,-0.88,0.0,-1.38,1.215020034487963,1.0,1.0,0.0,1.0,9.0,1.64,0.2,0.1
173.5,139.0,-0.77,0.0,-1.28,1.210498933593597,1.0,0.0,0.0,1.0,9.0,1.49,0.3,0.74
174.0,139.0,-0.72,0.0,-1.13,1.3096975141574976,1.0,0.0,0.0,1.0,9.0,1.34,0.32,1.25
174.5,139.0,-0.68,0.0,-1.09,1.3389317791284028,1.0,0.0,0.0,1.0,9.0,1.28,0.11,0.79
175.0,139.0,-0.71,0.0,-1.12,0.6389962805487347,0.0,1.0,1.0,1.0,9.0,1.33,0.08,-2.36
175.5,139.0,-0.49,0.0,-1.03,0.7218313521776376,1.0,1.0,0.0,0.0,9.0,1.14,0.48,0.39
176.0,139.0,-0.48,0.0,-1.03,0.8306133611313142,1.0,1.0,0.0,1.0,9.0,1.14,0.02,0.0
176.5,139.0,-0.4,0.0,-0.95,0.8394771902704926,1.0,1.0,0.0,1.0,9.0,1.03,0.23,0.79
177.0,139.0,-0.4,0.0,-0.95,0.8506521844051619,0.0,1.0,0.0,1.0,9.0,1.03,0.0,0.0
177.5,139.0,-0.27,0.0,-0.84,0.854907297121524,1.0,1.0,0.0,1.0,9.0,0.88,0.34,0.7
178.0,139.0,-0.27,-0.01,-0.84,1.0138614134176556,0.0,1.0,0.0,1.0,9.0,0.88,0.0,0.0
178.5,139.0,-0.13,-0.01,-0.68,1.1320666295357749,0.0,0.0,1.0,1.0,9.0,0.69,0.43,0.85
179.0,139.0,-0.08,-0.01,-0.42,1.3996244868557843,0.0,0.0,0.0,1.0,9.0,0.43,0.53,1.38
179.5,139.0,-0.08,-0.01,-0.17,1.3906596729660854,0.0,0.0,0.0,1.0,9.0,0.19,0.5,1.57
180.0,,,,,,,,,,,,,
180.5,,,,,,,,,,,,,
181.0,,,,,,,,,,,,,
181.5,,,,,,,,,,,,,
182.0,,,,,,,,,,,,,
182.5,,,,,,,,,,,,,
183.0,139.0,4.9,0.0,-8.7,-4.092790114609695,0.0,0.0,0.0,0.0,10.0,9.98,,
183.5,139.0,4.92,0.0,-8.47,-4.173832733096799,0.0,0.0,0.0,0.0,10.0,9.8,0.46,1.48
184.0,139.0,4.94,0.0,-8.36,-4.213025846779584,0.0,0.0,0.0,0.0,10.0,9.71,0.22,1.39
184.5,139.0,4.48,0.0,-7.51,-4.2264509193859245,0.0,0.0,0.0,0.0,10.0,8.74,1.93,2.07
185.0,139.0,4.36,0.0,-7.42,-4.114036007594222,0.0,0.0,0.0,0.0,10.0,8.61,0.3,2.5
185.5,139.0,3.94,0.0,-6.41,-4.193818498361386,0.0,0.0,0.0,0.0,10.0,7.52,2.19,1.96
186.0,139.0,3.53,0.0,-5.82,-4.145921427698906,0.0,0.0,0.0,0.0,10.0,6.81,1.44,2.18
186.5,139.0,3.42,0.0,-5.26,-4.193239049049724,0.0,0.0,0.0,0.0,10.0,6.27,1.14,1.76
187.0,139.0,3.42,0.0,-5.26,-4.193239049049724,0.0,0.0,0.0,0.0,10.0,6.27,1.14,0.0
187.5,139.0,3.05,0.0,-4.17,-4.230379655532164,0.0,0.0,0.0,0.0,10.0,5.17,2.3,1.9
188.0,139.0,2.95,0.0,-3.95,-4.211428870514009,0.0,0.0,0.0,0.0,10.0,4.93,0.48,2.0
188.5,139.0,2.89,0.0,-2.88,-4.181351611514391,0.0,0.0,0.0,0.0,10.0,4.08,2.14,1.63
189.0,139.0,2.87,0.0,-2.21,-4.141425459545769,0.0,0.0,0.0,0.0,10.0,3.62,1.34,1.6
189.5,139.0,2.89,0.0,-2.17,-3.560164496120081,0.0,0.0,0.0,0.0,10.0,3.61,0.09,1.11
190.0,139.0,2.84,0.0,-2.14,-3.595306700608987,0.0,0.0,0.0,0.0,10.0,3.56,0.12,2.6
190.5,139.0,1.97,0.0,-1.41,-3.6031833715232375,0.0,0.0,0.0,0.0,10.0,2.42,2.27,2.44
191.0,139.0,1.97,0.0,-1.41,-3.2158145253601034,0.0,0.0,0.0,0.0,10.0,2.42,0.0,0.0
191.5,139.0,1.97,0.0,-1.4,-3.580616264294951,0.0,0.0,0.0,0.0,10.0,2.42,0.02,1.57
192.0,139.0,1.44,0.0,-0.97,-3.5755478281471595,0.0,0.0,0.0,0.0,10.0,1.74,1.36,2.46
192.5,139.0,1.42,0.0,-0.96,-3.1310910074805434,0.0,0.0,0.0,0.0,10.0,1.71,0.04,2.68
193.0,139.0,1.42,0.0,-0.96,-3.187374385198857,0.0,0.0,0.0,0.0,10.0,1.71,0.0,0.0
193.5,139.0,1.25,0.0,-0.89,-3.2409682105398465,0.0,0.0,0.0,0.0,10.0,1.53,0.37,2.75
194.0,139.0,1.19,0.0,-0.88,-3.282262700642032,0.0,0.0,0.0,1.0,10.0,1.48,0.12,2.98
194.5,139.0,1.19,0.0,-0.88,-2.8144830451810163,1.0,0.0,0.0,0.0,10.0,1.48,0.0,0.0
195.0,139.0,0.88,0.0,-0.83,-2.9168308978472153,1.0,0.0,0.0,0.0,10.0,1.21,0.63,2.98
195.5,139.0,0.85,0.0,-0.83,-2.8662983800142237,1.0,1.0,0.0,0.0,10.0,1.19,0.06,3.14
196.0,139.0,0.85,0.0,-0.83,-3.126233756172243,1.0,1.0,0.0,0.0,10.0,1.19,0.0,0.0
196.5,139.0,0.8,0.0,-0.83,-3.177598796058436,1.0,1.0,0.0,0.0,10.0,1.15,0.1,3.14
197.0,139.0,0.69,0.0,-0.82,-2.6737937995070054,1.0,0.0,0.0,0.0,10.0,1.07,0.22,3.05
197.5,139.0,0.69,0.0,-0.82,-2.6737937995070054,1.0,0.0,0.0,0.0,10.0,1.07,0.22,0.0
198.0,139.0,0.43,0.0,-0.86,-2.77445740944503,1.0,1.0,0.0,0.0,10.0,0.96,0.53,-2.99
198.5,139.0,0.4,0.0,-0.86,-3.5065968507178717,1.0,1.0,0.0,0.0,10.0,0.95,0.06,3.14
199.0,139.0,0.43,0.0,-0.9,-3.769972270831571,1.0,1.0,0.0,1.0,10.0,1.0,0.1,-0.93
199.5,139.0,0.43,0.0,-0.9,-3.3892548744477886,1.0,0.0,0.0,0.0,10.0,1.0,0.0,0.0
200.0,139.0,0.43,0.0,-0.9,-3.3907855282017874,0.0,1.0,0.0,1.0,10.0,1.0,0.0,0.0
200.5,139.0,0.44,0.0,-0.92,-2.852868071420127,1.0,1.0,0.0,0.0,10.0,1.02,0.04,-1.11
201.0,139.0,0.3,0.0,-0.94,-2.784618716350141,1.0,1.0,0.0,0.0,10.0,0.99,0.28,-3.0
201.5,139.0,0.12,0.0,-0.93,-3.440965489525877,0.0,1.0,0.0,1.0,10.0,0.94,0.36,3.09
202.0,139.0,0.09,0.0,-0.9,-4.073687485946617,1.0,0.0,1.0,0.0,10.0,0.9,0.08,2.36
202.5,139.0,0.08,0.0,-0.87,-4.593617579457224,1.0,0.0,1.0,0.0,10.0,0.87,0.06,1.89
203.0,139.0,0.07,0.0,-0.94,-4.613016914093141,1.0,0.0,1.0,1.0,10.0,0.94,0.14,-1.71
203.5,139.0,0.08,0.0,-0.61,-4.508534523751752,1.0,0.0,0.0,1.0,10.0,0.62,0.66,1.54
204.0,139.0,0.07,0.0,-0.5,-4.518062276138389,1.0,0.0,0.0,0.0,10.0,0.5,0.22,1.66
204.5,139.0,0.1,0.0,-0.46,-4.557040714323178,0.0,0.0,1.0,1.0,10.0,0.47,0.1,0.93
205.0,139.0,0.13,0.0,0.65,-4.5574595933436575,0.0,0.0,0.0,0.0,10.0,0.66,2.22,1.54
205.5,,,,,,,,,,,,,
206.0,,,,,,,,,,,,,
206.5,,,,,,,,,,,,,
207.0,,,,,,,,,,,,,
207.5,,,,,,,,,,,,,
208.0,,,,,,,,,,,,,
208.5,139.0,-0.23,0.0,-10.0,1.536942594172983,0.0,1.0,0.0,0.0,11.0,10.0,,
209.0,139.0,-0.22,0.0,-10.04,-4.093303241409781,1.0,0.0,0.0,0.0,11.0,10.04,0.08,-1.33
209.5,139.0,-0.6,0.0,-9.32,-4.114505501163008,0.0,1.0,0.0,0.0,11.0,9.34,1.63,2.06
210.0,139.0,-0.84,0.0,-8.95,-4.066861503242067,0.0,1.0,0.0,0.0,11.0,8.99,0.88,2.15
210.5,139.0,-1.07,0.0,-8.28,-4.130304221552061,0.0,1.0,0.0,0.0,11.0,8.35,1.42,1.9
211.0,139.0,-1.46,0.0,-7.21,-4.481623292015251,0.0,0.0,0.0,0.0,11.0,7.36,2.28,1.92
211.5,139.0,-1.46,0.0,-7.21,-4.481623292015251,0.0,0.0,0.0,0.0,11.0,7.36,2.28,0.0
212.0,139.0,-1.51,0.0,-7.06,-4.197949692700858,0.0,0.0,0.0,0.0,11.0,7.22,0.32,1.89
212.5,139.0,-1.87,0.0,-5.88,-4.265492189423786,0.0,0.0,0.0,0.0,11.0,6.17,2.47,1.87
213.0,139.0,-1.89,0.0,-5.78,-4.265366525717642,0.0,0.0,0.0,0.0,11.0,6.08,0.2,1.77
213.5,139.0,-1.97,0.0,-4.49,-4.288003446116009,0.0,0.0,0.0,0.0,11.0,4.9,2.58,1.63
214.0,139.0,-1.97,0.0,-4.43,-4.221811834234123,0.0,0.0,0.0,0.0,11.0,4.85,0.12,1.57
214.5,139.0,-2.27,0.0,-3.18,-4.243858833345316,0.0,0.0,0.0,0.0,11.0,3.91,2.57,1.81
215.0,139.0,-2.39,0.0,-2.93,-4.207925994705257,0.0,0.0,0.0,0.0,11.0,3.78,0.55,2.02
215.5,139.0,-2.53,0.0,-1.78,-4.224560727806015,0.0,0.0,0.0,0.0,11.0,3.09,2.32,1.69
216.0,139.0,-2.58,0.0,-1.65,1.1228994621725998,0.0,0.0,0.0,0.0,11.0,3.06,0.28,1.94
216.5,139.0,-2.65,0.0,-1.64,0.5947483442863241,0.0,0.0,0.0,0.0,11.0,3.12,0.14,3.0
217.0,139.0,-1.68,0.0,-1.51,0.6278881325244169,0.0,0.0,0.0,0.0,11.0,2.26,1.96,0.13
217.5,139.0,-1.25,0.0,-1.27,0.7233297173404747,0.0,0.0,0.0,0.0,11.0,1.78,0.98,0.51
218.0,139.0,-0.82,0.0,-1.05,0.7252986232696496,1.0,1.0,0.0,0.0,11.0,1.33,0.97,0.47
218.5,139.0,-0.68,0.0,-0.93,0.7386674962740757,1.0,1.0,0.0,0.0,11.0,1.15,0.37,0.71
219.0,139.0,-0.72,0.0,-0.96,0.6788234723487689,1.0,1.0,0.0,0.0,11.0,1.2,0.1,-2.5
219.5,139.0,-0.73,0.0,-0.98,0.7088195735381695,1.0,1.0,0.0,0.0,11.0,1.22,0.04,-2.03
220.0,139.0,-0.38,0.0,-0.93,0.20759522081873708,1.0,0.0,0.0,0.0,11.0,1.0,0.71,0.14
220.5,139.0,-0.55,0.0,-0.97,0.5703685380969161,1.0,0.0,0.0,0.0,11.0,1.12,0.35,-2.91
221.0,139.0,-0.35,0.0,-0.99,0.6624678173954048,0.0,1.0,0.0,0.0,11.0,1.05,0.4,-0.1
221.5,139.0,0.05,0.02,-0.72,0.8579968789634044,0.0,1.0,0.0,0.0,11.0,0.72,0.97,0.59
222.0,139.0,0.25,0.0,-0.62,1.1979432094876747,0.0,0.0,1.0,0.0,11.0,0.67,0.45,0.46
222.5,139.0,0.3,0.01,-0.32,1.3601225197085667,0.0,0.0,1.0,1.0,11.0,0.44,0.61,1.41
223.0,139.0,0.43,0.01,0.04,1.3143940206416893,0.0,0.0,0.0,1.0,11.0,0.43,0.77,1.22
223.5,,,,,,,,,,,,,
224.0,,,,,,,,,,,,,
224.5,,,,,,,,,,,,,
225.0,,,,,,,,,,,,,
225.5,,,,,,,,,,,,,
226.0,,,,,,,,,,,,,
226.5,,,,,,,,,,,,,
227.0,139.0,-3.45,0.0,-9.39,1.006149152518943,0.0,0.0,0.0,0.0,12.0,10.0,,
227.5,139.0,-3.34,0.0,-9.33,0.9559081046710344,0.0,0.0,0.0,1.0,12.0,9.91,0.25,0.5
228.0,139.0,-2.89,0.0,-9.01,1.1578032546856833,0.0,0.0,0.0,0.0,12.0,9.46,1.1,0.62
228.5,139.0,-2.88,0.0,-9.0,-4.661432347543463,0.0,0.0,0.0,0.0,12.0,9.45,0.03,0.79
229.0,139.0,-2.76,0.0,-8.26,1.4407490691552884,0.0,0.0,0.0,0.0,12.0,8.71,1.5,1.41
229.5,139.0,-2.75,0.0,-8.23,1.430031997056465,0.0,0.0,0.0,0.0,12.0,8.68,0.06,1.25
230.0,139.0,-2.57,0.0,-6.98,1.355948390269497,0.0,0.0,0.0,0.0,12.0,7.44,2.53,1.43
230.5,139.0,-2.57,0.0,-6.71,1.4071127521982958,0.0,0.0,0.0,0.0,12.0,7.19,0.54,1.57
231.0,139.0,-2.29,0.0,-5.7,1.3591786456490882,0.0,0.0,0.0,0.0,12.0,6.14,2.1,1.3
231.5,139.0,-2.29,0.0,-5.08,1.3784268347717823,0.0,0.0,0.0,0.0,12.0,5.57,1.24,1.57
232.0,139.0,-2.07,0.0,-4.26,1.321379177374021,0.0,0.0,0.0,0.0,12.0,4.74,1.7,1.31
232.5,139.0,-1.87,0.0,-3.22,1.3292244323617355,0.0,0.0,0.0,0.0,12.0,3.72,2.12,1.38
233.0,139.0,-1.68,0.0,-2.8,1.3648834288421567,0.0,0.0,0.0,1.0,12.0,3.27,0.92,1.15
233.5,139.0,-1.62,0.0,-1.48,1.4306558126377127,0.0,1.0,0.0,0.0,12.0,2.19,2.64,1.53
234.0,139.0,-1.6,0.0,-1.22,0.8909230389010531,1.0,0.0,0.0,0.0,12.0,2.01,0.52,1.49
234.5,139.0,-1.58,0.0,-1.19,0.3775541616474686,0.0,0.0,0.0,0.0,12.0,1.98,0.07,0.98
235.0,139.0,-1.05,0.0,-1.06,0.37815036611994984,1.0,1.0,0.0,0.0,12.0,1.49,1.09,0.24
235.5,139.0,-1.0,0.0,-1.05,0.4466225997354158,1.0,1.0,0.0,0.0,12.0,1.45,0.1,0.2
236.0,139.0,-0.85,0.0,-1.0,0.4453945860737124,1.0,1.0,0.0,0.0,12.0,1.31,0.32,0.32
236.5,139.0,-0.81,0.0,-1.09,0.5038266386341559,1.0,1.0,0.0,0.0,12.0,1.36,0.2,-1.15
237.0,139.0,-0.81,0.0,-1.09,0.554346241030683,0.0,1.0,0.0,0.0,12.0,1.36,0.0,0.0
237.5,139.0,-0.81,0.0,-1.09,0.554346241030683,0.0,1.0,0.0,0.0,12.0,1.36,0.0,0.0
238.0,139.0,-0.81,0.0,-1.09,0.46988295174259465,0.0,1.0,0.0,0.0,12.0,1.36,0.0,0.0
238.5,139.0,-0.83,0.0,-1.12,0.9633789865341961,0.0,1.0,0.0,0.0,12.0,1.39,0.07,-2.16
239.0,139.0,-0.84,0.0,-1.12,0.9726180614625531,0.0,1.0,0.0,0.0,12.0,1.4,0.02,3.14
239.5,139.0,-0.84,0.0,-1.14,0.6958800515297339,0.0,1.0,0.0,0.0,12.0,1.42,0.04,-1.57
240.0,139.0,-0.72,0.0,-1.08,0.30610125473544664,0.0,1.0,0.0,0.0,12.0,1.3,0.27,0.46
240.5,139.0,-0.56,0.0,-1.04,0.510403388321521,0.0,1.0,0.0,0.0,12.0,1.18,0.33,0.24
241.0,139.0,-0.4,0.0,-0.95,0.6898647742627354,0.0,1.0,0.0,0.0,12.0,1.03,0.37,0.51
241.5,139.0,-0.39,0.0,-0.96,1.2004493277606134,0.0,1.0,1.0,0.0,12.0,1.04,0.03,-0.79
242.0,139.0,-0.26,0.0,-0.85,0.803991330451869,1.0,0.0,0.0,1.0,12.0,0.89,0.34,0.7
242.5,139.0,-0.26,0.01,-0.85,0.8983413863537297,0.0,0.0,1.0,1.0,12.0,0.89,0.0,0.0
243.0,139.0,-0.25,0.0,-0.84,0.7961916285576316,0.0,0.0,1.0,1.0,12.0,0.88,0.03,0.79
243.5,139.0,-0.25,0.02,-0.84,0.51683928993825,0.0,0.0,1.0,1.0,12.0,0.88,0.0,0.0
244.0,139.0,-0.25,0.02,-0.84,0.5581562947877865,0.0,0.0,1.0,1.0,12.0,0.88,0.0,0.0
244.5,139.0,0.12,0.02,-0.2,0.919570000578662,0.0,0.0,1.0,0.0,12.0,0.23,1.48,1.05
245.0,,,,,,,,,,,,,
245.5,,,,,,,,,,,,,
246.0,,,,,,,,,,,,,
246.5,,,,,,,,,,,,,
247.0,,,,,,,,,,,,,
247.5,,,,,,,,,,,,,
248.0,,,,,,,,,,,,,
248.5,139.0,4.59,0.0,-8.89,-4.241952933802138,0.0,0.0,0.0,0.0,13.0,10.01,,
249.0,139.0,4.23,0.0,-7.81,-4.31977192916081,0.0,0.0,0.0,0.0,13.0,8.88,2.28,1.89
249.5,139.0,4.27,0.0,-7.76,-4.302020185338775,0.0,0.0,0.0,0.0,13.0,8.86,0.13,0.9
250.0,139.0,4.03,0.0,-6.85,-4.29056908011644,0.0,0.0,0.0,0.0,13.0,7.95,1.88,1.83
250.5,139.0,4.03,0.0,-6.85,-4.29056908011644,0.0,0.0,0.0,0.0,13.0,7.95,1.88,0.0
251.0,139.0,3.86,0.0,-6.63,-4.3197230599417535,0.0,0.0,0.0,0.0,13.0,7.67,0.56,2.23
251.5,139.0,3.35,0.0,-5.46,-4.203648192708618,0.0,0.0,0.0,0.0,13.0,6.41,2.55,1.98
252.0,139.0,3.06,0.0,-5.18,-4.1235934305781425,0.0,0.0,0.0,0.0,13.0,6.02,0.81,2.37
252.5,139.0,2.89,0.0,-4.17,-4.140078065363229,0.0,0.0,0.0,0.0,13.0,5.07,2.05,1.74
253.0,139.0,2.56,0.0,-3.14,-4.114545643735805,0.0,0.0,0.0,0.0,13.0,4.05,2.16,1.88
253.5,139.0,2.6,0.0,-2.9,-4.042034194632448,0.0,0.0,0.0,0.0,13.0,3.89,0.49,1.41
254.0,139.0,2.24,0.0,-1.75,-3.952422009518051,0.0,0.0,0.0,0.0,13.0,2.84,2.41,1.87
254.5,139.0,2.25,0.0,-1.71,-3.613437180878704,0.0,0.0,0.0,0.0,13.0,2.83,0.08,1.33
255.0,139.0,2.06,0.0,-1.47,-3.650199050913461,0.0,0.0,0.0,0.0,13.0,2.53,0.61,2.24
255.5,139.0,1.99,0.0,-1.07,-3.60193371577881,0.0,0.0,0.0,0.0,13.0,2.26,0.81,1.74
256.0,139.0,1.99,0.0,-1.07,-3.724021242285065,0.0,0.0,0.0,0.0,13.0,2.26,0.0,0.0
256.5,139.0,1.97,0.0,-1.06,-2.790076360921127,0.0,0.0,0.0,0.0,13.0,2.24,0.04,2.68
257.0,139.0,1.98,0.0,-1.07,-3.420330461779548,0.0,0.0,0.0,0.0,13.0,2.25,0.03,-0.79
257.5,139.0,1.97,0.0,-1.06,-2.91164552463954,0.0,0.0,0.0,0.0,13.0,2.24,0.03,2.36
258.0,139.0,1.84,0.0,-1.05,-2.9845514181538477,0.0,0.0,0.0,0.0,13.0,2.12,0.26,3.06
258.5,139.0,1.35,0.0,-0.92,-3.055609007990293,0.0,0.0,0.0,0.0,13.0,1.63,1.01,2.88
259.0,139.0,1.33,0.0,-0.91,-2.989509898558763,0.0,0.0,0.0,0.0,13.0,1.61,0.04,2.68
259.5,139.0,1.14,0.0,-0.83,-3.0285005540483168,0.0,1.0,0.0,0.0,13.0,1.41,0.41,2.74
260.0,139.0,1.14,0.0,-0.83,-3.0201718428577995,0.0,0.0,0.0,0.0,13.0,1.41,0.0,0.0
260.5,139.0,1.13,0.0,-0.83,-2.7343410165879405,1.0,0.0,0.0,0.0,13.0,1.4,0.02,3.14
261.0,139.0,0.66,0.0,-0.92,-2.8407537410820347,1.0,0.0,0.0,0.0,13.0,1.13,0.96,-2.95
261.5,139.0,0.64,0.0,-0.93,-3.607887033857362,1.0,0.0,0.0,1.0,13.0,1.13,0.04,-2.68
262.0,139.0,0.66,0.0,-0.94,-2.9496046905411655,1.0,0.0,0.0,0.0,13.0,1.15,0.04,-0.46
262.5,139.0,0.48,0.0,-0.93,-2.9703566553473775,1.0,0.0,0.0,0.0,13.0,1.05,0.36,3.09
263.0,139.0,0.49,0.0,-0.96,-3.1864807766218357,1.0,0.0,0.0,1.0,13.0,1.08,0.06,-1.25
263.5,139.0,0.49,0.0,-0.96,-3.1864807766218357,1.0,0.0,0.0,1.0,13.0,1.08,0.06,0.0
264.0,139.0,0.48,0.0,-0.94,-3.7790514736004464,0.0,0.0,0.0,1.0,13.0,1.06,0.04,2.03
264.5,139.0,0.37,0.0,-0.91,-3.3451905468226877,0.0,0.0,0.0,1.0,13.0,0.98,0.23,2.88
265.0,139.0,0.05,0.0,-0.85,-3.3906284485691085,0.0,0.0,1.0,0.0,13.0,0.85,0.65,2.96
265.5,139.0,0.07,0.0,-0.84,-4.308388891779303,0.0,0.0,1.0,0.0,13.0,0.84,0.04,0.46
266.0,139.0,0.06,0.0,-0.81,1.5085954800608667,0.0,0.0,1.0,0.0,13.0,0.81,0.06,1.89
266.5,139.0,0.06,0.0,-0.81,1.5598213788084325,0.0,0.0,1.0,0.0,13.0,0.81,0.0,0.0
267.0,139.0,0.06,0.0,-0.81,-4.707854614988009,0.0,0.0,1.0,0.0,13.0,0.81,0.0,0.0
267.5,139.0,0.07,-0.01,-0.77,-4.683632935628831,0.0,0.0,1.0,0.0,13.0,0.77,0.08,1.33
268.0,139.0,-0.14,-0.03,0.13,-4.666998202528073,0.0,0.0,0.0,0.0,13.0,0.19,1.85,1.8
268.5,,,,,,,,,,,,,
269.0,,,,,,,,,,,,,
269.5,,,,,,,,,,,,,
270.0,,,,,,,,,,,,,
270.5,,,,,,,,,,,,,
271.0,,,,,,,,,,,,,
271.5,,,,,,,,,,,,,
272.0,139.0,1.23,0.0,-9.92,-4.634103982115736,0.0,0.0,0.0,0.0,14.0,10.0,,
272.5,139.0,1.52,0.0,-8.81,-4.695677452796844,0.0,0.0,0.0,0.0,14.0,8.94,2.29,1.32
273.0,139.0,1.55,0.0,-8.69,-4.59117237317518,0.0,0.0,0.0,0.0,14.0,8.83,0.25,1.33
273.5,139.0,1.61,0.0,-7.59,-4.5947660061050355,0.0,0.0,0.0,0.0,14.0,7.76,2.2,1.52
274.0,139.0,1.68,0.0,-7.32,-4.561637911572931,0.0,0.0,0.0,0.0,14.0,7.51,0.56,1.32
274.5,139.0,1.63,0.0,-6.15,-4.538002662842424,0.0,0.0,0.0,0.0,14.0,6.36,2.34,1.61
275.0,139.0,1.63,0.0,-6.15,-4.538002662842424,0.0,0.0,0.0,0.0,14.0,6.36,2.34,0.0
275.5,139.0,1.69,0.0,-5.87,-4.46799576121568,0.0,0.0,0.0,0.0,14.0,6.11,0.57,1.36
276.0,139.0,1.79,0.0,-4.88,-4.395150954225192,0.0,0.0,0.0,0.0,14.0,5.2,1.99,1.47
276.5,139.0,1.92,0.0,-4.43,-4.267834421279963,0.0,0.0,0.0,0.0,14.0,4.83,0.94,1.29
277.0,139.0,2.01,0.0,-3.22,-4.2798789384479745,0.0,0.0,0.0,0.0,14.0,3.8,2.43,1.5
277.5,139.0,2.14,0.0,-2.95,-4.183809035101199,0.0,0.0,0.0,0.0,14.0,3.64,0.6,1.12
278.0,139.0,1.81,0.0,-2.14,-4.136421600580301,0.0,0.0,0.0,0.0,14.0,2.8,1.75,1.96
278.5,139.0,1.74,0.0,-1.95,-3.969133537105897,0.0,0.0,0.0,0.0,14.0,2.61,0.4,1.92
279.0,139.0,1.05,0.0,-1.49,-3.876704390578781,1.0,0.0,1.0,0.0,14.0,1.82,1.66,2.55
279.5,139.0,1.05,0.0,-1.49,-3.890241164257249,1.0,0.0,1.0,0.0,14.0,1.82,0.0,0.0
280.0,139.0,0.91,0.0,-1.18,-3.9134313540284973,0.0,0.0,0.0,1.0,14.0,1.49,0.68,1.99
280.5,139.0,0.88,0.0,-0.98,-3.462597100275094,1.0,0.0,0.0,1.0,14.0,1.32,0.4,1.72
281.0,139.0,0.87,0.0,-0.96,-3.0566178082979456,1.0,0.0,1.0,0.0,14.0,1.3,0.04,2.03
281.5,139.0,0.83,0.0,-0.95,-3.1249090512699795,1.0,0.0,0.0,1.0,14.0,1.26,0.08,2.9
282.0,139.0,0.63,0.0,-0.85,-3.2120219248955206,1.0,0.0,0.0,1.0,14.0,1.06,0.45,2.68
282.5,139.0,0.59,0.0,-0.83,-3.2985570945386513,1.0,0.0,0.0,1.0,14.0,1.02,0.09,2.68
283.0,139.0,0.59,0.0,-0.83,-3.2881147896239695,1.0,0.0,0.0,0.0,14.0,1.02,0.0,0.0
283.5,139.0,0.57,0.0,-0.86,-3.2807355375465375,1.0,0.0,0.0,1.0,14.0,1.03,0.07,-2.16
284.0,139.0,0.61,0.0,-0.85,-3.2948185992808794,1.0,0.0,0.0,1.0,14.0,1.05,0.08,0.24
284.5,139.0,0.4,0.0,-0.92,-3.2793183301939175,1.0,1.0,0.0,1.0,14.0,1.0,0.44,-2.82
285.0,139.0,0.46,0.0,-0.92,-3.354301165518098,1.0,0.0,0.0,1.0,14.0,1.03,0.12,0.0
285.5,139.0,0.62,0.0,-0.99,-3.429507402986534,0.0,0.0,0.0,1.0,14.0,1.17,0.35,-0.41
286.0,139.0,0.37,0.0,-0.93,-3.5303734711177905,1.0,0.0,0.0,1.0,14.0,1.0,0.51,2.91
286.5,139.0,0.35,0.0,-0.92,-3.554115184932669,1.0,0.0,1.0,1.0,14.0,0.98,0.04,2.68
287.0,139.0,0.35,0.0,-0.92,-3.554115184932669,1.0,0.0,1.0,1.0,14.0,0.98,0.04,0.0
287.5,139.0,0.34,0.0,-0.9,-3.5668630697892354,1.0,0.0,1.0,0.0,14.0,0.96,0.04,2.03
288.0,139.0,0.07,0.0,-0.87,-3.5776823658223487,1.0,1.0,0.0,1.0,14.0,0.87,0.54,3.03
288.5,139.0,-0.01,0.0,-0.83,-4.0930012994491864,1.0,1.0,0.0,1.0,14.0,0.83,0.18,2.68
289.0,139.0,-0.05,0.0,-0.57,-4.6818125572190015,0.0,0.0,0.0,1.0,14.0,0.57,0.53,1.72
289.5,139.0,-0.02,-0.03,-0.58,-4.615750099701764,0.0,0.0,0.0,1.0,14.0,0.58,0.06,-0.32
290.0,139.0,-0.09,-0.03,-0.09,-4.661303193178815,1.0,1.0,1.0,0.0,14.0,0.13,0.99,1.71
290.5,,,,,,,,,,,,,
291.0,,,,,,,,,,,,,
291.5,,,,,,,,,,,,,
292.0,,,,,,,,,,,,,
292.5,,,,,,,,,,,,,
293.0,,,,,,,,,,,,,
293.5,,,,,,,,,,,,,
294.0,,,,,,,,,,,,,
294.5,139.0,-0.09,0.0,-10.0,-4.6957053780648765,1.0,0.0,0.0,0.0,15.0,10.0,,
295.0,139.0,-0.05,0.0,-8.88,1.5090029969879148,0.0,0.0,0.0,0.0,15.0,8.88,2.24,1.54
295.5,139.0,-0.05,0.0,-8.81,1.5019724966016164,0.0,0.0,0.0,0.0,15.0,8.81,0.14,1.57
296.0,139.0,0.28,0.0,-7.8,1.5069108010003793,0.0,0.0,0.0,0.0,15.0,7.81,2.13,1.25
296.5,139.0,0.29,0.0,-7.74,-4.667294908500912,0.0,0.0,0.0,0.0,15.0,7.75,0.12,1.41
297.0,139.0,0.54,0.0,-6.49,-4.673461156748209,0.0,0.0,0.0,0.0,15.0,6.51,2.55,1.37
297.5,139.0,0.54,0.0,-6.49,-4.673461156748209,0.0,0.0,0.0,0.0,15.0,6.51,2.55,0.0
298.0,139.0,0.56,0.0,-6.37,-4.663711747546568,0.0,0.0,0.0,0.0,15.0,6.39,0.24,1.41
298.5,139.0,0.7,0.0,-5.28,-4.662441147851116,0.0,0.0,0.0,0.0,15.0,5.33,2.2,1.44
299.0,139.0,0.84,0.0,-5.02,-4.547369844937878,0.0,0.0,0.0,0.0,15.0,5.09,0.59,1.08
299.5,139.0,1.02,0.0,-4.15,-4.543828571885581,0.0,0.0,0.0,0.0,15.0,4.27,1.78,1.37
300.0,139.0,1.21,0.0,-3.75,-4.27387151516261,0.0,0.0,0.0,0.0,15.0,3.94,0.89,1.13
300.5,139.0,1.6,0.0,-3.0,-4.223208097635719,0.0,0.0,0.0,0.0,15.0,3.4,1.69,1.09
301.0,139.0,1.94,0.0,-2.7,-4.180786124836745,0.0,0.0,0.0,0.0,15.0,3.32,0.91,0.72
301.5,139.0,1.99,0.0,-2.04,-4.077743631128252,0.0,0.0,0.0,0.0,15.0,2.85,1.32,1.5
302.0,139.0,2.05,0.0,-1.66,-3.9774500309916494,0.0,0.0,0.0,0.0,15.0,2.64,0.77,1.41
302.5,139.0,2.07,0.0,-1.33,-3.9852027835290085,0.0,0.0,0.0,0.0,15.0,2.46,0.66,1.51
303.0,139.0,2.07,0.0,-1.32,-3.9236537474574287,0.0,0.0,0.0,0.0,15.0,2.46,0.02,1.57
303.5,139.0,2.05,0.0,-1.31,-3.1713068841049963,0.0,0.0,0.0,0.0,15.0,2.43,0.04,2.68
304.0,139.0,2.05,0.0,-1.31,-2.9301006361501285,0.0,0.0,0.0,0.0,15.0,2.43,0.0,0.0
304.5,139.0,2.05,0.0,-1.31,-2.8740389152468184,0.0,0.0,0.0,0.0,15.0,2.43,0.0,0.0
305.0,139.0,1.48,0.0,-0.87,-3.314479733304596,1.0,0.0,0.0,0.0,15.0,1.72,1.44,2.48
305.5,139.0,1.45,0.0,-0.84,-2.774242733947035,1.0,0.0,0.0,0.0,15.0,1.68,0.08,2.36
306.0,139.0,0.86,0.0,-0.82,-2.9312612801027043,1.0,0.0,0.0,0.0,15.0,1.19,1.18,3.11
306.5,139.0,0.85,0.0,-0.82,-3.004284110676895,1.0,0.0,0.0,1.0,15.0,1.18,0.02,3.14
307.0,139.0,0.91,0.0,-0.84,-3.0063732697915326,1.0,0.0,0.0,1.0,15.0,1.24,0.13,-0.32
307.5,139.0,0.8,0.0,-0.83,-2.9360469729116727,1.0,0.0,0.0,1.0,15.0,1.15,0.22,3.05
308.0,139.0,0.8,0.0,-0.83,-3.0318027169930897,1.0,0.0,0.0,1.0,15.0,1.15,0.0,0.0
308.5,139.0,0.69,0.0,-0.83,-3.1169922377829336,1.0,0.0,1.0,1.0,15.0,1.08,0.22,3.14
309.0,139.0,0.56,0.0,-0.86,-2.6489944161654173,1.0,0.0,1.0,1.0,15.0,1.03,0.27,-2.91
309.5,139.0,0.56,0.0,-0.86,-2.6489944161654173,1.0,0.0,1.0,1.0,15.0,1.03,0.27,0.0
310.0,139.0,0.55,0.0,-0.86,-2.3966285329732973,1.0,0.0,1.0,1.0,15.0,1.02,0.02,3.14
310.5,139.0,0.55,0.0,-0.86,-2.4132126515257477,1.0,0.0,0.0,0.0,15.0,1.02,0.0,0.0
311.0,139.0,0.54,0.0,-0.86,-3.4746503440893672,0.0,0.0,0.0,1.0,15.0,1.02,0.02,3.14
311.5,139.0,0.52,0.0,-0.85,-3.7647886429531487,0.0,0.0,0.0,1.0,15.0,1.0,0.04,2.68
312.0,139.0,0.54,0.0,-0.86,-3.1530524854583883,1.0,0.0,0.0,0.0,15.0,1.02,0.04,-0.46
312.5,139.0,0.35,0.0,-0.82,-2.690081212086616,1.0,0.0,0.0,0.0,15.0,0.89,0.39,2.93
313.0,139.0,0.35,0.0,-0.82,-2.7293598469027485,1.0,0.0,0.0,0.0,15.0,0.89,0.0,0.0
313.5,139.0,0.33,0.0,-0.81,-3.737009982578406,1.0,0.0,0.0,0.0,15.0,0.87,0.04,2.68
314.0,139.0,0.32,0.0,-0.8,-4.290370112581713,0.0,0.0,0.0,1.0,15.0,0.86,0.03,2.36
314.5,139.0,0.34,-0.01,-0.82,-4.47972262845983,0.0,0.0,0.0,1.0,15.0,0.89,0.06,-0.79
315.0,139.0,0.36,-0.02,-0.84,-4.695611130285268,0.0,0.0,0.0,1.0,15.0,0.91,0.06,-0.79
315.5,139.0,0.36,-0.02,-0.84,-4.421186030677192,1.0,0.0,0.0,0.0,15.0,0.91,0.0,0.0
316.0,139.0,0.36,-0.02,-0.84,-4.409164202789455,1.0,0.0,0.0,0.0,15.0,0.91,0.0,0.0
316.5,139.0,0.51,-0.02,-0.86,-3.63628354078731,1.0,0.0,1.0,0.0,15.0,1.0,0.3,-0.13
317.0,139.0,0.54,-0.02,-0.86,-2.6533036340885916,0.0,1.0,0.0,1.0,15.0,1.02,0.06,0.0
317.5,139.0,0.36,-0.02,-0.84,-2.6807035580156504,0.0,1.0,0.0,0.0,15.0,0.91,0.36,3.03
318.0,139.0,-0.04,-0.02,-0.98,-2.9249868214417853,0.0,0.0,1.0,0.0,15.0,0.98,0.85,-2.8
318.5,139.0,-0.18,-0.02,-1.01,-4.072687412285224,1.0,1.0,0.0,0.0,15.0,1.03,0.29,-2.93
319.0,139.0,-0.2,-0.02,-0.98,-4.5746772664145805,1.0,1.0,1.0,0.0,15.0,1.0,0.07,2.16
319.5,139.0,-0.2,-0.02,-0.94,1.3730648342438054,0.0,1.0,0.0,0.0,15.0,0.96,0.08,1.57
320.0,139.0,-0.24,-0.02,-0.84,1.4083280947696295,0.0,1.0,0.0,0.0,15.0,0.87,0.22,1.95
320.5,139.0,-0.24,-0.02,-0.84,1.4274461870498802,0.0,1.0,1.0,0.0,15.0,0.87,0.0,0.0
321.0,139.0,-0.24,-0.02,-0.89,-4.58180868173823,0.0,1.0,1.0,0.0,15.0,0.92,0.1,-1.57
321.5,139.0,-0.24,-0.02,-0.86,0.9856586380346792,1.0,0.0,1.0,0.0,15.0,0.89,0.06,1.57
322.0,139.0,-0.27,-0.02,-0.91,0.9855970279120839,1.0,0.0,1.0,0.0,15.0,0.95,0.12,-2.11
322.5,139.0,-0.27,-0.02,-0.91,1.146655487687345,1.0,0.0,1.0,0.0,15.0,0.95,0.0,0.0
323.0,139.0,-0.29,-0.02,-0.9,1.0442671433824993,1.0,0.0,0.0,0.0,15.0,0.95,0.04,2.68
323.5,139.0,-0.28,-0.02,-0.87,1.0614956374947857,1.0,0.0,0.0,0.0,15.0,0.91,0.06,1.25
324.0,139.0,-0.27,0.0,-0.71,0.937166584630194,1.0,1.0,0.0,0.0,15.0,0.76,0.32,1.51
324.5,139.0,-0.27,-0.02,-0.74,0.8483464299303523,1.0,0.0,0.0,0.0,15.0,0.79,0.06,-1.57
325.0,139.0,-0.27,-0.02,-0.74,0.5061498464014855,1.0,0.0,0.0,0.0,15.0,0.79,0.0,0.0
325.5,139.0,-0.3,0.0,-0.8,0.53851226499074,1.0,0.0,0.0,0.0,15.0,0.85,0.13,-2.03
326.0,139.0,-0.3,-0.02,-0.8,0.53851226499074,1.0,0.0,0.0,0.0,15.0,0.85,0.13,0.0
326.5,139.0,-0.3,-0.02,-0.8,0.6894629994689264,1.0,0.0,0.0,0.0,15.0,0.85,0.0,0.0
327.0,139.0,-0.3,-0.02,-0.8,0.8488717740352024,1.0,0.0,0.0,0.0,15.0,0.85,0.0,0.0
327.5,139.0,-0.29,-0.02,-1.03,1.1115223589105496,1.0,1.0,0.0,1.0,15.0,1.07,0.46,-1.53
328.0,139.0,-0.29,-0.02,-0.97,1.0703271780428023,1.0,1.0,0.0,1.0,15.0,1.01,0.12,1.57
328.5,139.0,-0.29,-0.02,-0.97,1.0935559395905199,1.0,1.0,0.0,1.0,15.0,1.01,0.0,0.0
329.0,139.0,-0.27,-0.02,-0.93,1.0654578839626632,1.0,1.0,1.0,0.0,15.0,0.97,0.09,1.11
329.5,139.0,-0.3,-0.02,-0.97,1.0178276741428127,1.0,1.0,0.0,1.0,15.0,1.02,0.1,-2.21
330.0,139.0,-0.29,-0.02,-0.93,1.0064236928102817,1.0,1.0,1.0,0.0,15.0,0.97,0.08,1.33
330.5,139.0,-0.29,-0.02,-0.87,0.8716179520447438,1.0,1.0,1.0,0.0,15.0,0.92,0.12,1.57
331.0,139.0,-0.29,-0.02,-0.87,0.9265172836662254,1.0,1.0,1.0,0.0,15.0,0.92,0.0,0.0
331.5,139.0,-0.29,-0.02,-0.87,1.0119933875192462,1.0,1.0,1.0,0.0,15.0,0.92,0.0,0.0
332.0,139.0,-0.29,-0.02,-0.87,1.3466204780822133,1.0,0.0,1.0,0.0,15.0,0.92,0.0,0.0
332.5,139.0,-0.29,-0.02,-0.87,1.35236714917733,1.0,0.0,1.0,0.0,15.0,0.92,0.0,0.0
333.0,139.0,-0.22,0.02,-0.73,1.0538291042224752,0.0,0.0,1.0,0.0,15.0,0.76,0.31,1.11
333.5,139.0,-0.17,0.0,-0.6,1.4727785138298475,1.0,0.0,1.0,0.0,15.0,0.62,0.28,1.2
334.0,139.0,-0.14,0.0,-0.46,1.1152271693137579,1.0,0.0,1.0,1.0,15.0,0.48,0.29,1.36
334.5,139.0,-0.14,0.0,-0.46,0.8918311337108658,1.0,1.0,0.0,0.0,15.0,0.48,0.0,0.0
335.0,139.0,-0.05,0.0,-0.41,0.915330770358493,1.0,0.0,1.0,0.0,15.0,0.41,0.21,0.51
335.5,139.0,-0.05,0.0,-0.41,0.9099008765226134,0.0,0.0,1.0,0.0,15.0,0.41,0.0,0.0
336.0,139.0,-0.05,0.0,-0.41,-4.443589076955791,0.0,0.0,1.0,0.0,15.0,0.41,0.0,0.0
336.5,139.0,-0.05,0.0,-0.41,1.3203201115839107,0.0,1.0,1.0,0.0,15.0,0.41,0.0,0.0
337.0,139.0,-0.05,0.0,-0.41,0.3083937447079411,1.0,1.0,1.0,0.0,15.0,0.41,0.0,0.0
337.5,139.0,-0.06,0.0,-0.47,-4.19221977676656,0.0,1.0,1.0,1.0,15.0,0.47,0.12,-1.74
338.0,139.0,-0.06,0.0,-0.48,-2.172301364214466,1.0,0.0,0.0,1.0,15.0,0.48,0.02,-1.57
338.5,139.0,-0.07,0.0,-0.48,-1.4053373683765822,1.0,0.0,0.0,1.0,15.0,0.49,0.02,3.14
339.0,139.0,-0.07,0.0,-0.48,-1.2880320440207913,1.0,0.0,0.0,1.0,15.0,0.49,0.0,0.0
339.5,139.0,-0.07,0.0,-0.48,-1.503283500669252,1.0,0.0,0.0,1.0,15.0,0.49,0.0,0.0
340.0,139.0,-0.07,0.0,-0.48,-1.7924793217369566,1.0,0.0,0.0,0.0,15.0,0.49,0.0,0.0
340.5,139.0,-0.07,0.0,-0.48,-1.7924793217369566,1.0,0.0,0.0,0.0,15.0,0.49,0.0,0.0
341.0,139.0,-0.07,0.0,-0.48,-2.1549615180959028,1.0,0.0,0.0,0.0,15.0,0.49,0.0,0.0
341.5,139.0,-0.07,0.0,-0.48,-1.377347523162349,0.0,1.0,0.0,0.0,15.0,0.49,0.0,0.0
342.0,139.0,-0.07,0.0,-0.48,-1.2772581265482303,0.0,0.0,1.0,0.0,15.0,0.49,0.0,0.0
342.5,139.0,-0.07,0.0,-0.48,-1.3910867550340482,1.0,1.0,1.0,0.0,15.0,0.49,0.0,0.0
343.0,139.0,-0.07,0.0,-0.48,-1.4670626827026136,1.0,0.0,1.0,0.0,15.0,0.49,0.0,0.0
343.5,139.0,-0.07,0.0,-0.48,-1.5857468171674798,1.0,0.0,1.0,0.0,15.0,0.49,0.0,0.0
344.0,139.0,-0.07,0.0,-0.48,-1.5666913123942061,1.0,1.0,1.0,0.0,15.0,0.49,0.0,0.0
344.5,139.0,-0.07,0.0,-0.48,-1.6686656646004785,1.0,0.0,1.0,0.0,15.0,0.49,0.0,0.0
345.0,139.0,-0.07,0.0,-0.48,-2.1374872816249355,1.0,0.0,1.0,1.0,15.0,0.49,0.0,0.0
345.5,139.0,-0.07,0.0,-0.48,-1.707958262050627,1.0,0.0,0.0,0.0,15.0,0.49,0.0,0.0
346.0,139.0,-0.07,0.0,-0.48,-1.4202599334811337,1.0,1.0,0.0,0.0,15.0,0.49,0.0,0.0
346.5,139.0,-0.07,0.0,-0.48,-1.4374828425398138,1.0,1.0,0.0,0.0,15.0,0.49,0.0,0.0
347.0,139.0,-0.05,0.0,-0.52,-1.0520792371144256,1.0,1.0,0.0,0.0,15.0,0.52,0.09,-1.11
347.5,139.0,0.01,0.0,-0.55,-0.21670880657387592,1.0,1.0,0.0,0.0,15.0,0.55,0.13,-0.46
348.0,139.0,0.01,0.0,-0.55,-0.21670880657387592,1.0,1.0,0.0,0.0,15.0,0.55,0.13,0.0
348.5,139.0,0.11,0.0,-0.5,1.0575482263255502,0.0,1.0,0.0,0.0,15.0,0.51,0.22,0.46
349.0,139.0,0.14,0.0,-0.46,1.4763664744396348,0.0,0.0,1.0,1.0,15.0,0.48,0.1,0.93
349.5,139.0,0.62,0.0,-0.18,1.4497614083605193,0.0,0.0,1.0,0.0,15.0,0.65,1.11,0.53
350.0,,,,,,,,,,,,,
350.5,,,,,,,,,,,,,
351.0,,,,,,,,,,,,,
351.5,,,,,,,,,,,,,
352.0,,,,,,,,,,,,,
352.5,,,,,,,,,,,,,
353.0,,,,,,,,,,,,,
353.5,,,,,,,,,,,,,
354.0,139.0,-3.58,0.0,-9.34,1.1934826715183529,0.0,1.0,0.0,0.0,16.0,10.0,,
354.5,139.0,-3.12,0.0,-8.78,1.228894529376692,0.0,0.0,0.0,0.0,16.0,9.32,1.45,0.88
355.0,139.0,-3.01,0.0,-8.67,1.0145316198504215,0.0,0.0,0.0,0.0,16.0,9.18,0.31,0.79
355.5,139.0,-2.48,0.0,-8.39,0.869142377033715,0.0,0.0,0.0,0.0,16.0,8.75,1.2,0.49
356.0,139.0,-2.27,0.0,-8.3,1.3224616305761077,0.0,0.0,0.0,0.0,16.0,8.6,0.46,0.4
356.5,139.0,-2.16,0.0,-8.2,1.3885214700994672,0.0,0.0,0.0,0.0,16.0,8.48,0.3,0.74
357.0,139.0,-1.82,0.0,-7.47,1.2635012668510859,0.0,0.0,0.0,0.0,16.0,7.69,1.61,1.13
357.5,139.0,-1.82,0.0,-7.47,1.2635012668510859,0.0,0.0,0.0,0.0,16.0,7.69,1.61,0.0
358.0,139.0,-1.15,0.0,-6.9,1.260581854611275,0.0,0.0,0.0,0.0,16.0,7.0,1.76,0.7
358.5,139.0,-1.03,0.0,-6.83,1.336230358512166,0.0,0.0,0.0,0.0,16.0,6.91,0.28,0.53
359.0,139.0,-0.27,0.0,-6.17,1.223876707777208,0.0,0.0,0.0,0.0,16.0,6.18,2.01,0.72
359.5,139.0,-0.18,0.0,-6.18,1.3862795946752806,0.0,0.0,0.0,0.0,16.0,6.18,0.18,-0.11
360.0,139.0,0.55,0.0,-5.4,1.3630321581045663,0.0,0.0,0.0,0.0,16.0,5.43,2.14,0.82
360.5,139.0,0.57,0.0,-5.37,-4.711638488806332,0.0,0.0,0.0,0.0,16.0,5.4,0.07,0.98
361.0,139.0,1.02,0.0,-4.63,-4.62110302451763,0.0,0.0,0.0,0.0,16.0,4.74,1.73,1.02
361.5,139.0,1.03,0.0,-4.62,-4.246647869490003,0.0,0.0,0.0,0.0,16.0,4.73,0.03,0.79
362.0,139.0,1.08,0.0,-4.1,-4.3611519403963435,0.0,0.0,0.0,0.0,16.0,4.24,1.04,1.47
362.5,139.0,1.09,0.0,-4.05,-4.5113602118107305,0.0,0.0,0.0,0.0,16.0,4.19,0.1,1.37
363.0,139.0,1.47,0.0,-3.44,-4.65062177815661,0.0,0.0,0.0,0.0,16.0,3.74,1.44,1.01
363.5,139.0,1.53,0.0,-3.33,-4.477760878380589,0.0,0.0,0.0,0.0,16.0,3.66,0.25,1.07
364.0,139.0,1.71,0.0,-2.68,-4.4343510492249845,0.0,0.0,0.0,0.0,16.0,3.18,1.35,1.3
364.5,139.0,1.96,0.0,-2.05,-4.215544356890212,0.0,0.0,0.0,0.0,16.0,2.84,1.36,1.19
365.0,139.0,1.99,0.0,-1.95,-3.4240899009883434,0.0,0.0,0.0,0.0,16.0,2.79,0.21,1.28
365.5,139.0,1.99,0.0,-1.95,-3.4240899009883434,0.0,0.0,0.0,0.0,16.0,2.79,0.21,0.0
366.0,139.0,1.99,0.0,-1.95,-3.5718774007302154,0.0,0.0,0.0,0.0,16.0,2.79,0.0,0.0
366.5,139.0,1.78,0.0,-1.51,-3.157811998328577,0.0,0.0,0.0,0.0,16.0,2.33,0.98,2.02
367.0,139.0,1.57,0.0,-1.22,-3.249335318973907,0.0,0.0,0.0,0.0,16.0,1.99,0.72,2.2
367.5,139.0,1.55,0.0,-1.2,-3.201223572813432,0.0,0.0,0.0,0.0,16.0,1.96,0.06,2.36
368.0,139.0,1.29,0.0,-1.01,-3.273464495882729,0.0,0.0,0.0,0.0,16.0,1.64,0.64,2.51
368.5,139.0,1.28,0.0,-1.0,-2.7853395373312146,0.0,0.0,0.0,1.0,16.0,1.62,0.03,2.36
369.0,139.0,0.91,0.0,-0.97,-2.914724285440058,1.0,0.0,0.0,1.0,16.0,1.33,0.74,3.06
369.5,139.0,0.79,0.0,-0.97,-3.051999667097168,1.0,0.0,0.0,0.0,16.0,1.25,0.24,3.14
370.0,139.0,0.58,0.0,-0.95,-3.0549056403017394,1.0,1.0,0.0,1.0,16.0,1.11,0.42,3.05
370.5,139.0,0.51,0.0,-0.93,-3.6122521023166,1.0,0.0,0.0,1.0,16.0,1.06,0.15,2.86
371.0,139.0,0.5,0.0,-0.93,-3.928374863084073,0.0,0.0,0.0,1.0,16.0,1.06,0.02,3.14
371.5,139.0,0.51,0.0,-0.93,-3.0518530594400004,0.0,0.0,0.0,1.0,16.0,1.06,0.02,0.0
372.0,139.0,0.45,0.0,-0.91,-3.0739157665144616,1.0,0.0,1.0,1.0,16.0,1.02,0.13,2.82
372.5,139.0,0.44,0.0,-0.91,-3.1011655921258483,1.0,0.0,1.0,0.0,16.0,1.01,0.02,3.14
373.0,139.0,0.44,0.0,-0.91,-2.669233254171544,1.0,0.0,0.0,1.0,16.0,1.01,0.0,0.0
373.5,139.0,0.44,0.0,-0.91,-2.669266415427332,1.0,0.0,0.0,1.0,16.0,1.01,0.0,0.0
374.0,139.0,0.4,0.0,-0.91,-3.4062561266914657,1.0,0.0,1.0,1.0,16.0,0.99,0.08,3.14
374.5,139.0,0.4,0.0,-0.91,-3.3823171906711114,1.0,0.0,1.0,0.0,16.0,0.99,0.0,0.0
375.0,139.0,0.42,0.0,-0.91,-2.841345407698461,1.0,0.0,0.0,0.0,16.0,1.0,0.04,0.0
375.5,139.0,0.42,0.0,-0.91,-2.879653639450484,1.0,1.0,1.0,1.0,16.0,1.0,0.0,0.0
376.0,139.0,0.47,0.0,-0.91,-2.8609419645398533,1.0,0.0,0.0,1.0,16.0,1.02,0.1,0.0
376.5,139.0,0.29,0.0,-0.96,-3.1767348580786994,1.0,0.0,0.0,0.0,16.0,1.0,0.37,-2.87
377.0,139.0,0.27,0.0,-0.97,-3.2518939716573305,1.0,0.0,0.0,0.0,16.0,1.01,0.04,-2.68
377.5,139.0,0.25,0.0,-0.96,-3.797665410072965,1.0,0.0,0.0,0.0,16.0,0.99,0.04,2.68
378.0,139.0,-0.13,0.0,-0.65,-3.78157521969883,0.0,0.0,0.0,1.0,16.0,0.66,0.98,2.46
378.5,139.0,-0.21,0.0,-0.63,1.5515514014379035,0.0,1.0,1.0,0.0,16.0,0.66,0.16,2.9
379.0,139.0,-0.21,0.0,-0.5,-4.677923963645558,0.0,0.0,1.0,0.0,16.0,0.54,0.26,1.57
379.5,139.0,-0.26,0.0,-0.38,-4.5397095948508746,0.0,0.0,1.0,0.0,16.0,0.46,0.26,1.97
380.0,139.0,-0.5,0.0,0.35,-4.474615795068495,0.0,0.0,0.0,0.0,16.0,0.61,1.54,1.89
380.5,,,,,,,,,,,,,
381.0,,,,,,,,,,,,,
381.5,,,,,,,,,,,,,
382.0,,,,,,,,,,,,,
382.5,,,,,,,,,,,,,
383.0,,,,,,,,,,,,,
383.5,,,,,,,,,,,,,
384.0,,,,,,,,,,,,,
384.5,,,,,,,,,,,,,
385.0,,,,,,,,,,,,,
385.5,139.0,-0.7,0.0,-9.98,1.4550552537812058,0.0,0.0,0.0,1.0,17.0,10.0,,
386.0,139.0,-0.17,0.0,-9.33,1.477538061606621,0.0,0.0,0.0,0.0,17.0,9.33,1.68,0.89
386.5,139.0,-0.15,0.0,-9.3,1.5379217762432296,0.0,0.0,0.0,0.0,17.0,9.3,0.07,0.98
387.0,139.0,-0.11,0.0,-9.18,1.5585438204852526,0.0,0.0,0.0,0.0,17.0,9.18,0.25,1.25
387.5,139.0,0.16,0.0,-8.53,-4.697098150807967,0.0,0.0,0.0,0.0,17.0,8.53,1.41,1.18
388.0,139.0,0.18,0.0,-8.47,-4.688558254777959,0.0,0.0,0.0,0.0,17.0,8.47,0.13,1.25
388.5,139.0,0.43,0.0,-7.62,1.5570659210532247,0.0,0.0,0.0,0.0,17.0,7.63,1.77,1.28
389.0,139.0,0.43,0.0,-7.61,-4.669544637906734,0.0,0.0,0.0,0.0,17.0,7.62,0.02,1.57
389.5,139.0,0.56,0.0,-6.91,-4.690595054015037,0.0,0.0,0.0,0.0,17.0,6.93,1.42,1.39
390.0,139.0,0.77,0.0,-6.4,-4.638650564817182,0.0,0.0,0.0,0.0,17.0,6.45,1.1,1.18
390.5,139.0,0.74,0.0,-6.14,-4.584508706091065,0.0,0.0,0.0,0.0,17.0,6.18,0.52,1.69
391.0,139.0,0.86,0.0,-5.1,-4.573024439612943,0.0,0.0,0.0,0.0,17.0,5.17,2.09,1.46
391.5,139.0,0.84,0.0,-5.0,-4.501563678719286,0.0,0.0,0.0,1.0,17.0,5.07,0.2,1.77
392.0,139.0,0.98,0.0,-3.7,-4.597068095388416,0.0,0.0,0.0,0.0,17.0,3.83,2.62,1.46
392.5,139.0,0.98,0.0,-3.68,-4.464883839159374,0.0,0.0,1.0,0.0,17.0,3.81,0.04,1.57
393.0,139.0,1.1,0.0,-2.79,-4.4543176158678,0.0,0.0,0.0,0.0,17.0,3.0,1.8,1.44
393.5,139.0,1.08,0.0,-2.71,-4.1924396882523105,0.0,0.0,0.0,0.0,17.0,2.92,0.16,1.82
394.0,139.0,1.08,0.0,-2.71,-4.1924396882523105,0.0,0.0,0.0,0.0,17.0,2.92,0.16,0.0
394.5,139.0,1.32,0.0,-1.72,-4.1670207130262655,1.0,0.0,0.0,0.0,17.0,2.17,2.04,1.33
395.0,139.0,1.32,0.0,-1.72,-3.928010089270406,0.0,0.0,0.0,0.0,17.0,2.17,0.0,0.0
395.5,139.0,1.34,0.0,-1.71,-3.187966051815282,0.0,0.0,0.0,0.0,17.0,2.17,0.04,0.46
396.0,139.0,1.34,0.0,-1.7,-3.226305699493842,0.0,0.0,0.0,0.0,17.0,2.16,0.02,1.57
396.5,139.0,0.88,0.0,-1.34,-3.3941487776703805,1.0,0.0,0.0,0.0,17.0,1.6,1.17,2.48
397.0,139.0,0.84,0.0,-1.31,-3.4244250042047266,1.0,0.0,0.0,1.0,17.0,1.56,0.1,2.5
397.5,139.0,0.84,0.0,-1.31,-3.6734660351717974,0.0,0.0,0.0,1.0,17.0,1.56,0.0,0.0
398.0,139.0,0.84,0.0,-1.31,-3.5164719236256547,1.0,0.0,0.0,1.0,17.0,1.56,0.0,0.0
398.5,139.0,0.84,0.0,-1.31,-3.5440271818561415,1.0,0.0,0.0,0.0,17.0,1.56,0.0,0.0
399.0,139.0,0.83,0.0,-1.3,-3.5541954700782608,1.0,0.0,0.0,0.0,17.0,1.54,0.03,2.36
399.5,139.0,0.73,0.0,-1.2,-3.5433342861431,1.0,0.0,0.0,1.0,17.0,1.4,0.28,2.36
400.0,139.0,0.73,0.0,-1.2,-3.479552973958219,1.0,0.0,0.0,0.0,17.0,1.4,0.0,0.0
400.5,139.0,0.43,0.0,-0.98,-3.5003084294229363,1.0,1.0,1.0,1.0,17.0,1.07,0.74,2.51
401.0,139.0,0.41,0.0,-0.97,-3.5325429153780195,1.0,1.0,1.0,1.0,17.0,1.05,0.04,2.68
401.5,139.0,0.41,0.0,-0.97,-3.526348741862691,0.0,1.0,1.0,1.0,17.0,1.05,0.0,0.0
402.0,139.0,0.41,0.0,-0.97,-3.504299997422247,0.0,0.0,0.0,1.0,17.0,1.05,0.0,0.0
402.5,139.0,0.37,0.0,-0.92,-3.5489716996270415,0.0,0.0,0.0,1.0,17.0,0.99,0.13,2.25
403.0,139.0,0.4,0.0,-0.91,-3.007361126148161,1.0,0.0,0.0,1.0,17.0,0.99,0.06,0.32
403.5,139.0,0.4,0.0,-0.91,-2.986096034541863,1.0,0.0,0.0,1.0,17.0,0.99,0.0,0.0
404.0,139.0,0.4,0.0,-0.91,-2.986096034541863,1.0,0.0,0.0,1.0,17.0,0.99,0.0,0.0
404.5,139.0,0.19,0.0,-0.61,-3.1604334828650718,0.0,0.0,0.0,1.0,17.0,0.64,0.73,2.18
405.0,139.0,0.13,0.0,-0.55,-3.4176426547314764,0.0,0.0,0.0,1.0,17.0,0.57,0.17,2.36
405.5,139.0,0.03,0.0,-0.47,-3.5271306493675847,0.0,0.0,0.0,1.0,17.0,0.47,0.26,2.47
406.0,139.0,-0.01,0.0,-0.4,-4.266338674111003,0.0,0.0,1.0,0.0,17.0,0.4,0.16,2.09
406.5,139.0,0.01,0.0,-0.28,-4.33851851065648,1.0,0.0,1.0,1.0,17.0,0.28,0.24,1.41
407.0,139.0,0.01,0.0,-0.28,-4.304318783963652,1.0,0.0,1.0,1.0,17.0,0.28,0.0,0.0
407.5,139.0,0.08,0.0,0.64,-4.405734630809286,0.0,0.0,0.0,0.0,17.0,0.64,1.85,1.49
408.0,,,,,,,,,,,,,
408.5,,,,,,,,,,,,,
409.0,,,,,,,,,,,,,
409.5,,,,,,,,,,,,,
410.0,,,,,,,,,,,,,
410.5,,,,,,,,,,,,,
411.0,,,,,,,,,,,,,
411.5,139.0,-2.56,0.0,-9.67,1.5706052921306854,0.0,0.0,0.0,0.0,18.0,10.0,,
412.0,139.0,-2.44,0.0,-9.23,-4.594397741632865,0.0,0.0,0.0,0.0,18.0,9.55,0.91,1.3
412.5,139.0,-2.21,0.0,-8.53,-4.508932458821207,0.0,0.0,0.0,0.0,18.0,8.81,1.47,1.25
413.0,139.0,-2.21,0.0,-8.52,-4.509321667244401,0.0,0.0,0.0,0.0,18.0,8.8,0.02,1.57
413.5,139.0,-2.07,0.0,-7.92,-4.652045966826238,0.0,0.0,0.0,0.0,18.0,8.19,1.23,1.34
414.0,139.0,-2.05,0.0,-7.86,-4.580346095825059,0.0,0.0,0.0,0.0,18.0,8.12,0.13,1.25
414.5,139.0,-2.0,0.0,-6.89,-4.655103783675732,0.0,0.0,0.0,0.0,18.0,7.17,1.94,1.52
415.0,139.0,-2.0,0.0,-6.89,-4.655103783675732,0.0,0.0,0.0,0.0,18.0,7.17,1.94,0.0
415.5,139.0,-2.01,0.0,-6.86,-4.55078545428403,0.0,0.0,0.0,0.0,18.0,7.15,0.06,1.89
416.0,139.0,-1.69,0.0,-6.13,-4.684781362276643,0.0,0.0,0.0,0.0,18.0,6.36,1.59,1.16
416.5,139.0,-1.55,0.0,-5.8,-4.616099165552162,0.0,0.0,0.0,0.0,18.0,6.0,0.72,1.17
417.0,139.0,-1.52,0.0,-5.24,-4.575713991990266,0.0,0.0,0.0,0.0,18.0,5.46,1.12,1.52
417.5,139.0,-1.43,0.0,-4.86,1.5047889867754372,0.0,0.0,0.0,0.0,18.0,5.07,0.78,1.34
418.0,139.0,-1.37,0.0,-4.4,1.5073573609427946,0.0,0.0,0.0,1.0,18.0,4.61,0.93,1.44
418.5,139.0,-1.23,0.0,-3.82,1.537648021350054,0.0,0.0,0.0,0.0,18.0,4.01,1.19,1.33
419.0,139.0,-1.22,0.0,-3.24,-4.531859103875405,0.0,0.0,0.0,0.0,18.0,3.46,1.16,1.55
419.5,139.0,-1.08,0.0,-2.72,-4.512630811506183,0.0,0.0,0.0,0.0,18.0,2.93,1.08,1.31
420.0,139.0,-1.05,0.0,-2.49,-4.4397092100286075,0.0,0.0,0.0,0.0,18.0,2.7,0.46,1.44
420.5,139.0,-0.92,0.0,-1.82,-4.541800499294764,1.0,0.0,0.0,0.0,18.0,2.04,1.36,1.38
421.0,139.0,-0.94,0.0,-1.6,-4.4846322396456895,1.0,1.0,0.0,0.0,18.0,1.86,0.44,1.66
421.5,139.0,-0.96,0.0,-1.56,1.299164626654637,1.0,0.0,0.0,0.0,18.0,1.83,0.09,2.03
422.0,139.0,-0.93,0.0,-1.49,0.4734067715023711,1.0,0.0,0.0,0.0,18.0,1.76,0.15,1.17
422.5,139.0,-0.93,0.0,-1.49,0.522741295336794,1.0,0.0,0.0,1.0,18.0,1.76,0.0,0.0
423.0,139.0,-0.95,0.0,-1.52,1.1869800983241976,1.0,0.0,0.0,0.0,18.0,1.79,0.07,-2.16
423.5,139.0,-0.96,0.0,-1.54,-4.554103325192072,0.0,1.0,0.0,0.0,18.0,1.81,0.04,-2.03
424.0,139.0,-0.95,0.0,-1.56,-4.158784504286104,0.0,1.0,0.0,0.0,18.0,1.83,0.04,-1.11
424.5,139.0,-1.02,0.0,-1.15,-4.113449576965551,0.0,1.0,1.0,0.0,18.0,1.54,0.83,1.74
425.0,139.0,-1.05,0.0,-1.1,1.0936585649505373,0.0,1.0,0.0,0.0,18.0,1.52,0.12,2.11
425.5,139.0,-1.0,0.0,-1.05,0.11011177531077117,1.0,1.0,0.0,0.0,18.0,1.45,0.14,0.79
426.0,139.0,-1.0,0.0,-1.05,0.22380199918690596,0.0,1.0,0.0,0.0,18.0,1.45,0.0,0.0
426.5,139.0,-0.69,0.0,-0.97,0.3724834565716494,1.0,1.0,0.0,0.0,18.0,1.19,0.64,0.25
427.0,139.0,-0.69,0.0,-0.97,0.46483039809099624,1.0,1.0,0.0,0.0,18.0,1.19,0.0,0.0
427.5,139.0,-0.62,0.0,-0.93,0.5362717858299548,1.0,1.0,0.0,0.0,18.0,1.12,0.16,0.52
428.0,139.0,-0.61,0.0,-0.93,0.5873612382272582,1.0,1.0,0.0,0.0,18.0,1.11,0.02,0.0
428.5,139.0,-0.48,0.0,-0.88,0.5868540455466286,0.0,0.0,1.0,0.0,18.0,1.0,0.28,0.37
429.0,139.0,-0.48,0.0,-0.88,0.5868540455466286,0.0,0.0,1.0,0.0,18.0,1.0,0.28,0.0
429.5,139.0,-0.47,0.0,-0.88,0.6154540578673589,0.0,1.0,1.0,0.0,18.0,1.0,0.02,0.0
430.0,139.0,-0.47,0.0,-0.88,0.6269346591540523,0.0,1.0,0.0,0.0,18.0,1.0,0.0,0.0
430.5,139.0,-0.13,0.0,-0.93,0.6021837959656703,1.0,1.0,1.0,0.0,18.0,0.94,0.69,-0.15
431.0,139.0,-0.15,0.0,-0.92,1.2333664119861518,0.0,1.0,0.0,1.0,18.0,0.93,0.04,2.68
431.5,139.0,-0.15,0.0,-0.92,1.266840954374777,0.0,1.0,1.0,0.0,18.0,0.93,0.0,0.0
432.0,139.0,-0.15,0.0,-0.88,1.321019465015185,0.0,1.0,1.0,0.0,18.0,0.89,0.08,1.57
432.5,139.0,0.11,0.02,-0.77,1.3157286739206893,0.0,1.0,1.0,0.0,18.0,0.78,0.56,0.4
433.0,139.0,0.27,0.0,-0.71,-4.493872012705747,0.0,1.0,1.0,0.0,18.0,0.76,0.34,0.36
433.5,139.0,0.45,0.0,-0.49,-4.595141251894215,0.0,0.0,1.0,0.0,18.0,0.67,0.57,0.89
434.0,139.0,0.5,0.0,-0.22,1.5364620526700314,1.0,0.0,1.0,0.0,18.0,0.55,0.55,1.39
434.5,,,,,,,,,,,,,
435.0,,,,,,,,,,,,,
435.5,,,,,,,,,,,,,
436.0,,,,,,,,,,,,,
436.5,,,,,,,,,,,,,
437.0,,,,,,,,,,,,,
437.5,,,,,,,,,,,,,
438.0,,,,,,,,,,,,,
438.5,139.0,-0.1,0.0,-10.02,-4.317064923490967,0.0,1.0,0.0,0.0,19.0,10.02,,
439.0,139.0,-0.53,0.0,-9.17,-4.380427356655368,0.0,0.0,0.0,0.0,19.0,9.19,1.91,2.04
439.5,139.0,-0.63,0.0,-9.19,-4.247148778985325,0.0,0.0,0.0,0.0,19.0,9.21,0.2,-2.94
440.0,139.0,-0.63,0.0,-9.19,-4.188156650267917,0.0,0.0,0.0,0.0,19.0,9.21,0.0,0.0
440.5,139.0,-0.63,0.0,-9.19,-4.161055177642949,0.0,0.0,0.0,0.0,19.0,9.21,0.0,0.0
441.0,139.0,-0.63,0.0,-9.19,-4.161055177642949,0.0,0.0,0.0,0.0,19.0,9.21,0.0,0.0
441.5,139.0,-0.63,0.0,-9.19,-4.161845811794103,0.0,0.0,0.0,0.0,19.0,9.21,0.0,0.0
442.0,139.0,-0.63,0.0,-9.19,-4.208580493174754,0.0,0.0,0.0,0.0,19.0,9.21,0.0,0.0
442.5,139.0,-0.91,0.0,-8.48,-4.49861756294192,0.0,0.0,0.0,0.0,19.0,8.53,1.53,1.95
443.0,139.0,-1.01,0.0,-8.15,-4.526966945982064,0.0,0.0,0.0,0.0,19.0,8.21,0.69,1.87
443.5,139.0,-1.0,0.0,-7.96,-4.607655262631013,0.0,0.0,0.0,0.0,19.0,8.02,0.38,1.52
444.0,139.0,-0.93,0.0,-7.26,1.5594205517284072,0.0,0.0,0.0,0.0,19.0,7.32,1.41,1.47
444.5,139.0,-0.96,0.0,-7.14,-4.609201624348281,0.0,0.0,0.0,0.0,19.0,7.2,0.25,1.82
445.0,139.0,-1.09,0.0,-6.11,1.5278533732142021,0.0,0.0,0.0,1.0,19.0,6.21,2.08,1.7
445.5,139.0,-1.2,0.0,-5.79,1.5220836114130818,1.0,0.0,0.0,0.0,19.0,5.91,0.68,1.9
446.0,139.0,-1.28,0.0,-5.36,-4.615692503836448,1.0,0.0,0.0,0.0,19.0,5.51,0.87,1.75
446.5,139.0,-1.65,0.0,-4.23,-4.512644774140199,0.0,0.0,0.0,0.0,19.0,4.54,2.38,1.89
447.0,139.0,-1.76,0.0,-3.92,-4.545636732990648,0.0,0.0,0.0,0.0,19.0,4.3,0.66,1.91
447.5,139.0,-1.9,0.0,-2.73,1.5607290076153346,0.0,0.0,0.0,0.0,19.0,3.33,2.4,1.69
448.0,139.0,-2.12,0.0,-1.8,-4.647967132364327,0.0,0.0,0.0,0.0,19.0,2.78,1.91,1.8
448.5,139.0,-2.18,0.0,-1.56,1.445460376031537,0.0,0.0,0.0,0.0,19.0,2.68,0.49,1.82
449.0,139.0,-2.15,0.0,-1.5,0.6130329371289923,0.0,0.0,0.0,0.0,19.0,2.62,0.13,1.11
449.5,139.0,-2.12,0.0,-1.48,0.2617714625311176,0.0,0.0,0.0,0.0,19.0,2.59,0.07,0.59
450.0,139.0,-1.67,0.0,-1.28,0.7915532415375315,0.0,0.0,0.0,0.0,19.0,2.1,0.98,0.42
450.5,139.0,-1.67,0.0,-1.28,0.7915532415375315,0.0,0.0,0.0,0.0,19.0,2.1,0.98,0.0
451.0,139.0,-1.47,0.0,-1.1,0.7376721350016634,0.0,1.0,0.0,0.0,19.0,1.84,0.54,0.73
451.5,139.0,-1.44,0.0,-1.07,0.3212639771450727,0.0,1.0,0.0,0.0,19.0,1.79,0.08,0.79
452.0,139.0,-1.26,0.0,-1.03,0.3713551012102351,1.0,1.0,0.0,0.0,19.0,1.63,0.37,0.22
452.5,139.0,-1.15,0.0,-0.99,0.4280859813487595,1.0,1.0,0.0,0.0,19.0,1.52,0.23,0.35
453.0,139.0,-1.02,0.0,-0.94,0.4263186609481901,1.0,1.0,0.0,0.0,19.0,1.39,0.28,0.37
453.5,139.0,-0.89,0.0,-0.88,0.39351781565083466,1.0,1.0,0.0,0.0,19.0,1.25,0.29,0.43
454.0,139.0,-0.9,0.0,-0.87,0.4195103060690854,1.0,1.0,0.0,0.0,19.0,1.25,0.03,2.36
454.5,139.0,-0.95,0.0,-0.87,0.4118121823373141,1.0,0.0,0.0,0.0,19.0,1.29,0.1,3.14
455.0,139.0,-0.81,0.0,-0.86,0.38726430094093894,1.0,1.0,0.0,0.0,19.0,1.18,0.28,0.07
455.5,139.0,-0.86,0.0,-0.87,0.3973430537724307,1.0,1.0,0.0,0.0,19.0,1.22,0.1,-2.94
456.0,139.0,-0.81,0.0,-0.89,0.419222850341282,1.0,1.0,0.0,0.0,19.0,1.2,0.11,-0.38
456.5,139.0,-0.7,0.0,-0.86,0.4193062770795272,1.0,1.0,0.0,0.0,19.0,1.11,0.23,0.27
457.0,139.0,-0.69,0.0,-0.86,0.37783271619608677,1.0,1.0,0.0,0.0,19.0,1.1,0.02,0.0
457.5,139.0,-0.78,0.0,-0.87,0.05793428465777455,0.0,1.0,0.0,0.0,19.0,1.17,0.18,-3.03
458.0,139.0,-0.36,0.0,-0.8,-0.05695672574373251,1.0,1.0,0.0,0.0,19.0,0.88,0.85,0.17
458.5,139.0,-0.35,0.0,-0.8,0.23959967237840749,1.0,1.0,0.0,0.0,19.0,0.87,0.02,0.0
459.0,139.0,-0.39,0.0,-0.81,0.806880897561471,0.0,1.0,0.0,0.0,19.0,0.9,0.08,-2.9
459.5,139.0,-0.35,0.0,-0.8,0.32406907031887794,1.0,1.0,1.0,0.0,19.0,0.87,0.08,0.24
460.0,139.0,-0.38,0.0,-0.81,0.34559473958249953,0.0,1.0,1.0,0.0,19.0,0.89,0.06,-2.82
460.5,139.0,-0.34,0.0,-0.81,-0.16863755205204659,1.0,0.0,1.0,0.0,19.0,0.88,0.08,0.0
461.0,139.0,-0.11,0.0,-0.83,-0.18580775216731635,0.0,1.0,0.0,0.0,19.0,0.84,0.46,-0.09
461.5,139.0,-0.15,0.0,-0.83,0.2989907833628218,0.0,1.0,0.0,0.0,19.0,0.84,0.08,3.14
462.0,139.0,-0.17,0.0,-0.85,0.8986729989116087,0.0,0.0,1.0,0.0,19.0,0.87,0.06,-2.36
462.5,139.0,-0.14,0.02,-0.68,0.9684409649637552,0.0,0.0,1.0,0.0,19.0,0.69,0.35,1.4
463.0,139.0,-0.15,0.02,-0.69,1.4121938245298717,0.0,0.0,1.0,0.0,19.0,0.71,0.03,-2.36
463.5,139.0,-0.15,0.02,-0.68,1.4203357854904253,0.0,0.0,1.0,0.0,19.0,0.7,0.02,1.57
464.0,139.0,-0.06,-0.01,-0.27,1.4434528285127228,0.0,0.0,1.0,0.0,19.0,0.28,0.84,1.35
464.5,,,,,,,,,,,,,
465.0,,,,,,,,,,,,,
465.5,,,,,,,,,,,,,
466.0,,,,,,,,,,,,,
466.5,,,,,,,,,,,,,
467.0,,,,,,,,,,,,,
467.5,,,,,,,,,,,,,
468.0,,,,,,,,,,,,,
468.5,139.0,3.82,0.0,-9.24,-4.294321538008227,0.0,0.0,0.0,0.0,20.0,10.0,,
469.0,139.0,3.72,0.0,-8.52,-4.303138941389303,0.0,0.0,0.0,0.0,20.0,9.3,1.45,1.71
469.5,139.0,3.71,0.0,-8.47,-4.289614385015599,0.0,0.0,0.0,0.0,20.0,9.25,0.1,1.77
470.0,139.0,3.32,0.0,-7.4,-4.320754549529682,0.0,0.0,0.0,0.0,20.0,8.11,2.28,1.92
470.5,139.0,3.25,0.0,-7.11,-4.23840991542059,0.0,0.0,0.0,0.0,20.0,7.82,0.6,1.81
471.0,139.0,3.04,0.0,-6.4,-4.279912099703762,0.0,0.0,0.0,0.0,20.0,7.09,1.48,1.86
471.5,139.0,3.08,0.0,-5.65,-4.266197302441591,0.0,0.0,0.0,0.0,20.0,6.43,1.5,1.52
472.0,139.0,3.05,0.0,-5.48,-4.258208930455213,0.0,0.0,0.0,0.0,20.0,6.27,0.35,1.75
472.5,139.0,2.86,0.0,-4.35,-4.231027172684654,0.0,0.0,0.0,0.0,20.0,5.21,2.29,1.74
473.0,139.0,2.86,0.0,-4.35,-4.180950185786432,0.0,0.0,0.0,0.0,20.0,5.21,0.0,0.0
473.5,139.0,2.36,0.0,-3.18,-4.1189229294998055,0.0,0.0,0.0,0.0,20.0,3.96,2.54,1.97
474.0,139.0,2.3,0.0,-3.06,-3.7561405365095166,0.0,0.0,0.0,0.0,20.0,3.83,0.27,2.03
474.5,139.0,1.59,0.0,-2.46,-3.8633351685085042,0.0,0.0,0.0,0.0,20.0,2.93,1.86,2.44
475.0,139.0,1.52,0.0,-2.47,-3.9344241742714856,0.0,0.0,0.0,0.0,20.0,2.9,0.14,-3.0
475.5,139.0,1.2,0.0,-1.39,-3.918810458783144,1.0,0.0,0.0,0.0,20.0,1.84,2.25,1.86
476.0,139.0,1.18,0.0,-1.39,-3.4849757119441653,1.0,0.0,0.0,0.0,20.0,1.82,0.04,3.14
476.5,139.0,1.18,0.0,-1.39,-3.4849757119441653,1.0,0.0,0.0,0.0,20.0,1.82,0.04,0.0
477.0,139.0,1.14,0.0,-1.36,-3.3978750556233885,1.0,0.0,0.0,0.0,20.0,1.77,0.1,2.5
477.5,139.0,1.2,0.0,-1.43,-2.7890658152842227,0.0,1.0,0.0,0.0,20.0,1.87,0.18,-0.86
478.0,139.0,0.93,0.0,-1.51,-2.8981541295216244,1.0,1.0,0.0,0.0,20.0,1.77,0.56,-2.85
478.5,139.0,0.44,0.0,-1.78,-2.59215602374497,0.0,1.0,0.0,1.0,20.0,1.83,1.12,-2.64
479.0,139.0,0.36,0.0,-1.87,-3.182066838943542,0.0,1.0,0.0,1.0,20.0,1.9,0.24,-2.3
479.5,139.0,0.37,0.0,-1.87,-4.185334452867442,0.0,1.0,0.0,1.0,20.0,1.91,0.02,0.0
480.0,139.0,0.37,0.0,-1.86,-4.564582282021046,0.0,0.0,1.0,0.0,20.0,1.9,0.02,1.57
480.5,139.0,0.4,0.0,-1.93,-4.44270419502503,0.0,0.0,1.0,0.0,20.0,1.97,0.15,-1.17
481.0,139.0,0.32,0.0,-1.83,-4.444754956896124,0.0,0.0,1.0,1.0,20.0,1.86,0.26,2.25
481.5,139.0,0.32,0.0,-1.67,-4.431801123187821,0.0,0.0,1.0,1.0,20.0,1.7,0.32,1.57
482.0,139.0,0.29,0.0,-1.54,-4.419604762374885,0.0,0.0,1.0,1.0,20.0,1.57,0.27,1.8
482.5,139.0,0.25,0.0,-1.34,-4.419133523476846,0.0,1.0,0.0,1.0,20.0,1.36,0.41,1.77
483.0,139.0,0.29,0.0,-1.7,-4.429961546156219,0.0,0.0,1.0,0.0,20.0,1.72,0.72,-1.46
483.5,139.0,0.27,0.0,-1.54,-4.492367538890529,0.0,0.0,1.0,0.0,20.0,1.56,0.32,1.7
484.0,139.0,0.16,0.0,-1.3,-4.566952439145254,1.0,0.0,0.0,1.0,20.0,1.31,0.53,2.0
484.5,139.0,0.19,0.0,-1.22,-4.555621761641307,0.0,1.0,0.0,0.0,20.0,1.23,0.17,1.21
485.0,139.0,0.06,0.0,-0.79,-4.463176907150924,0.0,1.0,0.0,0.0,20.0,0.79,0.9,1.86
485.5,139.0,0.05,0.0,-0.77,-4.494620758954854,0.0,1.0,0.0,0.0,20.0,0.77,0.04,2.03
486.0,139.0,0.05,-0.03,-0.78,1.3119191437623612,1.0,0.0,0.0,1.0,20.0,0.78,0.02,-1.57
486.5,139.0,0.06,-0.01,-0.69,1.4052142004912689,1.0,0.0,1.0,0.0,20.0,0.69,0.18,1.46
487.0,139.0,-0.04,-0.03,-0.25,-4.702648297829309,1.0,1.0,0.0,0.0,20.0,0.25,0.9,1.79
487.5,,,,,,,,,,,,,
488.0,,,,,,,,,,,,,
488.5,,,,,,,,,,,,,
489.0,,,,,,,,,,,,,
489.5,,,,,,,,,,,,,
490.0,,,,,,,,,,,,,
490.5,,,,,,,,,,,,,
491.0,,,,,,,,,,,,,
491.5,139.0,0.19,0.0,-10.0,1.5371800985775945,0.0,0.0,0.0,0.0,21.0,10.0,,
492.0,139.0,0.38,0.0,-9.3,1.5560543212374516,0.0,0.0,0.0,0.0,21.0,9.31,1.45,1.31
492.5,139.0,0.49,0.0,-9.03,-4.67046966241029,0.0,0.0,0.0,0.0,21.0,9.04,0.58,1.18
493.0,139.0,0.58,0.0,-8.07,-4.670590090128678,1.0,0.0,0.0,0.0,21.0,8.09,1.93,1.48
493.5,139.0,0.7,0.0,-7.9,-4.653524260702677,0.0,0.0,0.0,0.0,21.0,7.93,0.42,0.96
494.0,139.0,0.72,0.0,-6.74,-4.637653981814293,0.0,0.0,0.0,1.0,21.0,6.78,2.32,1.55
494.5,139.0,0.7,0.0,-6.74,-4.573411902706885,0.0,0.0,0.0,1.0,21.0,6.78,0.04,3.14
495.0,139.0,0.63,0.0,-5.74,-4.571636902857607,0.0,0.0,0.0,0.0,21.0,5.77,2.0,1.64
495.5,139.0,0.68,0.0,-5.44,-4.575232281116715,0.0,0.0,0.0,0.0,21.0,5.48,0.61,1.41
496.0,139.0,0.6,0.0,-4.31,-4.572720752323095,0.0,0.0,0.0,0.0,21.0,4.35,2.27,1.64
496.5,139.0,0.67,0.0,-4.0,-4.537545386578401,0.0,0.0,0.0,0.0,21.0,4.06,0.64,1.35
497.0,139.0,0.78,0.0,-2.79,-4.5513596676079375,0.0,0.0,0.0,0.0,21.0,2.9,2.43,1.48
497.5,139.0,0.8,0.0,-2.72,-4.510026780262208,0.0,0.0,0.0,0.0,21.0,2.84,0.15,1.29
498.0,139.0,0.98,0.0,-1.66,-4.494371176871819,0.0,0.0,0.0,1.0,21.0,1.93,2.15,1.4
498.5,139.0,0.99,0.0,-1.66,-3.6696455094391816,1.0,0.0,0.0,0.0,21.0,1.93,0.02,0.0
499.0,139.0,0.99,0.0,-1.66,-3.2621058931107494,1.0,0.0,0.0,1.0,21.0,1.93,0.0,0.0
499.5,139.0,0.99,0.0,-1.66,-3.248750633674489,1.0,0.0,0.0,1.0,21.0,1.93,0.0,0.0
500.0,139.0,0.99,0.0,-1.66,-3.248750633674489,1.0,0.0,0.0,1.0,21.0,1.93,0.0,0.0
500.5,139.0,0.83,0.0,-1.57,-3.3361811572238924,0.0,0.0,0.0,1.0,21.0,1.78,0.37,2.63
501.0,139.0,0.84,0.0,-1.58,-2.9189759074979165,1.0,0.0,0.0,1.0,21.0,1.79,0.03,-0.79
501.5,139.0,0.81,0.0,-1.58,-3.0468038219139815,1.0,0.0,0.0,0.0,21.0,1.78,0.06,3.14
502.0,139.0,0.63,0.0,-1.45,-3.774621827958885,1.0,0.0,0.0,1.0,21.0,1.58,0.44,2.52
502.5,139.0,0.68,0.0,-1.51,-3.7613084564246715,1.0,0.0,0.0,1.0,21.0,1.66,0.16,-0.88
503.0,139.0,0.73,0.0,-1.56,-3.7685672807837163,1.0,0.0,0.0,1.0,21.0,1.72,0.14,-0.79
503.5,139.0,0.62,0.0,-1.5,-3.9913742677640602,1.0,0.0,0.0,1.0,21.0,1.62,0.25,2.64
504.0,139.0,0.68,0.0,-1.54,-3.8709011708158996,1.0,0.0,0.0,1.0,21.0,1.68,0.14,-0.59
504.5,139.0,0.68,0.0,-1.54,-3.8597677155174277,1.0,0.0,0.0,1.0,21.0,1.68,0.0,0.0
505.0,139.0,0.39,0.0,-1.37,-3.826136966160749,1.0,1.0,0.0,1.0,21.0,1.42,0.67,2.61
505.5,139.0,0.38,0.0,-1.36,-3.8064653601615213,1.0,0.0,0.0,1.0,21.0,1.41,0.03,2.36
506.0,139.0,0.06,0.0,-1.15,-3.776454423673479,0.0,0.0,1.0,1.0,21.0,1.15,0.77,2.56
506.5,139.0,-0.12,0.0,-0.97,-4.302159811678935,0.0,0.0,1.0,1.0,21.0,0.98,0.51,2.36
507.0,139.0,-0.18,0.0,-0.6,1.5072027422243603,0.0,1.0,0.0,1.0,21.0,0.63,0.75,1.73
507.5,139.0,-0.17,0.0,-0.5,-4.631213716874433,0.0,1.0,0.0,1.0,21.0,0.53,0.2,1.47
508.0,139.0,-0.51,0.0,0.56,-4.587871955559659,1.0,0.0,0.0,0.0,21.0,0.76,2.23,1.88
508.5,,,,,,,,,,,,,
509.0,,,,,,,,,,,,,
509.5,,,,,,,,,,,,,
510.0,,,,,,,,,,,,,
510.5,,,,,,,,,,,,,
511.0,,,,,,,,,,,,,
511.5,,,,,,,,,,,,,
512.0,,,,,,,,,,,,,
512.5,139.0,-0.07,0.0,-9.98,1.3226951556300248,0.0,0.0,0.0,0.0,22.0,9.98,,
513.0,139.0,-0.0,0.0,-9.27,1.3634681413517147,0.0,0.0,0.0,0.0,22.0,9.27,1.43,1.47
513.5,139.0,0.02,0.0,-9.09,1.4476423343025027,0.0,0.0,0.0,0.0,22.0,9.09,0.36,1.46
514.0,139.0,0.37,0.0,-7.97,1.4426421754350491,0.0,0.0,0.0,0.0,22.0,7.98,2.35,1.27
514.5,139.0,0.46,0.0,-7.29,1.4854562189971912,0.0,0.0,0.0,0.0,22.0,7.3,1.37,1.44
515.0,139.0,0.46,0.0,-7.29,1.4854562189971912,0.0,0.0,0.0,0.0,22.0,7.3,1.37,0.0
515.5,139.0,0.55,0.0,-6.76,1.4485483347172128,0.0,0.0,0.0,0.0,22.0,6.78,1.08,1.4
516.0,139.0,0.7,0.0,-5.85,1.5100231768422907,0.0,0.0,0.0,0.0,22.0,5.89,1.84,1.41
516.5,139.0,0.91,0.0,-5.43,1.534171308026789,0.0,0.0,0.0,0.0,22.0,5.51,0.94,1.11
517.0,139.0,1.37,0.0,-4.62,1.472841677295477,0.0,0.0,0.0,0.0,22.0,4.82,1.86,1.05
517.5,139.0,1.54,0.0,-4.34,1.5331979728095366,0.0,0.0,0.0,0.0,22.0,4.61,0.66,1.03
518.0,139.0,2.03,0.0,-3.49,1.4896414487303036,0.0,0.0,0.0,0.0,22.0,4.04,1.96,1.05
518.5,139.0,2.11,0.0,-3.4,-4.242528892455296,0.0,0.0,0.0,0.0,22.0,4.0,0.24,0.84
519.0,139.0,2.3,0.0,-2.53,-4.122043578202372,0.0,0.0,0.0,0.0,22.0,3.42,1.78,1.36
519.5,139.0,2.41,0.0,-1.59,-4.223490840974542,0.0,0.0,0.0,0.0,22.0,2.89,1.89,1.45
520.0,139.0,2.37,0.0,-1.89,-3.521388516128523,0.0,0.0,0.0,0.0,22.0,3.03,0.61,-1.7
520.5,139.0,2.38,0.0,-1.93,-3.1292793557169736,0.0,0.0,0.0,0.0,22.0,3.06,0.08,-1.33
521.0,139.0,1.95,0.0,-1.85,-3.203759536216579,0.0,0.0,0.0,0.0,22.0,2.69,0.87,2.96
521.5,139.0,1.33,0.0,-1.64,-3.339844603323829,0.0,0.0,0.0,0.0,22.0,2.11,1.31,2.82
522.0,139.0,1.08,0.0,-1.54,-3.7842857160271772,1.0,0.0,0.0,0.0,22.0,1.88,0.54,2.76
522.5,139.0,1.08,0.0,-1.54,-3.758123230539782,1.0,0.0,0.0,0.0,22.0,1.88,0.0,0.0
523.0,139.0,1.05,0.0,-1.52,-4.124108302707481,1.0,0.0,0.0,0.0,22.0,1.85,0.07,2.55
523.5,139.0,1.05,0.0,-1.52,-3.987628791189281,1.0,0.0,0.0,0.0,22.0,1.85,0.0,0.0
524.0,139.0,1.1,0.0,-1.54,-2.8259865102809107,1.0,1.0,0.0,0.0,22.0,1.89,0.11,-0.38
524.5,139.0,1.11,0.0,-1.54,-2.3652178424251553,0.0,0.0,0.0,0.0,22.0,1.9,0.02,0.0
525.0,139.0,0.41,0.0,-1.72,-2.500288873236997,1.0,1.0,0.0,0.0,22.0,1.77,1.45,-2.89
525.5,139.0,0.37,0.0,-1.71,-3.5625747958170852,1.0,1.0,0.0,0.0,22.0,1.75,0.08,2.9
526.0,139.0,0.38,0.0,-1.72,-3.72977559282889,1.0,1.0,0.0,0.0,22.0,1.76,0.03,-0.79
526.5,139.0,0.33,0.0,-1.65,-4.612826673204673,1.0,0.0,1.0,1.0,22.0,1.68,0.17,2.19
527.0,139.0,0.33,0.0,-1.61,-4.5807911547843165,1.0,0.0,1.0,0.0,22.0,1.64,0.08,1.57
527.5,139.0,0.33,0.0,-1.61,-4.5807911547843165,1.0,0.0,1.0,0.0,22.0,1.64,0.08,0.0
528.0,139.0,0.34,0.0,-1.57,-4.477396104566922,1.0,0.0,0.0,0.0,22.0,1.61,0.08,1.33
528.5,139.0,0.35,0.0,-1.74,-4.396726986539743,0.0,0.0,0.0,0.0,22.0,1.77,0.34,-1.51
529.0,139.0,0.36,0.0,-1.59,-4.392449184543104,1.0,1.0,0.0,0.0,22.0,1.63,0.3,1.5
529.5,139.0,0.38,0.0,-1.62,-3.9781394360461877,0.0,0.0,0.0,1.0,22.0,1.66,0.07,-0.98
530.0,139.0,0.35,0.0,-1.61,-4.004801085699652,0.0,0.0,0.0,1.0,22.0,1.65,0.06,2.82
530.5,139.0,0.3,0.0,-1.54,-4.054897271219646,1.0,0.0,0.0,0.0,22.0,1.57,0.17,2.19
531.0,139.0,-0.01,0.0,-1.11,-4.105305870675746,0.0,0.0,1.0,0.0,22.0,1.11,1.06,2.2
531.5,139.0,0.09,0.0,-1.3,-4.169354218236181,1.0,0.0,0.0,0.0,22.0,1.3,0.43,-1.09
532.0,139.0,-0.02,0.0,-1.18,-4.252283537644693,0.0,0.0,1.0,0.0,22.0,1.18,0.33,2.31
532.5,139.0,-0.01,0.0,-1.21,-4.651799875401707,0.0,0.0,1.0,0.0,22.0,1.21,0.06,-1.25
533.0,139.0,-0.07,0.0,-0.86,-4.616622764327761,0.0,0.0,1.0,0.0,22.0,0.86,0.71,1.74
533.5,139.0,-0.17,0.03,-0.57,-4.562171982324042,0.0,0.0,1.0,0.0,22.0,0.59,0.61,1.9
534.0,139.0,-0.28,0.03,-0.39,-4.525485161447121,1.0,0.0,1.0,0.0,22.0,0.48,0.42,2.12
534.5,139.0,-0.37,0.03,-0.01,-4.528474910455787,0.0,1.0,0.0,0.0,22.0,0.37,0.78,1.8
535.0,,,,,,,,,,,,,
535.5,,,,,,,,,,,,,
536.0,,,,,,,,,,,,,
536.5,,,,,,,,,,,,,
537.0,,,,,,,,,,,,,
537.5,,,,,,,,,,,,,
538.0,139.0,1.4,0.0,-9.9,-4.377929790495765,0.0,0.0,0.0,0.0,23.0,10.0,,
538.5,139.0,1.43,0.0,-9.93,-4.0401509843695464,0.0,0.0,0.0,0.0,23.0,10.03,0.08,-0.79
539.0,139.0,1.47,0.0,-9.93,-3.542725166234154,0.0,0.0,0.0,0.0,23.0,10.04,0.08,0.0
539.5,139.0,0.9,0.0,-9.77,-3.514843531433544,0.0,0.0,0.0,0.0,23.0,9.81,1.18,2.87
540.0,139.0,0.9,0.0,-9.77,-3.514843531433544,0.0,0.0,0.0,0.0,23.0,9.81,1.18,0.0
540.5,139.0,0.85,0.0,-9.76,-3.4903844872960965,0.0,0.0,0.0,0.0,23.0,9.8,0.1,2.94
541.0,139.0,-0.18,0.0,-9.24,-3.5083107640433293,0.0,0.0,0.0,0.0,23.0,9.24,2.31,2.67
541.5,139.0,-0.35,0.0,-9.1,-3.5699732465162892,0.0,0.0,0.0,0.0,23.0,9.11,0.44,2.45
542.0,139.0,-0.71,0.0,-8.86,-3.96605652163463,0.0,0.0,0.0,0.0,23.0,8.89,0.87,2.55
542.5,139.0,-0.79,0.0,-8.82,-3.9425434459517628,0.0,0.0,0.0,0.0,23.0,8.86,0.18,2.68
543.0,139.0,-0.95,0.0,-8.55,-3.6420501086358996,0.0,0.0,0.0,0.0,23.0,8.6,0.63,2.11
543.5,139.0,-0.96,0.0,-8.53,-3.6189052974252025,0.0,0.0,0.0,0.0,23.0,8.58,0.04,2.03
544.0,139.0,-1.34,0.0,-7.47,-3.6376396616161095,0.0,0.0,0.0,0.0,23.0,7.59,2.25,1.92
544.5,139.0,-1.35,0.0,-7.46,-4.199075430068393,0.0,0.0,0.0,1.0,23.0,7.58,0.03,2.36
545.0,139.0,-1.39,0.0,-7.21,-4.665375046323719,0.0,0.0,0.0,1.0,23.0,7.34,0.51,1.73
545.5,139.0,-1.43,0.0,-6.34,-4.6042030013705695,0.0,0.0,0.0,1.0,23.0,6.5,1.74,1.62
546.0,139.0,-1.45,0.0,-6.26,-4.594464064144441,1.0,0.0,0.0,0.0,23.0,6.43,0.16,1.82
546.5,139.0,-1.48,0.0,-5.3,-4.60020445205425,0.0,0.0,0.0,0.0,23.0,5.5,1.92,1.6
547.0,139.0,-1.48,0.0,-5.19,-4.467514050342129,0.0,0.0,0.0,0.0,23.0,5.4,0.22,1.57
547.5,139.0,-1.47,0.0,-5.01,-4.580833042686365,0.0,0.0,0.0,0.0,23.0,5.22,0.36,1.52
548.0,139.0,-1.51,0.0,-4.2,-4.546376752593493,0.0,0.0,0.0,0.0,23.0,4.46,1.62,1.62
548.5,139.0,-1.46,0.0,-3.82,-4.510583540293593,0.0,0.0,0.0,0.0,23.0,4.09,0.77,1.44
549.0,139.0,-1.44,0.0,-2.82,-4.5352171173562414,0.0,0.0,0.0,0.0,23.0,3.17,2.0,1.55
549.5,139.0,-1.44,0.0,-2.82,-4.5352171173562414,0.0,0.0,0.0,0.0,23.0,3.17,2.0,0.0
550.0,139.0,-1.47,0.0,-2.02,-4.517430466949167,0.0,1.0,0.0,0.0,23.0,2.5,1.6,1.61
550.5,139.0,-1.45,0.0,-1.59,1.2907228181285908,0.0,1.0,0.0,0.0,23.0,2.15,0.86,1.52
551.0,139.0,-1.42,0.0,-1.51,0.46048278292427824,0.0,1.0,0.0,0.0,23.0,2.07,0.17,1.21
551.5,139.0,-0.96,0.0,-1.29,0.5243798104385663,1.0,0.0,1.0,0.0,23.0,1.61,1.02,0.45
552.0,139.0,-0.96,0.0,-1.29,0.5904228948011067,0.0,0.0,1.0,0.0,23.0,1.61,0.0,0.0
552.5,139.0,-0.51,0.0,-1.17,0.6499552029220071,1.0,1.0,0.0,0.0,23.0,1.28,0.93,0.26
553.0,139.0,-0.43,0.0,-1.14,0.8588936291330791,1.0,1.0,0.0,1.0,23.0,1.22,0.17,0.36
553.5,139.0,-0.35,0.0,-1.15,0.982911315259115,1.0,0.0,0.0,0.0,23.0,1.2,0.16,-0.12
554.0,139.0,-0.35,0.0,-1.15,1.1497546688401115,1.0,0.0,0.0,0.0,23.0,1.2,0.0,0.0
554.5,139.0,-0.35,0.0,-1.15,0.9724238063168062,1.0,0.0,0.0,1.0,23.0,1.2,0.0,0.0
555.0,139.0,-0.3,0.0,-1.11,0.8575865520562607,1.0,0.0,0.0,0.0,23.0,1.15,0.13,0.67
555.5,139.0,-0.3,0.0,-1.11,1.0981369052782295,1.0,0.0,0.0,0.0,23.0,1.15,0.0,0.0
556.0,139.0,-0.13,0.0,-1.0,1.1179442978932626,1.0,0.0,0.0,1.0,23.0,1.01,0.4,0.57
556.5,139.0,-0.07,0.0,-0.96,1.3048709806440326,1.0,0.0,0.0,0.0,23.0,0.96,0.14,0.59
557.0,139.0,-0.12,0.0,-1.03,-4.620712070765183,1.0,1.0,0.0,1.0,23.0,1.04,0.17,-2.19
557.5,139.0,-0.16,0.0,-0.98,1.5644238644058188,0.0,1.0,0.0,1.0,23.0,0.99,0.13,2.25
558.0,139.0,-0.07,0.0,-0.89,1.0932407331276097,1.0,1.0,0.0,1.0,23.0,0.89,0.25,0.79
558.5,139.0,-0.15,0.0,-0.98,1.171845824781379,0.0,1.0,0.0,1.0,23.0,0.99,0.24,-2.3
559.0,139.0,-0.15,0.0,-0.98,1.2331658736550977,1.0,1.0,0.0,1.0,23.0,0.99,0.0,0.0
559.5,139.0,-0.15,0.0,-0.98,1.1814564803074858,1.0,1.0,0.0,1.0,23.0,0.99,0.0,0.0
560.0,139.0,-0.03,0.0,-0.87,1.2553535463040004,1.0,1.0,0.0,1.0,23.0,0.87,0.33,0.74
560.5,139.0,-0.13,0.0,-0.93,1.2866830790419248,0.0,1.0,0.0,1.0,23.0,0.94,0.23,-2.6
561.0,139.0,-0.13,0.0,-0.93,1.2493077257750924,0.0,1.0,0.0,1.0,23.0,0.94,0.0,0.0
561.5,139.0,-0.13,0.0,-0.93,0.9205744375631847,0.0,1.0,0.0,1.0,23.0,0.94,0.0,0.0
562.0,139.0,0.38,0.0,-0.37,1.1103978432734896,0.0,0.0,1.0,0.0,23.0,0.53,1.51,0.83
562.5,139.0,0.43,0.0,0.0,-4.675271063182526,1.0,0.0,1.0,0.0,23.0,0.43,0.75,1.44
563.0,,,,,,,,,,,,,
563.5,,,,,,,,,,,,,
564.0,,,,,,,,,,,,,
564.5,,,,,,,,,,,,,
565.0,,,,,,,,,,,,,
565.5,,,,,,,,,,,,,
566.0,,,,,,,,,,,,,
566.5,,,,,,,,,,,,,
567.0,,,,,,,,,,,,,
567.5,139.0,0.71,0.0,-9.97,-4.616959612873396,0.0,0.0,0.0,0.0,24.0,10.0,,
568.0,139.0,0.83,0.0,-9.47,-4.624180039988897,1.0,0.0,0.0,0.0,24.0,9.51,1.03,1.34
568.5,139.0,0.83,0.0,-9.45,-4.270035281466726,0.0,0.0,0.0,0.0,24.0,9.49,0.04,1.57
569.0,139.0,0.84,0.0,-9.28,-4.291661656228189,0.0,0.0,0.0,0.0,24.0,9.32,0.34,1.51
569.5,139.0,0.83,0.0,-8.82,-4.43519578858295,0.0,0.0,0.0,0.0,24.0,8.86,0.92,1.59
570.0,139.0,0.85,0.0,-8.67,-4.570062615872309,0.0,0.0,0.0,0.0,24.0,8.71,0.3,1.44
570.5,139.0,0.94,0.0,-7.54,-4.554736879710545,0.0,0.0,0.0,0.0,24.0,7.6,2.27,1.49
571.0,139.0,0.94,0.0,-7.48,1.5672695993165864,0.0,0.0,0.0,0.0,24.0,7.54,0.12,1.57
571.5,139.0,1.29,0.0,-6.5,1.5291592809204217,0.0,0.0,0.0,0.0,24.0,6.63,2.08,1.23
572.0,139.0,1.28,0.0,-6.54,-4.584051429827042,0.0,0.0,0.0,0.0,24.0,6.66,0.08,-1.82
572.5,139.0,1.58,0.0,-5.39,-4.6373782197924776,0.0,0.0,0.0,0.0,24.0,5.62,2.38,1.32
573.0,139.0,1.59,0.0,-5.38,-4.439707464699356,0.0,0.0,0.0,0.0,24.0,5.61,0.03,0.79
573.5,139.0,1.69,0.0,-4.21,-4.396812507673091,0.0,0.0,0.0,0.0,24.0,4.54,2.35,1.49
574.0,139.0,1.7,0.0,-4.24,-3.9582845704755,0.0,1.0,0.0,0.0,24.0,4.57,0.06,-1.25
574.5,139.0,1.58,0.0,-3.67,-4.114659090137184,0.0,0.0,1.0,0.0,24.0,4.0,1.16,1.78
575.0,139.0,1.58,0.0,-3.67,-4.114659090137184,0.0,0.0,1.0,0.0,24.0,4.0,1.16,0.0
575.5,139.0,1.59,0.0,-3.5,-4.184887648578932,0.0,1.0,0.0,0.0,24.0,3.84,0.34,1.51
576.0,139.0,1.48,0.0,-2.8,-4.177312919625276,0.0,0.0,0.0,0.0,24.0,3.17,1.42,1.73
576.5,139.0,1.48,0.0,-2.8,-4.097247685519288,1.0,0.0,0.0,0.0,24.0,3.17,0.0,0.0
577.0,139.0,1.51,0.0,-2.78,-4.153143600143659,0.0,0.0,0.0,0.0,24.0,3.16,0.07,0.59
577.5,139.0,1.47,0.0,-2.53,-4.056836332018611,0.0,0.0,0.0,0.0,24.0,2.93,0.51,1.73
578.0,139.0,1.31,0.0,-1.7,-4.078556954559681,0.0,0.0,0.0,0.0,24.0,2.15,1.69,1.76
578.5,139.0,1.31,0.0,-1.72,-3.573650655250242,0.0,0.0,0.0,0.0,24.0,2.16,0.04,-1.57
579.0,139.0,1.16,0.0,-1.49,-3.5963399355261676,0.0,0.0,0.0,1.0,24.0,1.89,0.55,2.15
579.5,139.0,1.02,0.0,-1.3,-3.2467190704251676,1.0,0.0,0.0,1.0,24.0,1.65,0.47,2.21
580.0,139.0,1.02,0.0,-1.29,-3.218263222300652,1.0,0.0,0.0,0.0,24.0,1.64,0.02,1.57
580.5,139.0,1.02,0.0,-1.29,-3.252770126941832,1.0,0.0,0.0,0.0,24.0,1.64,0.0,0.0
581.0,139.0,1.02,0.0,-1.29,-3.274115503693723,1.0,0.0,0.0,0.0,24.0,1.64,0.0,0.0
581.5,139.0,1.02,0.0,-1.29,-3.2569624078051227,1.0,0.0,0.0,0.0,24.0,1.64,0.0,0.0
582.0,139.0,1.02,0.0,-1.29,-3.2557668572675063,1.0,0.0,0.0,0.0,24.0,1.64,0.0,0.0
582.5,139.0,1.02,0.0,-1.29,-3.256887358647287,1.0,0.0,0.0,0.0,24.0,1.64,0.0,0.0
583.0,139.0,1.02,0.0,-1.29,-3.2548173981544215,1.0,0.0,0.0,0.0,24.0,1.64,0.0,0.0
583.5,139.0,1.02,0.0,-1.29,-3.2548173981544215,1.0,0.0,0.0,0.0,24.0,1.64,0.0,0.0
584.0,139.0,1.04,0.0,-1.3,-2.8616959467767145,1.0,0.0,0.0,0.0,24.0,1.66,0.04,-0.46
584.5,139.0,0.9,0.0,-1.28,-2.865633409569214,1.0,0.0,0.0,0.0,24.0,1.56,0.28,3.0
585.0,139.0,0.9,0.0,-1.28,-3.0137856831247527,1.0,0.0,0.0,0.0,24.0,1.56,0.0,0.0
585.5,139.0,0.87,0.0,-1.26,-3.4396198406725884,1.0,0.0,0.0,1.0,24.0,1.53,0.07,2.55
586.0,139.0,0.87,0.0,-1.26,-3.4238246109420403,1.0,0.0,0.0,0.0,24.0,1.53,0.0,0.0
586.5,139.0,0.87,0.0,-1.26,-3.248535958176494,1.0,0.0,0.0,0.0,24.0,1.53,0.0,0.0
587.0,139.0,0.87,0.0,-1.26,-3.3644799257157296,1.0,0.0,0.0,0.0,24.0,1.53,0.0,0.0
587.5,139.0,0.87,0.0,-1.26,-3.602569015626535,1.0,0.0,0.0,0.0,24.0,1.53,0.0,0.0
588.0,139.0,0.83,0.0,-1.24,-3.967594156705637,1.0,0.0,0.0,0.0,24.0,1.49,0.09,2.68
588.5,139.0,0.72,0.0,-1.05,-3.929189931844754,0.0,0.0,0.0,1.0,24.0,1.27,0.44,2.1
589.0,139.0,0.75,0.0,-1.07,-3.430219497321348,1.0,0.0,0.0,0.0,24.0,1.31,0.07,-0.59
589.5,139.0,0.67,0.0,-0.98,-3.4220705550437858,1.0,0.0,0.0,1.0,24.0,1.19,0.24,2.3
590.0,139.0,0.69,0.0,-0.98,-2.980617446019852,1.0,0.0,0.0,1.0,24.0,1.2,0.04,0.0
590.5,139.0,0.12,0.0,-0.91,-2.987195591970619,0.0,1.0,0.0,1.0,24.0,0.92,1.15,3.02
591.0,139.0,0.0,0.0,-0.87,-3.955123779200138,0.0,0.0,1.0,0.0,24.0,0.87,0.25,2.82
591.5,139.0,-0.28,0.0,-0.51,-3.9800645342111376,1.0,1.0,0.0,1.0,24.0,0.58,0.91,2.23
592.0,139.0,-0.22,0.0,-0.6,-3.9553489266736452,0.0,0.0,1.0,1.0,24.0,0.64,0.22,-0.98
592.5,139.0,-0.29,0.0,-0.45,-4.359652702568879,0.0,1.0,0.0,1.0,24.0,0.54,0.33,2.01
593.0,139.0,-0.26,0.0,-0.17,-4.353652260600523,1.0,0.0,0.0,0.0,24.0,0.31,0.56,1.46
593.5,,,,,,,,,,,,,
594.0,,,,,,,,,,,,,
594.5,,,,,,,,,,,,,
595.0,,,,,,,,,,,,,
595.5,,,,,,,,,,,,,
596.0,,,,,,,,,,,,,
596.5,,,,,,,,,,,,,
597.0,,,,,,,,,,,,,
597.5,139.0,1.73,0.0,-9.85,-4.434145100373249,0.0,0.0,0.0,1.0,25.0,10.0,,
598.0,139.0,1.77,0.0,-9.03,-4.440431776338934,0.0,0.0,0.0,0.0,25.0,9.2,1.64,1.52
598.5,139.0,1.77,0.0,-8.97,-4.560409199779527,0.0,0.0,0.0,0.0,25.0,9.14,0.12,1.57
599.0,139.0,1.78,0.0,-8.42,-4.705620593545455,0.0,0.0,0.0,0.0,25.0,8.61,1.1,1.55
599.5,139.0,1.79,0.0,-8.11,-4.511733712270658,0.0,0.0,0.0,0.0,25.0,8.31,0.62,1.54
600.0,139.0,1.77,0.0,-7.83,-4.3788722682918415,0.0,0.0,0.0,0.0,25.0,8.03,0.56,1.64
600.5,139.0,1.86,0.0,-7.0,-4.437246550454044,0.0,0.0,0.0,0.0,25.0,7.24,1.67,1.46
601.0,139.0,1.81,0.0,-6.46,-4.3564220981234385,0.0,0.0,0.0,0.0,25.0,6.71,1.08,1.66
601.5,139.0,1.85,0.0,-5.66,-4.443568133004767,0.0,0.0,0.0,0.0,25.0,5.95,1.6,1.52
602.0,139.0,1.72,0.0,-4.96,-4.376187951902274,0.0,0.0,0.0,0.0,25.0,5.25,1.42,1.75
602.5,139.0,1.79,0.0,-4.43,-4.326686923657211,0.0,0.0,0.0,0.0,25.0,4.78,1.07,1.44
603.0,139.0,1.83,0.0,-3.77,-4.230924198258786,0.0,0.0,0.0,0.0,25.0,4.19,1.32,1.51
603.5,139.0,1.87,0.0,-3.33,-3.7923805530979267,0.0,0.0,0.0,0.0,25.0,3.82,0.88,1.48
604.0,139.0,1.66,0.0,-2.92,-3.820632197699959,0.0,0.0,0.0,0.0,25.0,3.36,0.92,2.04
604.5,139.0,1.58,0.0,-2.82,-3.450981934103072,0.0,0.0,0.0,0.0,25.0,3.23,0.26,2.25
605.0,139.0,1.58,0.0,-2.82,-3.4624714365689506,0.0,0.0,0.0,0.0,25.0,3.23,0.0,0.0
605.5,139.0,1.28,0.0,-2.44,-3.4716797937024726,0.0,0.0,0.0,0.0,25.0,2.76,0.97,2.24
606.0,139.0,1.23,0.0,-2.37,-4.340488987381982,0.0,0.0,0.0,0.0,25.0,2.67,0.17,2.19
606.5,139.0,1.23,0.0,-2.19,-4.381357617146681,0.0,0.0,0.0,0.0,25.0,2.51,0.36,1.57
607.0,139.0,1.35,0.0,-1.73,-3.9586720335694427,0.0,0.0,0.0,0.0,25.0,2.19,0.95,1.32
607.5,139.0,1.35,0.0,-1.73,-3.922227813458549,0.0,0.0,0.0,0.0,25.0,2.19,0.0,0.0
608.0,139.0,1.39,0.0,-1.76,-3.131487197220746,0.0,0.0,0.0,0.0,25.0,2.24,0.1,-0.64
608.5,139.0,1.41,0.0,-1.77,-3.1174460233884513,0.0,0.0,0.0,0.0,25.0,2.26,0.04,-0.46
609.0,139.0,1.41,0.0,-1.77,-3.1174460233884513,0.0,0.0,0.0,0.0,25.0,2.26,0.04,0.0
609.5,139.0,0.97,0.0,-1.6,-3.118926062594143,0.0,0.0,0.0,0.0,25.0,1.87,0.94,2.77
610.0,139.0,0.9,0.0,-1.57,-3.5048969000264294,0.0,0.0,0.0,0.0,25.0,1.81,0.15,2.74
610.5,139.0,0.9,0.0,-1.57,-3.50626349283074,0.0,0.0,0.0,0.0,25.0,1.81,0.0,0.0
611.0,139.0,0.93,0.0,-1.6,-3.4936465076680734,0.0,0.0,0.0,0.0,25.0,1.85,0.08,-0.79
611.5,139.0,0.82,0.0,-1.55,-3.474234955727393,1.0,0.0,0.0,1.0,25.0,1.75,0.24,2.71
612.0,139.0,0.82,0.0,-1.55,-3.5528428399079655,1.0,0.0,1.0,0.0,25.0,1.75,0.0,0.0
612.5,139.0,0.82,0.0,-1.55,-3.792071629820324,1.0,1.0,0.0,0.0,25.0,1.75,0.0,0.0
613.0,139.0,0.92,0.0,-1.65,-3.697321195388055,1.0,1.0,0.0,0.0,25.0,1.89,0.28,-0.79
613.5,139.0,0.92,0.0,-1.66,-3.322475086607982,0.0,1.0,0.0,0.0,25.0,1.9,0.02,-1.57
614.0,139.0,0.85,0.0,-1.65,-3.5918055701294866,1.0,0.0,0.0,0.0,25.0,1.86,0.14,3.0
614.5,139.0,0.84,0.0,-1.7,-3.370215077637783,1.0,0.0,0.0,0.0,25.0,1.9,0.1,-1.77
615.0,139.0,0.87,0.0,-1.7,-2.785550722170706,1.0,1.0,0.0,0.0,25.0,1.91,0.06,0.0
615.5,139.0,0.53,0.0,-1.83,-2.835126799573605,1.0,0.0,0.0,0.0,25.0,1.91,0.73,-2.78
616.0,139.0,0.57,0.0,-1.85,-3.8969938431332145,1.0,0.0,0.0,0.0,25.0,1.94,0.09,-0.46
616.5,139.0,0.54,0.0,-1.83,-4.271293663857415,1.0,0.0,0.0,0.0,25.0,1.91,0.07,2.55
617.0,139.0,0.46,0.0,-1.72,-4.245276040697935,1.0,0.0,0.0,0.0,25.0,1.78,0.27,2.2
617.5,139.0,0.46,0.0,-1.72,-4.207936466680768,1.0,0.0,0.0,0.0,25.0,1.78,0.0,0.0
618.0,139.0,0.47,0.0,-1.7,-4.198797922717326,1.0,0.0,0.0,1.0,25.0,1.76,0.04,1.11
618.5,139.0,0.44,0.0,-1.65,-4.180372481804022,1.0,0.0,0.0,1.0,25.0,1.71,0.12,2.11
619.0,139.0,0.44,0.0,-1.65,-4.1549779411875045,1.0,0.0,0.0,1.0,25.0,1.71,0.0,0.0
619.5,139.0,0.2,0.0,-1.22,-4.164922827265368,0.0,1.0,0.0,0.0,25.0,1.24,0.98,2.08
620.0,139.0,0.19,0.0,-1.2,-4.121916169166976,0.0,1.0,0.0,1.0,25.0,1.21,0.04,2.03
620.5,139.0,0.19,0.0,-1.2,-4.216057483690299,0.0,1.0,0.0,1.0,25.0,1.21,0.0,0.0
621.0,139.0,0.24,0.0,-1.3,-4.1320251161945265,0.0,1.0,0.0,0.0,25.0,1.32,0.22,-1.11
621.5,139.0,0.24,0.0,-1.3,-4.1540895685982395,0.0,1.0,0.0,0.0,25.0,1.32,0.0,0.0
622.0,139.0,0.23,0.0,-1.22,-4.150810094933742,0.0,1.0,0.0,0.0,25.0,1.24,0.16,1.7
622.5,139.0,0.21,0.0,-1.12,-4.186687083037738,0.0,1.0,0.0,0.0,25.0,1.14,0.2,1.77
623.0,139.0,0.21,0.0,-1.11,-4.397554272605189,0.0,1.0,0.0,0.0,25.0,1.13,0.02,1.57
623.5,139.0,0.21,0.0,-1.11,-4.397554272605189,0.0,1.0,0.0,0.0,25.0,1.13,0.02,0.0
624.0,139.0,0.21,0.0,-1.11,-4.223229041586744,0.0,1.0,0.0,0.0,25.0,1.13,0.0,0.0
624.5,139.0,0.21,0.0,-1.11,-4.169099400165391,0.0,1.0,0.0,0.0,25.0,1.13,0.0,0.0
625.0,139.0,0.09,0.01,-0.67,-4.190743228219373,0.0,0.0,1.0,0.0,25.0,0.68,0.91,1.84
625.5,139.0,-0.11,0.01,-0.37,-4.234261267788599,1.0,0.0,1.0,0.0,25.0,0.39,0.72,2.16
626.0,139.0,-0.1,0.01,-0.51,-4.6690960882889705,0.0,1.0,1.0,0.0,25.0,0.52,0.28,-1.5
626.5,139.0,-0.11,0.01,-0.5,-4.627021436011143,1.0,1.0,1.0,0.0,25.0,0.51,0.03,2.36
627.0,139.0,0.11,0.01,0.3,-4.686500511589858,0.0,0.0,0.0,1.0,25.0,0.32,1.66,1.3
627.5,,,,,,,,,,,,,
628.0,,,,,,,,,,,,,
628.5,,,,,,,,,,,,,
629.0,,,,,,,,,,,,,
629.5,,,,,,,,,,,,,
630.0,,,,,,,,,,,,,
630.5,139.0,4.46,0.0,-8.95,-4.308493611534422,0.0,0.0,0.0,0.0,26.0,10.0,,
631.0,139.0,4.4,0.0,-8.87,-4.167692664788284,0.0,0.0,0.0,0.0,26.0,9.9,0.2,2.21
631.5,139.0,4.08,0.0,-7.77,-4.24055492507129,0.0,0.0,0.0,0.0,26.0,8.78,2.29,1.85
632.0,139.0,4.04,0.0,-7.13,-4.173703578732152,0.0,0.0,0.0,0.0,26.0,8.2,1.28,1.63
632.5,139.0,4.04,0.0,-6.63,-4.190263262675074,0.0,0.0,0.0,0.0,26.0,7.76,1.0,1.57
633.0,139.0,3.57,0.0,-5.38,-4.262059126785113,0.0,0.0,0.0,0.0,26.0,6.46,2.67,1.93
633.5,139.0,3.53,0.0,-5.29,-4.098917965613447,0.0,0.0,0.0,0.0,26.0,6.36,0.2,1.99
634.0,139.0,3.01,0.0,-4.04,-4.100218235906183,0.0,0.0,0.0,0.0,26.0,5.04,2.71,1.97
634.5,139.0,2.82,0.0,-3.79,-3.9936641397426773,0.0,0.0,0.0,0.0,26.0,4.72,0.63,2.22
635.0,139.0,2.44,0.0,-2.65,-3.9942331170788274,0.0,0.0,0.0,0.0,26.0,3.6,2.4,1.89
635.5,139.0,2.23,0.0,-2.06,-3.8328006332448634,0.0,0.0,0.0,0.0,26.0,3.04,1.25,1.91
636.0,139.0,2.1,0.0,-1.63,-3.2755012951198057,0.0,0.0,0.0,0.0,26.0,2.66,0.9,1.86
636.5,139.0,1.99,0.0,-1.51,-3.305812428239192,0.0,0.0,0.0,0.0,26.0,2.5,0.33,2.31
637.0,139.0,1.9,0.0,-1.29,-2.932203757898782,0.0,0.0,0.0,0.0,26.0,2.3,0.48,1.96
637.5,139.0,1.4,0.0,-1.07,-2.9132791528194075,1.0,0.0,0.0,0.0,26.0,1.76,1.09,2.73
638.0,139.0,1.38,0.0,-1.06,-2.892703466267646,1.0,0.0,0.0,0.0,26.0,1.74,0.04,2.68
638.5,139.0,1.38,0.0,-1.07,-2.511596861460668,0.0,1.0,0.0,0.0,26.0,1.75,0.02,-1.57
639.0,139.0,1.37,0.0,-1.07,-2.546198013881456,0.0,1.0,0.0,0.0,26.0,1.74,0.02,3.14
639.5,139.0,1.37,0.0,-1.07,-2.546198013881456,0.0,1.0,0.0,0.0,26.0,1.74,0.02,0.0
640.0,139.0,1.37,0.0,-1.07,-2.7895771967550567,1.0,0.0,0.0,0.0,26.0,1.74,0.0,0.0
640.5,139.0,1.39,0.0,-1.07,-2.0361168133398526,0.0,1.0,0.0,0.0,26.0,1.75,0.04,0.0
641.0,139.0,1.39,0.0,-1.07,-1.875923513274805,0.0,1.0,0.0,0.0,26.0,1.75,0.0,0.0
641.5,139.0,1.4,0.0,-1.07,-1.4037211934892355,0.0,1.0,0.0,0.0,26.0,1.76,0.02,0.0
642.0,139.0,1.46,0.0,-1.69,-1.4254208720792811,0.0,0.0,1.0,0.0,26.0,2.23,1.25,-1.47
642.5,139.0,1.46,0.0,-1.78,-2.3623083785620813,0.0,1.0,0.0,0.0,26.0,2.3,0.18,-1.57
643.0,139.0,1.43,0.0,-1.76,-3.312231749228027,1.0,0.0,0.0,0.0,26.0,2.27,0.07,2.55
643.5,139.0,1.41,0.0,-1.75,-3.876690427944765,1.0,0.0,0.0,0.0,26.0,2.25,0.04,2.68
644.0,139.0,1.43,0.0,-1.76,-3.4138762342056728,1.0,0.0,0.0,0.0,26.0,2.27,0.04,-0.46
644.5,139.0,1.45,0.0,-1.78,-2.9461855905365075,0.0,1.0,0.0,0.0,26.0,2.3,0.06,-0.79
645.0,139.0,0.75,0.0,-1.77,-2.9504773551671617,0.0,1.0,0.0,0.0,26.0,1.92,1.4,3.13
645.5,139.0,0.78,0.0,-1.8,-2.987141486763807,1.0,1.0,0.0,0.0,26.0,1.96,0.08,-0.79
646.0,139.0,0.72,0.0,-1.77,-3.4741965584838486,0.0,1.0,0.0,1.0,26.0,1.91,0.13,2.68
646.5,139.0,0.63,0.0,-1.73,-3.9743311276183357,0.0,0.0,1.0,0.0,26.0,1.84,0.2,2.72
647.0,139.0,0.63,0.0,-1.73,-3.9743311276183357,0.0,0.0,1.0,0.0,26.0,1.84,0.2,0.0
647.5,139.0,0.62,0.0,-1.73,-4.08794682593541,1.0,0.0,1.0,0.0,26.0,1.84,0.02,3.14
648.0,139.0,0.62,0.0,-1.77,-4.092395670198743,1.0,0.0,0.0,0.0,26.0,1.88,0.08,-1.57
648.5,139.0,0.36,0.0,-1.38,-4.1131720696144844,1.0,1.0,0.0,1.0,26.0,1.43,0.94,2.16
649.0,139.0,0.35,0.0,-1.36,-4.086829815214134,1.0,0.0,0.0,1.0,26.0,1.4,0.04,2.03
649.5,139.0,0.11,0.0,-0.76,-4.092189721347008,0.0,0.0,1.0,0.0,26.0,0.77,1.29,1.95
650.0,139.0,0.05,0.0,-0.58,-4.066695696963127,0.0,0.0,1.0,0.0,26.0,0.58,0.38,1.89
650.5,139.0,-0.19,0.0,0.07,-4.079340607393826,0.0,0.0,0.0,0.0,26.0,0.2,1.39,1.92
651.0,,,,,,,,,,,,,
651.5,,,,,,,,,,,,,
652.0,,,,,,,,,,,,,
652.5,,,,,,,,,,,,,
653.0,,,,,,,,,,,,,
653.5,,,,,,,,,,,,,
654.0,,,,,,,,,,,,,
654.5,,,,,,,,,,,,,
655.0,139.0,-0.46,0.0,-9.99,-4.243464388934366,0.0,0.0,0.0,0.0,27.0,10.0,,
655.5,139.0,-0.97,0.0,-9.26,-4.264322818824949,0.0,0.0,0.0,0.0,27.0,9.31,1.78,2.18
656.0,139.0,-1.13,0.0,-8.83,-4.358574089091147,0.0,0.0,0.0,0.0,27.0,8.9,0.92,1.93
656.5,139.0,-1.42,0.0,-8.43,-4.544046738042081,0.0,0.0,0.0,0.0,27.0,8.55,0.99,2.2
657.0,139.0,-1.68,0.0,-7.76,-4.480813459242326,0.0,0.0,0.0,0.0,27.0,7.94,1.44,1.94
657.5,139.0,-1.9,0.0,-6.93,-4.54306586300246,0.0,0.0,0.0,0.0,27.0,7.19,1.72,1.83
658.0,139.0,-1.88,0.0,-6.38,-4.5728272174074664,0.0,0.0,0.0,0.0,27.0,6.65,1.1,1.53
658.5,139.0,-1.77,0.0,-5.46,-4.61632431302567,0.0,0.0,0.0,0.0,27.0,5.74,1.85,1.45
659.0,139.0,-1.68,0.0,-5.21,-4.583573209611996,0.0,0.0,0.0,0.0,27.0,5.47,0.53,1.23
659.5,139.0,-1.75,0.0,-4.11,-4.643312339249258,0.0,0.0,0.0,0.0,27.0,4.47,2.2,1.63
660.0,139.0,-1.74,0.0,-3.77,-4.537936340330848,0.0,0.0,0.0,0.0,27.0,4.15,0.68,1.54
660.5,139.0,-1.76,0.0,-2.59,-4.6217453056823645,0.0,0.0,0.0,0.0,27.0,3.13,2.36,1.59
661.0,139.0,-1.73,0.0,-2.46,-4.517043003855225,0.0,0.0,0.0,0.0,27.0,3.01,0.27,1.34
661.5,139.0,-1.6,0.0,-1.47,-4.538072476012505,0.0,0.0,0.0,0.0,27.0,2.17,2.0,1.44
662.0,139.0,-1.6,0.0,-1.47,-4.538072476012505,0.0,0.0,0.0,0.0,27.0,2.17,2.0,0.0
662.5,139.0,-1.61,0.0,-1.32,0.8757709629998642,0.0,0.0,0.0,0.0,27.0,2.08,0.3,1.64
663.0,139.0,-1.58,0.0,-1.27,0.47702780610148376,0.0,1.0,0.0,0.0,27.0,2.03,0.12,1.03
663.5,139.0,-1.58,0.0,-1.27,0.479915976947684,0.0,0.0,0.0,0.0,27.0,2.03,0.0,0.0
664.0,139.0,-0.99,0.0,-1.26,0.4945952431545075,1.0,1.0,0.0,0.0,27.0,1.6,1.18,0.02
664.5,139.0,-0.93,0.0,-1.26,0.5879117150733372,1.0,1.0,1.0,0.0,27.0,1.57,0.12,0.0
665.0,139.0,-0.39,0.0,-1.1,0.6182280841804787,0.0,1.0,0.0,0.0,27.0,1.17,1.13,0.29
665.5,139.0,-0.36,0.0,-1.09,0.8426615434907562,0.0,1.0,1.0,0.0,27.0,1.15,0.06,0.32
666.0,139.0,-0.37,0.0,-1.13,1.2595604879330078,0.0,1.0,1.0,1.0,27.0,1.19,0.08,-1.82
666.5,139.0,-0.37,0.0,-1.13,1.2506486622393995,0.0,1.0,1.0,1.0,27.0,1.19,0.0,0.0
667.0,139.0,-0.36,0.0,-1.09,0.7051552547736074,1.0,1.0,0.0,0.0,27.0,1.15,0.08,1.33
667.5,139.0,-0.36,0.0,-1.09,0.7653483445493131,1.0,1.0,0.0,0.0,27.0,1.15,0.0,0.0
668.0,139.0,-0.31,0.0,-1.03,0.8158812114481553,1.0,1.0,1.0,0.0,27.0,1.08,0.16,0.88
668.5,139.0,0.07,0.0,-0.94,1.3243629922632303,0.0,1.0,0.0,0.0,27.0,0.94,0.78,0.23
669.0,139.0,0.08,0.0,-0.96,-4.337174607132445,0.0,1.0,0.0,1.0,27.0,0.96,0.04,-1.11
669.5,139.0,0.16,0.0,-0.71,-4.453732930568382,1.0,0.0,1.0,0.0,27.0,0.73,0.52,1.26
670.0,139.0,0.17,0.0,-0.7,-4.498977100767831,1.0,0.0,1.0,1.0,27.0,0.72,0.03,0.79
670.5,139.0,0.21,0.0,-0.6,-4.568647153848941,1.0,0.0,1.0,0.0,27.0,0.64,0.22,1.19
671.0,,,,,,,,,,,,,
