Time,ID,Positionx,Positionz,Positiony,Yaw,Up,Right,Down,Left,Trajectory,Distance,Speed
0.0,,,,,,,,,,,,
0.5,,,,,,,,,,,,
1.0,,,,,,,,,,,,
1.5,,,,,,,,,,,,
2.0,,,,,,,,,,,,
2.5,,,,,,,,,,,,
3.0,,,,,,,,,,,,
3.5,,,,,,,,,,,,
4.0,,,,,,,,,,,,
4.5,,,,,,,,,,,,
5.0,,,,,,,,,,,,
5.5,,,,,,,,,,,,
6.0,,,,,,,,,,,,
6.5,,,,,,,,,,,,
7.0,,,,,,,,,,,,
7.5,,,,,,,,,,,,
8.0,,,,,,,,,,,,
8.5,,,,,,,,,,,,
9.0,,,,,,,,,,,,
9.5,,,,,,,,,,,,
10.0,,,,,,,,,,,,
10.5,,,,,,,,,,,,
11.0,,,,,,,,,,,,
11.5,,,,,,,,,,,,
12.0,,,,,,,,,,,,
12.5,,,,,,,,,,,,
13.0,,,,,,,,,,,,
13.5,,,,,,,,,,,,
14.0,,,,,,,,,,,,
14.5,,,,,,,,,,,,
15.0,,,,,,,,,,,,
15.5,,,,,,,,,,,,
16.0,,,,,,,,,,,,
16.5,,,,,,,,,,,,
17.0,,,,,,,,,,,,
17.5,,,,,,,,,,,,
18.0,,,,,,,,,,,,
18.5,,,,,,,,,,,,
19.0,,,,,,,,,,,,
19.5,,,,,,,,,,,,
20.0,,,,,,,,,,,,
20.5,,,,,,,,,,,,
21.0,,,,,,,,,,,,
21.5,,,,,,,,,,,,
22.0,,,,,,,,,,,,
22.5,,,,,,,,,,,,
23.0,,,,,,,,,,,,
23.5,,,,,,,,,,,,
24.0,,,,,,,,,,,,
24.5,,,,,,,,,,,,
25.0,,,,,,,,,,,,
25.5,,,,,,,,,,,,
26.0,,,,,,,,,,,,
26.5,,,,,,,,,,,,
27.0,,,,,,,,,,,,
27.5,,,,,,,,,,,,
28.0,,,,,,,,,,,,
28.5,,,,,,,,,,,,
29.0,,,,,,,,,,,,
29.5,,,,,,,,,,,,
30.0,,,,,,,,,,,,
30.5,,,,,,,,,,,,
31.0,,,,,,,,,,,,
31.5,,,,,,,,,,,,
32.0,,,,,,,,,,,,
32.5,,,,,,,,,,,,
33.0,,,,,,,,,,,,
33.5,,,,,,,,,,,,
34.0,,,,,,,,,,,,
34.5,,,,,,,,,,,,
35.0,,,,,,,,,,,,
35.5,,,,,,,,,,,,
36.0,,,,,,,,,,,,
36.5,,,,,,,,,,,,
37.0,,,,,,,,,,,,
37.5,,,,,,,,,,,,
38.0,,,,,,,,,,,,
38.5,,,,,,,,,,,,
39.0,,,,,,,,,,,,
39.5,,,,,,,,,,,,
40.0,,,,,,,,,,,,
40.5,,,,,,,,,,,,
41.0,,,,,,,,,,,,
41.5,27.0,-0.14,0.0,-3.67,11.04095,1.0,1.0,0.0,1.0,1.0,3.6726693289758607,
42.027000000000044,27.0,-0.14,0.0,-3.67,11.11384,1.0,1.0,0.0,1.0,1.0,3.6726693289758607,0.0
42.55799999999908,27.0,-0.14,0.0,-3.67,11.10216,1.0,1.0,0.0,0.0,1.0,3.6726693289758607,0.0
43.12700000000041,27.0,-0.14,0.0,-3.67,11.13446,1.0,1.0,0.0,0.0,1.0,3.6726693289758607,0.0
43.67399999999907,27.0,-0.14,0.0,-3.67,11.11717,0.0,1.0,0.0,0.0,1.0,3.6726693289758607,0.0
44.25,27.0,-0.14,0.0,-3.67,11.03195,1.0,1.0,0.0,0.0,1.0,3.6726693289758607,0.0
44.82899999999972,27.0,-0.14,0.0,-3.67,11.10004,1.0,1.0,0.0,0.0,1.0,3.6726693289758607,0.0
45.373999999999796,27.0,-0.14,0.0,-3.67,11.12503,1.0,1.0,0.0,0.0,1.0,3.6726693289758607,0.0
45.91400000000067,27.0,-0.14,0.0,-3.67,8.144954,1.0,1.0,0.0,0.0,1.0,3.6726693289758607,0.0
46.447000000000116,27.0,-0.14,0.0,-3.67,5.717556,1.0,1.0,0.0,0.0,1.0,3.6726693289758607,0.0
46.97099999999955,27.0,-0.25,0.0,-3.38,5.373839,0.0,1.0,0.0,0.0,1.0,3.389232951568835,0.5919107793621229
47.49699999999939,27.0,-0.22,0.0,-2.87,5.282504,1.0,1.0,0.0,0.0,1.0,2.8784197053244336,0.9712577775246146
48.024999999999636,27.0,-0.18,0.0,-2.86,5.336282,0.0,1.0,0.0,0.0,1.0,2.865658737533135,0.07808912169726771
48.55400000000009,27.0,-0.18,0.0,-2.86,5.763941,0.0,0.0,1.0,1.0,1.0,2.865658737533135,0.0
49.10200000000077,27.0,-0.18,0.0,-2.86,8.007543,0.0,1.0,0.0,0.0,1.0,2.865658737533135,0.0
49.6299999999992,27.0,-0.18,0.0,-2.86,7.519348,1.0,1.0,0.0,0.0,1.0,2.865658737533135,0.0
50.1309999999994,27.0,-0.18,0.0,-2.86,7.946681,0.0,1.0,0.0,0.0,1.0,2.865658737533135,0.0
50.64500000000044,27.0,-0.18,0.0,-2.86,8.470523,0.0,1.0,0.0,0.0,1.0,2.865658737533135,0.0
51.173000000000684,27.0,-0.18,0.0,-2.86,8.642259,0.0,1.0,0.0,0.0,1.0,2.865658737533135,0.0
51.72099999999955,27.0,-0.18,0.0,-2.86,8.609941,0.0,1.0,0.0,0.0,1.0,2.865658737533135,0.0
52.25,27.0,-0.18,0.0,-2.86,8.813959,0.0,1.0,0.0,0.0,1.0,2.865658737533135,0.0
52.822000000000116,27.0,-0.18,0.0,-2.86,8.852534,0.0,1.0,0.0,0.0,1.0,2.865658737533135,0.0
53.326999999999316,27.0,-0.18,0.0,-2.86,8.745116,0.0,1.0,0.0,0.0,1.0,2.865658737533135,0.0
53.870999999999185,27.0,-0.18,0.0,-2.86,8.788153,0.0,1.0,0.0,0.0,1.0,2.865658737533135,0.0
54.375,27.0,-0.18,0.0,-2.86,8.857171,1.0,1.0,0.0,0.0,1.0,2.865658737533135,0.0
54.94599999999991,27.0,-0.18,0.0,-2.86,9.047683,0.0,1.0,0.0,0.0,1.0,2.865658737533135,0.0
55.49799999999959,27.0,-0.18,0.0,-2.86,9.084733,0.0,1.0,0.0,0.0,1.0,2.865658737533135,0.0
56.04600000000028,27.0,-0.18,0.0,-2.86,9.191968,0.0,1.0,0.0,0.0,1.0,2.865658737533135,0.0
56.548000000000684,27.0,-0.18,0.0,-2.86,9.210092,0.0,1.0,0.0,0.0,1.0,2.865658737533135,0.0
57.10100000000057,27.0,-0.18,0.0,-2.86,9.147128,1.0,1.0,1.0,0.0,1.0,2.865658737533135,0.0
57.60100000000057,27.0,-0.18,0.0,-2.86,9.106268,1.0,1.0,0.0,0.0,1.0,2.865658737533135,0.0
58.175999999999476,27.0,-0.18,0.0,-2.86,9.141215,1.0,1.0,0.0,0.0,1.0,2.865658737533135,0.0
58.699000000000524,27.0,-0.18,0.0,-2.86,9.275782,0.0,1.0,0.0,0.0,1.0,2.865658737533135,0.0
59.22700000000077,27.0,-0.18,0.0,-2.86,9.453903,0.0,1.0,0.0,0.0,1.0,2.865658737533135,0.0
59.77399999999943,27.0,-0.18,0.0,-2.86,9.824201,0.0,0.0,1.0,0.0,1.0,2.865658737533135,0.0
60.30199999999968,27.0,-0.18,0.0,-2.86,10.11628,0.0,1.0,0.0,0.0,1.0,2.865658737533135,0.0
60.876000000000204,27.0,-0.18,0.0,-2.86,10.36668,0.0,1.0,0.0,0.0,1.0,2.865658737533135,0.0
61.40099999999984,27.0,-0.18,0.0,-2.86,10.45443,0.0,1.0,0.0,0.0,1.0,2.865658737533135,0.0
61.92900000000009,27.0,-0.18,0.0,-2.86,10.68033,0.0,1.0,0.0,0.0,1.0,2.865658737533135,0.0
62.469999999999345,27.0,-0.18,0.0,-2.86,11.58881,0.0,1.0,0.0,0.0,1.0,2.865658737533135,0.0
63.02100000000064,27.0,-0.18,0.0,-2.86,11.73809,0.0,1.0,0.0,0.0,1.0,2.865658737533135,0.0
63.54700000000048,27.0,-0.18,0.0,-2.86,11.89678,0.0,1.0,0.0,0.0,1.0,2.865658737533135,0.0
64.07200000000012,27.0,-0.18,0.0,-2.86,11.80603,0.0,1.0,0.0,0.0,1.0,2.865658737533135,0.0
64.57300000000032,27.0,-0.18,0.0,-2.86,12.0246,0.0,1.0,0.0,0.0,1.0,2.865658737533135,0.0
65.10000000000036,27.0,-0.18,0.0,-2.86,12.17203,0.0,1.0,0.0,0.0,1.0,2.865658737533135,0.0
65.65099999999984,27.0,-0.18,0.0,-2.86,12.27855,0.0,1.0,0.0,0.0,1.0,2.865658737533135,0.0
66.25,27.0,-0.18,0.0,-2.86,12.20974,1.0,1.0,0.0,0.0,1.0,2.865658737533135,0.0
66.82300000000032,27.0,-0.18,0.0,-2.86,12.18251,0.0,1.0,0.0,0.0,1.0,2.865658737533135,0.0
67.41599999999926,27.0,-0.18,0.0,-2.86,12.16655,1.0,1.0,0.0,0.0,1.0,2.865658737533135,0.0
68.0049999999992,27.0,-0.18,0.0,-2.86,12.23045,0.0,1.0,0.0,0.0,1.0,2.865658737533135,0.0
68.59900000000016,27.0,-0.18,0.0,-2.86,12.26896,0.0,1.0,0.0,0.0,1.0,2.865658737533135,0.0
69.1869999999999,27.0,-0.18,0.0,-2.86,12.27105,0.0,1.0,0.0,0.0,1.0,2.865658737533135,0.0
69.78299999999945,27.0,-0.18,0.0,-2.86,12.26943,0.0,1.0,0.0,0.0,1.0,2.865658737533135,0.0
70.37800000000061,27.0,-0.18,0.0,-2.86,12.28417,0.0,1.0,0.0,0.0,1.0,2.865658737533135,0.0
70.97600000000057,27.0,-0.18,0.0,-2.86,12.32484,0.0,1.0,0.0,0.0,1.0,2.865658737533135,0.0
71.52800000000025,27.0,-0.18,0.0,-2.86,12.43028,0.0,1.0,0.0,0.0,1.0,2.865658737533135,0.0
72.1200000000008,27.0,-0.18,0.0,-2.86,12.30307,0.0,1.0,0.0,0.0,1.0,2.865658737533135,0.0
72.71800000000076,27.0,-0.18,0.0,-2.86,12.27748,0.0,1.0,0.0,0.0,1.0,2.865658737533135,0.0
73.3109999999997,27.0,-0.18,0.0,-2.86,12.31737,0.0,1.0,0.0,0.0,1.0,2.865658737533135,0.0
73.90500000000065,27.0,-0.18,0.0,-2.86,12.35196,0.0,1.0,0.0,0.0,1.0,2.865658737533135,0.0
74.45399999999972,27.0,-0.18,0.0,-2.86,12.4401,0.0,1.0,0.0,0.0,1.0,2.865658737533135,0.0
74.97700000000077,27.0,-0.18,0.0,-2.86,12.56466,1.0,1.0,0.0,0.0,1.0,2.865658737533135,0.0
75.57400000000052,27.0,-0.18,0.0,-2.86,12.60111,0.0,1.0,0.0,0.0,1.0,2.865658737533135,0.0
76.12800000000061,27.0,-0.18,0.0,-2.86,12.66029,0.0,1.0,0.0,0.0,1.0,2.865658737533135,0.0
76.67799999999988,27.0,-0.18,0.0,-2.86,12.73949,0.0,1.0,0.0,0.0,1.0,2.865658737533135,0.0
77.19800000000032,27.0,-0.18,0.0,-2.86,12.81966,0.0,1.0,0.0,0.0,1.0,2.865658737533135,0.0
77.72299999999996,27.0,-0.18,0.0,-2.86,12.95764,0.0,1.0,0.0,0.0,1.0,2.865658737533135,0.0
78.25,27.0,-0.18,0.0,-2.86,13.03568,0.0,1.0,0.0,0.0,1.0,2.865658737533135,0.0
78.77399999999943,27.0,-0.18,0.0,-2.86,13.23033,0.0,1.0,0.0,0.0,1.0,2.865658737533135,0.0
79.30299999999988,27.0,-0.18,0.0,-2.86,13.06344,0.0,1.0,0.0,0.0,1.0,2.865658737533135,0.0
79.80500000000029,27.0,-0.18,0.0,-2.86,12.97089,1.0,1.0,0.0,0.0,1.0,2.865658737533135,0.0
80.35000000000036,27.0,-0.18,0.0,-2.86,13.00386,1.0,1.0,0.0,0.0,1.0,2.865658737533135,0.0
80.85100000000057,27.0,-0.18,0.0,-2.86,13.08118,1.0,1.0,0.0,0.0,1.0,2.865658737533135,0.0
81.40099999999984,27.0,-0.18,0.0,-2.86,13.25663,1.0,1.0,0.0,0.0,1.0,2.865658737533135,0.0
81.94900000000052,27.0,-0.18,0.0,-2.86,13.33732,0.0,1.0,0.0,0.0,1.0,2.865658737533135,0.0
82.47400000000016,27.0,-0.18,0.0,-2.86,13.22345,0.0,1.0,0.0,0.0,1.0,2.865658737533135,0.0
83.02100000000064,27.0,-0.18,0.0,-2.86,13.43862,0.0,1.0,0.0,0.0,1.0,2.865658737533135,0.0
83.55099999999948,27.0,-0.18,0.0,-2.86,13.39623,0.0,1.0,0.0,0.0,1.0,2.865658737533135,0.0
84.09900000000016,27.0,-0.18,0.0,-2.86,13.46486,0.0,1.0,0.0,0.0,1.0,2.865658737533135,0.0
84.64799999999923,27.0,-0.18,0.0,-2.86,13.48027,0.0,1.0,0.0,0.0,1.0,2.865658737533135,0.0
85.15099999999984,27.0,-0.18,0.0,-2.86,13.52053,0.0,1.0,0.0,0.0,1.0,2.865658737533135,0.0
85.70000000000073,27.0,-0.18,0.0,-2.86,13.65695,0.0,1.0,0.0,0.0,1.0,2.865658737533135,0.0
86.2510000000002,27.0,-0.18,0.0,-2.86,13.868,1.0,1.0,0.0,0.0,1.0,2.865658737533135,0.0
86.79899999999907,27.0,-0.18,0.0,-2.86,13.90713,0.0,1.0,0.0,0.0,1.0,2.865658737533135,0.0
87.34499999999935,27.0,-0.18,0.0,-2.86,13.93806,0.0,1.0,0.0,1.0,1.0,2.865658737533135,0.0
87.89199999999983,27.0,-0.18,0.0,-2.86,13.96033,0.0,0.0,0.0,1.0,1.0,2.865658737533135,0.0
88.42399999999907,27.0,-0.18,0.0,-2.86,14.09957,0.0,0.0,1.0,0.0,1.0,2.865658737533135,0.0
88.96999999999935,27.0,-0.18,0.0,-2.86,14.00934,0.0,0.0,1.0,1.0,1.0,2.865658737533135,0.0
89.53900000000067,27.0,-0.18,0.0,-2.86,13.95418,0.0,0.0,1.0,0.0,1.0,2.865658737533135,0.0
90.08699999999953,27.0,-0.18,0.0,-2.86,12.4437,0.0,1.0,0.0,1.0,1.0,2.865658737533135,0.0
90.61100000000079,27.0,-0.18,0.0,-2.86,10.3517,0.0,0.0,1.0,0.0,1.0,2.865658737533135,0.0
91.15899999999965,27.0,-0.18,0.0,-2.86,10.41127,0.0,1.0,0.0,0.0,1.0,2.865658737533135,0.0
91.73500000000058,27.0,-0.18,0.0,-2.86,10.17566,0.0,0.0,1.0,0.0,1.0,2.865658737533135,0.0
92.25900000000001,27.0,-0.18,0.0,-2.86,10.44618,0.0,0.0,1.0,0.0,1.0,2.865658737533135,0.0
92.83200000000033,27.0,-0.18,0.0,-2.86,13.75637,0.0,0.0,1.0,0.0,1.0,2.865658737533135,0.0
93.38299999999981,27.0,-0.18,0.0,-2.86,359.1034,0.0,0.0,1.0,0.0,1.0,2.865658737533135,0.0
93.94000000000051,27.0,-0.18,0.0,-2.86,0.7861013,0.0,0.0,1.0,0.0,1.0,2.865658737533135,0.0
94.51200000000063,27.0,-0.08,0.0,-2.66,1.416326,0.0,0.0,1.0,1.0,1.0,2.6612027356065906,0.3909209750872958
95.01399999999921,27.0,-0.09,0.0,-2.21,1.881323,1.0,0.0,0.0,0.0,1.0,2.211831820008022,0.8966356521879317
95.58799999999974,27.0,-0.09,0.0,-2.21,2.609675,1.0,0.0,0.0,0.0,1.0,2.211831820008022,0.0
96.18399999999929,27.0,-0.04,0.0,-2.2,3.033459,1.0,0.0,0.0,0.0,1.0,2.200363606316011,0.08555401868450738
96.7430000000004,27.0,-0.04,0.0,-2.2,2.903137,1.0,0.0,0.0,0.0,1.0,2.200363606316011,0.0
97.28800000000047,27.0,-0.04,0.0,-2.2,1.324405,1.0,0.0,0.0,0.0,1.0,2.200363606316011,0.0
97.78900000000067,27.0,-0.04,0.0,-2.2,0.4166022,1.0,0.0,0.0,0.0,1.0,2.200363606316011,0.0
98.3140000000003,27.0,-0.04,0.0,-2.2,359.2474,1.0,0.0,0.0,0.0,1.0,2.200363606316011,0.0
98.86399999999958,27.0,-0.04,0.0,-2.2,2.086301,1.0,0.0,0.0,0.0,1.0,2.200363606316011,0.0
99.38700000000063,27.0,-0.04,0.0,-2.2,3.189894,1.0,0.0,0.0,0.0,1.0,2.200363606316011,0.0
99.9390000000003,27.0,-0.04,0.0,-2.2,6.277159,1.0,0.0,0.0,0.0,1.0,2.200363606316011,0.0
100.51000000000022,27.0,-0.04,0.0,-2.2,5.438647,1.0,0.0,0.0,0.0,1.0,2.200363606316011,0.0
101.0609999999997,27.0,-0.04,0.0,-2.2,4.335877,1.0,0.0,0.0,0.0,1.0,2.200363606316011,0.0
101.65500000000065,27.0,-0.04,0.0,-2.2,3.712511,1.0,0.0,0.0,0.0,1.0,2.200363606316011,0.0
102.25300000000061,27.0,-0.04,0.0,-2.2,3.104397,1.0,0.0,0.0,0.0,1.0,2.200363606316011,0.0
102.79299999999967,27.0,-0.04,0.0,-2.2,2.987527,1.0,0.0,0.0,0.0,1.0,2.200363606316011,0.0
103.36199999999917,27.0,-0.04,0.0,-2.2,2.988625,1.0,0.0,0.0,0.0,1.0,2.200363606316011,0.0
103.93399999999929,27.0,-0.04,0.0,-2.2,3.048408,1.0,0.0,0.0,0.0,1.0,2.200363606316011,0.0
104.43399999999929,27.0,-0.04,0.0,-2.2,2.891177,1.0,0.0,1.0,0.0,1.0,2.200363606316011,0.0
104.95800000000054,27.0,-0.04,0.0,-2.2,2.829871,1.0,0.0,0.0,1.0,1.0,2.200363606316011,0.0
105.53199999999924,27.0,-0.04,0.0,-2.2,2.787672,1.0,0.0,0.0,1.0,1.0,2.200363606316011,0.0
106.1299999999992,27.0,0.09,0.0,-2.19,2.519202,1.0,0.0,0.0,0.0,1.0,2.1918485349129395,0.21803352525762967
106.72299999999996,27.0,0.09,0.0,-2.19,1.583053,1.0,0.0,0.0,0.0,1.0,2.1918485349129395,0.0
107.22299999999996,27.0,0.09,0.0,-2.2,1.259438,1.0,0.0,0.0,0.0,1.0,2.2018401395196703,0.020000000000000462
107.72299999999996,27.0,0.05,0.0,-2.21,1.107054,1.0,0.0,0.0,0.0,1.0,2.2105655384991416,0.0824621125123531
108.22299999999996,27.0,-0.08,0.0,-2.17,359.1378,1.0,0.0,0.0,0.0,1.0,2.1714741536569115,0.2720294101747089
108.72299999999996,27.0,-0.08,0.0,-2.17,359.4209,1.0,0.0,0.0,0.0,1.0,2.1714741536569115,0.0
109.22299999999996,27.0,-0.08,0.0,-2.17,359.4258,1.0,0.0,0.0,0.0,1.0,2.1714741536569115,0.0
109.72299999999996,27.0,-0.06,0.0,-2.2,359.5712,1.0,0.0,0.0,0.0,1.0,2.20081802973349,0.07211102550928021
110.22299999999996,27.0,-0.06,0.0,-2.2,1.639018,1.0,0.0,0.0,0.0,1.0,2.20081802973349,0.0
110.72299999999996,27.0,-0.06,0.0,-2.2,1.457504,1.0,0.0,0.0,0.0,1.0,2.20081802973349,0.0
111.22299999999996,27.0,-0.06,0.0,-2.2,1.672527,1.0,0.0,0.0,0.0,1.0,2.20081802973349,0.0
111.72299999999996,27.0,-0.06,0.0,-2.2,1.807553,1.0,0.0,0.0,0.0,1.0,2.20081802973349,0.0
112.22299999999996,27.0,-0.06,0.0,-2.2,1.798843,1.0,0.0,0.0,0.0,1.0,2.20081802973349,0.0
112.8119999999999,27.0,-0.06,0.0,-2.2,1.781107,1.0,0.0,0.0,0.0,1.0,2.20081802973349,0.0
113.38400000000001,27.0,-0.06,0.0,-2.2,1.752351,1.0,0.0,0.0,0.0,1.0,2.20081802973349,0.0
113.88999999999942,27.0,-0.06,0.0,-2.2,1.778009,1.0,0.0,0.0,0.0,1.0,2.20081802973349,0.0
114.48099999999977,27.0,-0.06,0.0,-2.2,1.823827,1.0,0.0,0.0,0.0,1.0,2.20081802973349,0.0
115.07699999999932,27.0,-0.06,0.0,-2.2,1.837924,1.0,0.0,0.0,0.0,1.0,2.20081802973349,0.0
115.57699999999932,27.0,-0.06,0.0,-2.2,1.734434,1.0,0.0,0.0,0.0,1.0,2.20081802973349,0.0
116.16599999999926,27.0,-0.06,0.0,-2.2,0.7227576,1.0,0.0,0.0,0.0,1.0,2.20081802973349,0.0
116.71299999999974,27.0,-0.03,0.0,-2.16,0.8727515,1.0,0.0,0.0,0.0,1.0,2.160208323287363,0.09140767824489239
117.28700000000026,27.0,-0.03,0.0,-2.16,0.267653,1.0,0.0,0.0,0.0,1.0,2.160208323287363,0.0
117.85900000000038,27.0,-0.01,0.0,-2.2,0.2721651,1.0,0.0,0.0,0.0,1.0,2.2000227271553356,0.0781841950174593
118.45600000000013,27.0,-0.03,0.0,-2.19,1.348392,1.0,0.0,0.0,0.0,1.0,2.1902054698132774,0.03745507500001217
119.04600000000028,27.0,-0.03,0.0,-2.19,2.325689,1.0,0.0,0.0,0.0,1.0,2.1902054698132774,0.0
119.64099999999962,27.0,-0.04,0.0,-2.32,0.9907886,1.0,0.0,0.0,0.0,1.0,2.320344801963708,0.2191328539566325
120.23600000000079,27.0,-0.05,0.0,-2.23,0.978956,1.0,0.0,0.0,0.0,1.0,2.230560467685196,0.15219134685915436
120.83100000000013,27.0,-0.06,0.0,-2.37,1.27645,1.0,0.0,0.0,0.0,1.0,2.370759372015642,0.23589359407787663
121.42599999999948,27.0,-0.07,0.0,-2.35,0.6468104,1.0,0.0,0.0,0.0,1.0,2.3510423220350587,0.03758097441180257
122.02100000000064,27.0,-0.05,0.0,-2.25,0.5222602,1.0,0.0,0.0,0.0,1.0,2.25055548698538,0.17139561390194327
122.61299999999937,27.0,-0.02,0.0,-2.27,0.7699405,1.0,0.0,0.0,0.0,1.0,2.2700881040171104,0.060904582355940894
123.1820000000007,27.0,0.58,0.0,-2.2,1.022637,0.0,0.0,0.0,0.0,1.0,2.2751703232945,1.0616336246399865
123.77700000000004,27.0,0.61,0.0,-2.18,0.9005141,0.0,0.0,0.0,1.0,1.0,2.263735850314696,0.060597500428032955
124.32200000000012,27.0,0.49,0.0,-1.93,0.07638051,1.0,0.0,0.0,1.0,1.0,1.9912307751739877,0.5088229219765213
124.8680000000004,27.0,0.49,0.0,-1.93,0.2792341,1.0,0.0,0.0,1.0,1.0,1.9912307751739877,0.0
125.46099999999933,27.0,0.49,0.0,-1.93,0.07165197,1.0,0.0,0.0,1.0,1.0,1.9912307751739877,0.0
126.02599999999984,27.0,0.49,0.0,-1.93,0.04271305,0.0,0.0,1.0,0.0,1.0,1.9912307751739877,0.0
126.6239999999998,27.0,0.5,0.0,-1.93,0.04536917,1.0,0.0,0.0,1.0,1.0,1.9937151250868315,0.016722408026757087
127.22400000000016,27.0,0.88,0.0,-1.79,359.9765,0.0,0.0,0.0,1.0,1.0,1.9946177578674065,0.6749485577101436
127.72400000000016,27.0,0.73,0.0,-1.66,358.776,1.0,0.0,0.0,1.0,1.0,1.8134221791960083,0.3969886648255843
128.22400000000016,27.0,0.77,0.0,-1.69,357.5968,1.0,0.0,0.0,1.0,1.0,1.8571483516402236,0.10000000000000009
128.72400000000016,27.0,0.77,0.0,-1.69,341.0184,1.0,0.0,0.0,1.0,1.0,1.8571483516402236,0.0
129.22400000000016,27.0,0.77,0.0,-1.69,336.131,1.0,0.0,0.0,1.0,1.0,1.8571483516402236,0.0
129.72400000000016,27.0,0.69,0.0,-1.59,338.962,1.0,0.0,0.0,0.0,1.0,1.7332628190785146,0.25612496949731384
130.22400000000016,27.0,0.69,0.0,-1.59,339.1984,1.0,0.0,0.0,0.0,1.0,1.7332628190785146,0.0
130.72400000000016,27.0,0.69,0.0,-1.59,340.2692,1.0,0.0,0.0,1.0,1.0,1.7332628190785146,0.0
131.22400000000016,27.0,0.55,0.0,-1.46,340.1562,1.0,0.0,0.0,0.0,1.0,1.5601602481796542,0.38209946349085605
131.72400000000016,27.0,0.55,0.0,-1.46,340.6934,1.0,0.0,0.0,0.0,1.0,1.5601602481796542,0.0
132.22400000000016,27.0,0.4,0.0,-1.3,340.2712,1.0,0.0,0.0,0.0,1.0,1.3601470508735443,0.43863424398922607
132.72400000000016,27.0,0.4,0.0,-1.3,341.7483,1.0,0.0,0.0,0.0,1.0,1.3601470508735443,0.0
133.22400000000016,27.0,0.22,0.0,-1.12,341.6724,1.0,0.0,0.0,0.0,1.0,1.141402645870422,0.5091168824543142
133.72400000000016,27.0,0.02,0.0,-0.89,344.5687,0.0,0.0,1.0,0.0,1.0,0.8902246907382427,0.609590026165127
134.22400000000016,27.0,0.14,0.0,-0.48,353.6077,0.0,0.0,1.0,0.0,1.0,0.5,0.8544003745317532
134.72400000000016,27.0,0.14,0.0,0.5,358.936,0.0,0.0,0.0,0.0,1.0,0.5192301994298868,1.96
135.22400000000016,,,,,,,,,,,,
135.72400000000016,,,,,,,,,,,,
136.22400000000016,,,,,,,,,,,,
136.82200000000012,,,,,,,,,,,,
137.3729999999996,,,,,,,,,,,,
137.8729999999996,27.0,3.97,0.0,-9.18,8.379924,0.0,0.0,0.0,0.0,2.0,10.001664861411824,22.319829748454623
138.3729999999996,27.0,3.95,0.0,-8.16,340.3894,0.0,0.0,0.0,0.0,2.0,9.065765273819967,2.040392119177095
138.8729999999996,27.0,3.47,0.0,-7.16,341.2176,0.0,0.0,0.0,0.0,2.0,7.956538191952578,2.2184679398179274
139.3729999999996,27.0,2.98,0.0,-5.95,342.7983,0.0,0.0,0.0,1.0,2.0,6.65453980377306,2.6109002278907556
139.8729999999996,27.0,3.05,0.0,-5.86,344.7917,0.0,0.0,0.0,0.0,2.0,6.606216769074415,0.22803508501982717
140.3729999999996,27.0,2.77,0.0,-4.82,343.8876,0.0,0.0,0.0,0.0,2.0,5.559253547015103,2.1540659228538015
140.8729999999996,27.0,2.61,0.0,-3.92,341.9889,0.0,0.0,0.0,0.0,2.0,4.709405482648527,1.8282231811242309
141.3729999999996,27.0,2.59,0.0,-3.55,339.7456,0.0,0.0,0.0,0.0,2.0,4.394382778047447,0.7410802925459564
141.8729999999996,27.0,2.2,0.0,-2.55,338.0256,0.0,0.0,0.0,0.0,2.0,3.3678628238097823,2.1467184258770406
142.3729999999996,27.0,1.68,0.0,-2.1,336.2693,1.0,0.0,0.0,1.0,2.0,2.6893121797217963,1.3753544997563356
142.8729999999996,27.0,1.54,0.0,-1.28,335.796,0.0,0.0,1.0,0.0,2.0,2.0024984394500787,1.6637307474468337
143.3729999999996,27.0,0.84,0.0,-0.91,334.1354,1.0,0.0,0.0,0.0,2.0,1.2384264209067892,1.5835403373454056
143.8729999999996,27.0,0.85,0.0,-0.97,333.3949,1.0,0.0,0.0,0.0,2.0,1.289728653632228,0.12165525060596429
144.3729999999996,27.0,0.85,0.0,-0.97,287.5447,1.0,0.0,0.0,0.0,2.0,1.289728653632228,0.0
144.8729999999996,27.0,0.81,0.0,-1.01,292.1409,1.0,0.0,0.0,0.0,2.0,1.2946814279968644,0.11313708498984755
145.3729999999996,27.0,0.56,0.0,-1.08,305.424,0.0,1.0,0.0,0.0,2.0,1.216552506059644,0.5192301994298868
145.8729999999996,27.0,0.56,0.0,-1.08,332.9839,1.0,1.0,1.0,1.0,2.0,1.216552506059644,0.0
146.3729999999996,27.0,0.56,0.0,-1.08,340.2712,0.0,1.0,0.0,1.0,2.0,1.216552506059644,0.0
146.8729999999996,27.0,-0.11,0.0,-0.82,321.6253,1.0,0.0,0.0,1.0,2.0,0.8273451516749221,1.4373586887064762
147.3729999999996,27.0,-0.11,0.0,-0.82,355.7385,1.0,1.0,1.0,0.0,2.0,0.8273451516749221,0.0
147.8729999999996,27.0,0.28,0.02,-0.65,10.03687,1.0,1.0,0.0,0.0,2.0,0.7077428911688198,0.8508818954473059
148.3729999999996,27.0,0.52,0.0,0.1,7.669475,0.0,0.0,1.0,0.0,2.0,0.5295280917949491,1.5749285698088025
148.8729999999996,27.0,0.61,0.0,0.5,3.558024,0.0,0.0,0.0,1.0,2.0,0.7887331614684399,0.8200000000000001
149.3729999999996,,,,,,,,,,,,
149.8729999999996,,,,,,,,,,,,
150.3729999999996,,,,,,,,,,,,
150.8729999999996,,,,,,,,,,,,
151.3729999999996,,,,,,,,,,,,
151.8729999999996,27.0,-1.75,0.0,-9.85,0.7709252,0.0,0.0,0.0,0.0,3.0,10.004249097258624,24.698866370746654
152.3729999999996,27.0,-2.05,0.0,-9.19,0.6336249,0.0,0.0,0.0,1.0,3.0,9.415869582784163,1.4499655168313488
152.8729999999996,27.0,-1.85,0.0,-8.46,10.24101,0.0,0.0,0.0,1.0,3.0,8.659913394486114,1.5138031576132982
153.3729999999996,27.0,-1.44,0.0,-8.11,10.03046,0.0,0.0,0.0,0.0,3.0,8.2368501261101,1.0781465577554863
153.8729999999996,27.0,-1.22,0.0,-7.14,7.980994,0.0,0.0,0.0,0.0,3.0,7.243479826713124,1.989271223337833
154.3729999999996,27.0,-0.86,0.0,-6.31,5.659475,0.0,0.0,0.0,0.0,3.0,6.368335732355824,1.8094197965093672
154.8729999999996,27.0,-0.6,0.0,-5.37,5.269692,0.0,0.0,0.0,0.0,3.0,5.403415586460105,1.9505896544378565
155.3729999999996,27.0,-0.39,0.0,-4.52,4.299566,0.0,0.0,0.0,0.0,3.0,4.536794022214365,1.7511139311878037
155.8729999999996,27.0,-0.17,0.0,-3.68,4.729729,0.0,0.0,1.0,0.0,3.0,3.6839245377721843,1.7366634676873915
156.3729999999996,27.0,-0.07,0.0,-3.34,4.231318,0.0,0.0,0.0,1.0,3.0,3.3407334524023313,0.7088018058667747
156.8729999999996,27.0,0.27,0.0,-2.91,3.404399,0.0,0.0,0.0,0.0,3.0,2.9224989307098133,1.0963576058932591
157.3729999999996,27.0,0.48,0.0,-2.55,2.446304,1.0,0.0,0.0,0.0,3.0,2.5947832279402454,0.8335466393669888
157.8729999999996,27.0,0.57,0.0,-2.0,2.00078,1.0,0.0,0.0,0.0,3.0,2.0796393918177256,1.1146299834474216
158.3729999999996,27.0,0.49,0.0,-1.87,358.7054,1.0,0.0,0.0,0.0,3.0,1.933132173442882,0.30528675044947473
158.8729999999996,27.0,0.45,0.0,-1.69,351.7153,1.0,0.0,0.0,0.0,3.0,1.7488853593074647,0.3687817782917158
159.3729999999996,27.0,0.37,0.0,-1.09,351.7403,0.0,0.0,1.0,0.0,3.0,1.151086443322134,1.2106196760337242
159.8729999999996,27.0,0.27,0.0,-0.83,352.2212,0.0,0.0,1.0,0.0,3.0,0.8728115489611717,0.557135531087365
160.3729999999996,27.0,0.27,0.0,-0.83,352.9985,0.0,0.0,1.0,0.0,3.0,0.8728115489611717,0.0
160.8729999999996,27.0,0.01,0.0,0.17,355.0612,1.0,0.0,0.0,0.0,3.0,0.17029386365926402,2.0664946164943183
161.3729999999996,,,,,,,,,,,,
161.8729999999996,,,,,,,,,,,,
162.3729999999996,,,,,,,,,,,,
162.8729999999996,,,,,,,,,,,,
163.3729999999996,,,,,,,,,,,,
163.8729999999996,27.0,0.71,0.0,-9.97,9.202922,0.0,0.0,0.0,0.0,4.0,9.995248871338822,22.2946450969734
164.3729999999996,27.0,0.71,0.0,-9.97,3.471652,0.0,0.0,0.0,1.0,4.0,9.995248871338822,0.0
164.8729999999996,27.0,1.41,0.0,-9.69,5.534905,0.0,0.0,0.0,0.0,4.0,9.792047794001007,1.507846145997662
165.3729999999996,27.0,1.72,0.0,-9.34,2.189594,0.0,0.0,0.0,0.0,4.0,9.497052174227537,0.9350935782048764
165.8729999999996,27.0,1.84,0.0,-8.77,1.436988,0.0,0.0,0.0,0.0,4.0,8.960943030730638,1.1649892703368565
166.3729999999996,27.0,1.76,0.0,-7.99,354.749,0.0,0.0,0.0,0.0,4.0,8.181546308614283,1.5681836627130115
166.8729999999996,27.0,1.6,0.0,-7.11,353.3283,0.0,1.0,0.0,0.0,4.0,7.287804882130147,1.7888543819998315
167.3729999999996,27.0,1.22,0.0,-6.31,352.0443,1.0,0.0,0.0,0.0,4.0,6.42685770808721,1.7713271860387636
167.8729999999996,27.0,1.01,0.0,-6.11,351.9412,0.0,0.0,0.0,0.0,4.0,6.192915307026247,0.579999999999999
168.3729999999996,27.0,0.85,0.0,-5.69,352.1928,1.0,0.0,0.0,0.0,4.0,5.753138274020537,0.8988882021697692
168.8729999999996,27.0,0.74,0.0,-5.35,352.5295,0.0,0.0,0.0,1.0,4.0,5.400935104220379,0.7147027354082269
169.3729999999996,27.0,0.91,0.0,-4.84,352.0968,0.0,0.0,0.0,0.0,4.0,4.924804564650256,1.0751744044572487
169.8729999999996,27.0,0.85,0.0,-4.06,351.8578,0.0,0.0,0.0,0.0,4.0,4.148023625776497,1.5646085772486362
170.3729999999996,27.0,0.85,0.0,-3.67,352.0177,0.0,1.0,0.0,0.0,4.0,3.7671474619398695,0.7799999999999994
170.8729999999996,27.0,0.74,0.0,-3.34,352.2109,1.0,0.0,0.0,0.0,4.0,3.4209940075948686,0.6957010852370435
171.3729999999996,27.0,0.6,0.0,-2.82,352.2077,1.0,0.0,0.0,0.0,4.0,2.883123306416151,1.077032961426901
171.8729999999996,27.0,0.6,0.0,-2.82,352.682,0.0,1.0,0.0,0.0,4.0,2.883123306416151,0.0
172.3729999999996,27.0,0.5,0.0,-2.53,352.2843,0.0,0.0,0.0,1.0,4.0,2.5789338882569286,0.6135144660071188
172.8729999999996,27.0,0.42,0.0,-2.39,352.6255,0.0,0.0,0.0,1.0,4.0,2.426623168108308,0.32249030993194144
173.3729999999996,27.0,0.42,0.0,-2.39,350.935,1.0,0.0,0.0,0.0,4.0,2.426623168108308,0.0
173.9390000000003,27.0,0.45,0.0,-2.09,351.754,1.0,0.0,0.0,0.0,4.0,2.1378961621182633,0.5326789198467264
174.53199999999924,27.0,0.39,0.0,-1.87,352.3089,0.0,0.0,1.0,0.0,4.0,1.9102355875650523,0.38454483140006046
175.03199999999924,27.0,0.22,0.0,-1.48,350.6034,1.0,0.0,0.0,0.0,4.0,1.4962620091414471,0.8508818954473062
175.53199999999924,27.0,0.22,0.0,-1.48,352.1941,1.0,0.0,0.0,0.0,4.0,1.4962620091414471,0.0
176.03199999999924,27.0,-0.1,0.0,-0.71,351.6398,1.0,0.0,1.0,0.0,4.0,0.717007670809734,1.6676930173146376
176.53199999999924,27.0,-0.2,0.0,0.04,352.0948,0.0,1.0,1.0,0.0,4.0,0.20396078054371142,1.5132745950421556
177.10900000000038,,,,,,,,,,,,
177.62900000000081,,,,,,,,,,,,
178.1299999999992,,,,,,,,,,,,
178.65999999999985,,,,,,,,,,,,
179.1849999999995,,,,,,,,,,,,
179.73400000000038,27.0,-2.86,0.0,-9.58,8.27639,0.0,1.0,0.0,0.0,5.0,9.997799757946744,19.602826039850193
180.23400000000038,27.0,-2.86,0.0,-9.58,23.54311,0.0,1.0,0.0,0.0,5.0,9.997799757946744,0.0
180.73400000000038,27.0,-2.86,0.0,-9.58,21.85144,0.0,1.0,0.0,0.0,5.0,9.997799757946744,0.0
181.23400000000038,27.0,-2.86,0.0,-9.58,19.2473,0.0,1.0,0.0,0.0,5.0,9.997799757946744,0.0
181.73400000000038,27.0,-2.86,0.0,-9.58,23.35172,0.0,1.0,0.0,1.0,5.0,9.997799757946744,0.0
182.23400000000038,27.0,-2.86,0.0,-9.58,20.53039,0.0,0.0,0.0,1.0,5.0,9.997799757946744,0.0
182.73400000000038,27.0,-2.86,0.0,-9.58,19.49585,0.0,0.0,0.0,1.0,5.0,9.997799757946744,0.0
183.23400000000038,27.0,-2.86,0.0,-9.58,18.46287,0.0,0.0,0.0,1.0,5.0,9.997799757946744,0.0
183.73400000000038,27.0,-2.86,0.0,-9.58,13.60321,1.0,0.0,0.0,0.0,5.0,9.997799757946744,0.0
184.23400000000038,27.0,-2.86,0.0,-9.58,29.10455,0.0,0.0,0.0,1.0,5.0,9.997799757946744,0.0
184.73400000000038,27.0,-2.86,0.0,-9.58,15.28577,1.0,0.0,0.0,0.0,5.0,9.997799757946744,0.0
185.23400000000038,27.0,-2.86,0.0,-9.58,19.16223,1.0,0.0,0.0,0.0,5.0,9.997799757946744,0.0
185.73400000000038,27.0,-2.86,0.0,-9.58,28.18126,0.0,0.0,0.0,0.0,5.0,9.997799757946744,0.0
186.23400000000038,27.0,-2.86,0.0,-9.58,358.8435,0.0,0.0,0.0,0.0,5.0,9.997799757946744,0.0
186.73400000000038,27.0,-2.86,0.0,-9.58,19.60075,0.0,0.0,0.0,0.0,5.0,9.997799757946744,0.0
187.23400000000038,27.0,-2.9,0.0,-9.32,18.55433,0.0,0.0,0.0,0.0,5.0,9.760758167273687,0.5261178575186358
187.73400000000038,27.0,-2.99,0.0,-8.38,9.055171,0.0,0.0,0.0,0.0,5.0,8.897443453037509,1.8885973631242834
188.23400000000038,27.0,-2.93,0.0,-7.44,10.24421,0.0,0.0,0.0,0.0,5.0,7.99615532615519,1.8838258942906596
188.73400000000038,27.0,-2.91,0.0,-7.2,11.51248,0.0,0.0,0.0,0.0,5.0,7.76582899631456,0.4816637831516922
189.23400000000038,27.0,-2.64,0.0,-5.78,10.51744,0.0,0.0,0.0,0.0,5.0,6.3543685760270465,2.8908822182856224
189.73400000000038,27.0,-2.25,0.0,-5.71,11.61799,0.0,0.0,0.0,0.0,5.0,6.137312115250454,0.7924645102463583
190.23400000000038,27.0,-1.73,0.0,-5.4,17.32524,0.0,0.0,0.0,0.0,5.0,5.670352722714876,1.2107848694132244
190.73400000000038,27.0,-1.58,0.0,-4.14,11.29839,0.0,0.0,0.0,0.0,5.0,4.431252644569027,2.537794317906793
191.23500000000058,27.0,-1.51,0.0,-3.77,11.25972,0.0,0.0,0.0,0.0,5.0,4.061157470475628,0.7516235682137749
191.76100000000042,27.0,-1.06,0.0,-3.08,12.58313,0.0,0.0,0.0,0.0,5.0,3.257299494980466,1.5661061084886112
192.28499999999985,27.0,-0.82,0.0,-2.48,12.28773,1.0,0.0,0.0,0.0,5.0,2.6120490041344935,1.233243848963436
192.8130000000001,27.0,-0.48,0.0,-2.47,14.20079,0.0,0.0,0.0,0.0,5.0,2.516207463624572,0.6442178542305673
193.33799999999974,27.0,-0.19,0.0,-1.91,14.5837,0.0,1.0,0.0,0.0,5.0,1.919426997830342,1.2012087638429327
193.84300000000076,27.0,-0.15,0.0,-1.79,11.46203,1.0,0.0,0.0,0.0,5.0,1.7962739212046697,0.2504774384286731
194.3670000000002,27.0,-0.14,0.0,-1.46,8.747487,1.0,0.0,0.0,0.0,5.0,1.4666969693839282,0.6300600770701168
194.8760000000002,27.0,-0.19,0.0,-1.42,7.333179,0.0,0.0,0.0,0.0,5.0,1.4326548781894402,0.1257981186136084
195.39999999999964,27.0,-0.19,0.0,-1.14,7.95748,1.0,1.0,0.0,0.0,5.0,1.1557248807566618,0.5343511450387467
195.92799999999988,27.0,-0.19,0.0,-1.14,8.186301,0.0,1.0,0.0,0.0,5.0,1.1557248807566618,0.0
196.45499999999993,27.0,-0.19,0.0,-1.14,8.777657,0.0,1.0,0.0,0.0,5.0,1.1557248807566618,0.0
196.98199999999997,27.0,-0.19,0.0,-1.14,9.186823,0.0,1.0,0.0,0.0,5.0,1.1557248807566618,0.0
197.53099999999904,27.0,-0.19,0.0,-1.14,12.67567,1.0,1.0,0.0,0.0,5.0,1.1557248807566618,0.0
198.07799999999952,27.0,-0.24,0.0,-1.2,15.94897,0.0,1.0,0.0,0.0,5.0,1.2237646832622684,0.1427833578775101
198.60100000000057,27.0,-0.23,0.0,-1.2,15.51556,0.0,1.0,0.0,0.0,5.0,1.2218428704215611,0.019120458890975044
199.10100000000057,27.0,-0.05,0.0,-1.07,15.07439,1.0,0.0,1.0,0.0,5.0,1.071167587261676,0.4440720662234902
199.60200000000077,27.0,-0.08,0.0,-1.0,13.10708,1.0,0.0,1.0,0.0,5.0,1.0031948963187562,0.15201143923873886
200.10699999999997,27.0,-0.04,0.0,-0.89,11.71339,1.0,0.0,1.0,0.0,5.0,0.8908984229416954,0.2317762358562015
200.6820000000007,27.0,-0.04,0.0,-0.89,10.91696,0.0,1.0,1.0,0.0,5.0,0.8908984229416954,0.0
201.1849999999995,27.0,-0.04,0.0,-0.9,11.51227,0.0,1.0,1.0,0.0,5.0,0.9008884503644167,0.01988071570581316
201.73099999999977,27.0,-0.06,0.0,-0.89,12.10574,0.0,1.0,1.0,0.0,5.0,0.8920201791439475,0.04095362596151387
202.2569999999996,27.0,-0.06,0.0,-0.89,11.70929,0.0,1.0,1.0,0.0,5.0,0.8920201791439475,0.0
202.8050000000003,27.0,0.1,0.0,-0.49,11.18673,0.0,1.0,0.0,0.0,5.0,0.5000999900019995,0.7861554462960268
203.3060000000005,27.0,0.1,0.0,-0.49,11.38006,0.0,1.0,0.0,0.0,5.0,0.5000999900019995,0.0
203.8089999999993,27.0,0.18,0.0,-0.36,10.67138,0.0,1.0,0.0,0.0,5.0,0.40249223594996214,0.30346595472187676
204.32999999999993,27.0,0.12,0.0,-0.45,28.27165,1.0,1.0,1.0,0.0,5.0,0.4657252408878007,0.207613317204965
204.85100000000057,27.0,0.12,0.0,-0.45,34.00257,1.0,1.0,1.0,0.0,5.0,0.4657252408878007,0.0
205.375,27.0,0.34,0.0,0.3,30.67067,0.0,0.0,1.0,0.0,5.0,0.45343136195018535,1.4916048114267402
205.8780000000006,,,,,,,,,,,,
206.37900000000081,,,,,,,,,,,,
206.8829999999998,,,,,,,,,,,,
207.38400000000001,,,,,,,,,,,,
207.93299999999908,,,,,,,,,,,,
208.52399999999943,27.0,-4.58,0.0,-8.89,43.0981,0.0,0.0,0.0,0.0,6.0,10.000424990969135,17.938774758359596
209.02399999999943,27.0,-4.58,0.0,-8.89,42.78029,0.0,0.0,0.0,0.0,6.0,10.000424990969135,0.0
209.52399999999943,27.0,-4.58,0.0,-8.89,43.82218,0.0,0.0,0.0,0.0,6.0,10.000424990969135,0.0
210.02399999999943,27.0,-4.58,0.0,-8.89,42.44277,0.0,0.0,0.0,0.0,6.0,10.000424990969135,0.0
210.52399999999943,27.0,-4.58,0.0,-8.89,31.41143,0.0,0.0,0.0,0.0,6.0,10.000424990969135,0.0
211.02399999999943,27.0,-4.58,0.0,-8.89,27.27176,0.0,0.0,0.0,0.0,6.0,10.000424990969135,0.0
211.52399999999943,27.0,-4.58,0.0,-8.89,20.19315,0.0,0.0,0.0,0.0,6.0,10.000424990969135,0.0
212.02399999999943,27.0,-4.58,0.0,-8.89,23.19217,0.0,0.0,0.0,0.0,6.0,10.000424990969135,0.0
212.52399999999943,27.0,-4.58,0.0,-8.89,23.27607,0.0,0.0,0.0,0.0,6.0,10.000424990969135,0.0
213.02399999999943,27.0,-4.58,0.0,-8.89,20.46752,0.0,0.0,0.0,0.0,6.0,10.000424990969135,0.0
213.52399999999943,27.0,-3.85,0.0,-8.58,22.29301,0.0,0.0,0.0,0.0,6.0,9.40419587205626,1.5861904047118685
214.02399999999943,27.0,-3.38,0.0,-8.34,22.60099,0.0,0.0,0.0,0.0,6.0,8.998888820293313,1.0554619841567014
214.52399999999943,27.0,-3.25,0.0,-8.2,19.87294,0.0,0.0,0.0,0.0,6.0,8.820572543775148,0.38209946349085666
215.02399999999943,27.0,-3.03,0.0,-7.38,16.56607,0.0,0.0,0.0,1.0,6.0,7.977800448745255,1.697998822143289
215.52399999999943,27.0,-2.61,0.0,-6.49,14.4374,0.0,0.0,0.0,0.0,6.0,6.995155466463916,1.9682479518597238
216.02399999999943,27.0,-2.61,0.0,-6.49,15.1632,0.0,0.0,0.0,0.0,6.0,6.995155466463916,0.0
216.52399999999943,27.0,-1.55,0.0,-5.82,25.39598,0.0,0.0,0.0,0.0,6.0,6.0228647668696675,2.50798724079689
217.02399999999943,27.0,-1.56,0.0,-5.61,24.84435,0.0,0.0,0.0,0.0,6.0,5.822860121967555,0.42047592083257274
217.60599999999977,27.0,-1.46,0.0,-4.29,16.01548,0.0,0.0,0.0,0.0,6.0,4.531633259653742,2.2745403083661033
218.17699999999968,27.0,-1.46,0.0,-4.29,16.19447,0.0,0.0,0.0,0.0,6.0,4.531633259653742,0.0
218.67799999999988,27.0,-0.87,0.0,-3.14,15.21046,0.0,1.0,0.0,0.0,6.0,3.258297101247828,2.5798741007055166
219.20700000000033,27.0,-0.8,0.0,-2.95,14.49122,0.0,1.0,0.0,0.0,6.0,3.056550343115585,0.38276855824762407
219.72899999999936,27.0,-0.76,0.0,-2.66,14.92281,0.0,1.0,0.0,0.0,6.0,2.766441757926597,0.5608153704341682
220.27700000000004,27.0,-0.53,0.0,-1.97,15.57124,0.0,0.0,1.0,0.0,6.0,2.040049019018906,1.3272333245215688
220.80199999999968,27.0,-0.53,0.0,-1.97,15.54846,1.0,0.0,0.0,0.0,6.0,2.040049019018906,0.0
221.34599999999955,27.0,-0.46,0.0,-1.81,15.88305,0.0,0.0,0.0,1.0,6.0,1.8675384868858795,0.3210339925841393
221.85200000000077,27.0,-0.44,0.0,-1.76,15.79838,1.0,0.0,0.0,0.0,6.0,1.8141664752717706,0.10642618195892291
222.3799999999992,27.0,-0.09,0.0,-1.83,17.01588,1.0,1.0,0.0,0.0,6.0,1.8322117781522966,0.6760063749101465
222.90699999999924,27.0,0.06,0.0,-1.71,16.69235,1.0,0.0,1.0,0.0,6.0,1.7110523077919038,0.36450422603979055
223.47799999999916,27.0,0.06,0.0,-1.71,14.07372,1.0,1.0,0.0,0.0,6.0,1.7110523077919038,0.0
224.0049999999992,27.0,0.06,0.0,-1.71,12.51297,1.0,1.0,0.0,0.0,6.0,1.7110523077919038,0.0
224.53299999999945,27.0,-0.04,0.0,-1.65,8.364626,1.0,1.0,0.0,0.0,6.0,1.6504847772699993,0.22086938995615796
225.08100000000013,27.0,-0.04,0.0,-1.14,7.213647,1.0,1.0,0.0,0.0,6.0,1.1407015385279358,0.9306569343054079
225.58100000000013,27.0,0.0,0.0,-1.05,6.408054,1.0,1.0,0.0,0.0,6.0,1.05,0.19697715603592186
226.08499999999913,27.0,0.0,0.0,-0.89,6.631431,0.0,1.0,0.0,0.0,6.0,0.89,0.31746031746095
226.6319999999996,27.0,0.02,0.0,-0.75,5.954103,0.0,0.0,1.0,0.0,6.0,0.7502666192761077,0.2585399565579257
227.13400000000001,27.0,0.03,0.0,-0.58,6.470228,0.0,0.0,1.0,0.0,6.0,0.5807753438292641,0.3392308041018443
227.6839999999993,27.0,0.04,0.0,-0.53,6.851916,1.0,0.0,0.0,0.0,6.0,0.5315072906367325,0.09270944570180953
228.23400000000038,27.0,-0.02,0.0,0.14,6.202299,0.0,0.0,1.0,0.0,6.0,0.14142135623730953,1.2230567315497285
228.78499999999985,,,,,,,,,,,,
229.3070000000007,,,,,,,,,,,,
229.83300000000054,,,,,,,,,,,,
230.33499999999913,,,,,,,,,,,,
230.83499999999913,,,,,,,,,,,,
231.4339999999993,27.0,-4.64,0.0,-8.86,15.67905,0.0,1.0,0.0,0.0,7.0,10.001459893435557,18.28919376112007
231.9339999999993,27.0,-4.49,0.0,-7.89,6.691189,0.0,0.0,0.0,0.0,7.0,9.078116544746493,1.9630588376307005
232.4339999999993,27.0,-3.96,0.0,-8.03,14.30966,0.0,0.0,0.0,0.0,7.0,8.953351327854838,1.0963576058932598
232.9339999999993,27.0,-3.62,0.0,-7.93,15.74103,0.0,0.0,0.0,0.0,7.0,8.717184178391552,0.7088018058667735
233.4339999999993,27.0,-3.38,0.0,-6.83,13.50664,0.0,0.0,0.0,0.0,7.0,7.620583967124829,2.2517548712060105
233.9339999999993,27.0,-3.17,0.0,-6.85,13.87253,0.0,0.0,0.0,0.0,7.0,7.547940116349625,0.4219004621945796
234.4339999999993,27.0,-2.44,0.0,-6.47,17.8116,0.0,0.0,0.0,0.0,7.0,6.91480296176254,1.6459647626847906
234.9339999999993,27.0,-2.49,0.0,-6.47,17.53124,0.0,0.0,0.0,0.0,7.0,6.932604128320035,0.10000000000000053
235.4339999999993,27.0,-2.49,0.0,-5.27,9.983823,0.0,0.0,0.0,0.0,7.0,5.828636204121852,2.4000000000000004
236.03099999999904,27.0,-2.43,0.0,-5.09,10.85294,0.0,0.0,0.0,0.0,7.0,5.640301410385796,0.31781685026831014
236.53099999999904,27.0,-2.36,0.0,-4.54,10.18738,0.0,0.0,0.0,0.0,7.0,5.116756785308444,1.1088733020503285
237.1280000000006,27.0,-2.26,0.0,-3.94,9.089586,0.0,0.0,0.0,0.0,7.0,4.542158077390086,1.0188881960271705
237.71999999999935,27.0,-2.17,0.0,-3.69,9.1792,0.0,0.0,0.0,0.0,7.0,4.280770958600798,0.4488287248518524
238.3089999999993,27.0,-1.83,0.0,-2.74,9.995131,0.0,0.0,0.0,0.0,7.0,3.294920332876047,1.7130889901847333
238.83499999999913,27.0,-1.83,0.0,-2.74,8.50879,0.0,0.0,0.0,0.0,7.0,3.294920332876047,0.0
239.40899999999965,27.0,-1.51,0.0,-1.65,9.5276,0.0,0.0,0.0,0.0,7.0,2.236649279614486,1.9790971438344591
239.96299999999974,27.0,-1.49,0.0,-1.64,9.542016,0.0,0.0,0.0,0.0,7.0,2.215784285529618,0.04036223786100071
240.47600000000057,27.0,-1.33,0.0,-1.06,10.16765,0.0,0.0,0.0,0.0,7.0,1.7007351351694948,1.1728350063522024
241.0079999999998,27.0,-1.3,0.0,-1.0,9.611747,0.0,0.0,0.0,0.0,7.0,1.6401219466856727,0.12609405888174655
241.53499999999985,27.0,-0.68,0.0,-0.88,29.00161,0.0,1.0,0.0,0.0,7.0,1.1121151019566275,1.1983038636694983
242.0669999999991,27.0,-0.68,0.0,-0.88,33.68327,1.0,1.0,0.0,0.0,7.0,1.1121151019566275,0.0
242.59300000000076,27.0,-0.67,0.0,-0.89,40.33861,1.0,1.0,0.0,0.0,7.0,1.1140017953306898,0.026886189398643272
243.1190000000006,27.0,-0.67,0.0,-0.89,42.27782,1.0,1.0,0.0,0.0,7.0,1.1140017953306898,0.0
243.6219999999994,27.0,-0.67,0.0,-0.89,59.82587,1.0,1.0,0.0,0.0,7.0,1.1140017953306898,0.0
244.15599999999904,27.0,-0.67,0.0,-0.89,67.06912,0.0,1.0,0.0,0.0,7.0,1.1140017953306898,0.0
244.70299999999952,27.0,-0.67,0.0,-0.89,74.04908,0.0,1.0,0.0,0.0,7.0,1.1140017953306898,0.0
245.27399999999943,27.0,-0.46,0.0,-0.89,54.37792,0.0,1.0,0.0,0.0,7.0,1.0018482919085105,0.3677758318739617
245.80299999999988,27.0,-0.31,0.0,-0.94,43.0694,0.0,1.0,1.0,0.0,7.0,0.9897979591815695,0.2988920283710475
246.32899999999972,27.0,-0.27,0.0,-0.93,36.13412,0.0,1.0,1.0,0.0,7.0,0.9684007434941384,0.07838603850986522
246.875,27.0,-0.16,0.0,-0.9,24.52054,1.0,1.0,1.0,0.0,7.0,0.9141115905621151,0.20882333793013935
247.3780000000006,27.0,-0.16,0.0,-0.9,19.79281,0.0,0.0,1.0,0.0,7.0,0.9141115905621151,0.0
247.95299999999952,27.0,0.24,0.0,-0.76,16.21531,0.0,1.0,1.0,1.0,7.0,0.796994353806851,0.7370302643637325
248.51000000000022,27.0,0.19,0.03,-0.69,12.26671,0.0,0.0,1.0,1.0,7.0,0.7156814934033154,0.15444031000057168
249.0550000000003,27.0,0.0,0.0,0.14,4.857073,0.0,0.0,0.0,0.0,7.0,0.14,1.562329024396709
249.5560000000005,,,,,,,,,,,,
250.15400000000045,,,,,,,,,,,,
250.6810000000005,,,,,,,,,,,,
251.1839999999993,,,,,,,,,,,,
251.6839999999993,,,,,,,,,,,,
252.25900000000001,27.0,-1.0,0.0,-9.95,15.77936,0.0,0.0,0.0,0.0,8.0,10.000124999218759,19.37954020220694
252.75900000000001,27.0,-0.21,0.0,-9.65,8.272298,0.0,1.0,0.0,0.0,8.0,9.652284703633644,1.6900887550658392
253.25900000000001,27.0,-0.06,0.0,-8.68,4.19953,0.0,0.0,0.0,0.0,8.0,8.680207370794779,1.9630588376307025
253.75900000000001,27.0,0.81,0.0,-8.5,14.52159,0.0,0.0,0.0,0.0,8.0,8.538506895236425,1.7768511473953017
254.25900000000001,27.0,0.96,0.0,-7.13,6.179657,0.0,0.0,0.0,0.0,8.0,7.194338051551372,2.7563744302978868
254.75900000000001,27.0,0.9,0.0,-6.4,1.309342,0.0,0.0,0.0,0.0,8.0,6.462971452822611,1.464923206178398
255.25900000000001,27.0,0.86,0.0,-5.65,1.985876,0.0,0.0,0.0,0.0,8.0,5.715076552418174,1.502131818450032
255.75900000000001,27.0,0.76,0.0,-4.39,2.347673,0.0,0.0,0.0,0.0,8.0,4.455300214351441,2.527924049491995
256.35399999999936,27.0,0.74,0.0,-4.17,3.633438,0.0,0.0,0.0,0.0,8.0,4.235150528611705,0.37127263923359344
256.89799999999923,27.0,0.67,0.0,-2.9,359.2341,1.0,0.0,0.0,0.0,8.0,2.976390431378249,2.3381023362130042
257.4480000000003,27.0,0.65,0.0,-2.82,357.6118,0.0,0.0,1.0,0.0,8.0,2.8939419482774698,0.14993111365852665
257.9899999999998,27.0,0.51,0.0,-2.27,355.632,0.0,0.0,1.0,1.0,8.0,2.3265854809140367,1.0471190866182143
258.5169999999998,27.0,0.39,0.0,-1.44,354.1848,0.0,0.0,1.0,1.0,8.0,1.4918780110987626,1.5913279599795649
259.0679999999993,27.0,0.34,0.0,-1.37,353.7457,0.0,0.0,0.0,1.0,8.0,1.4115594213493106,0.15612205566335374
259.5720000000001,27.0,0.29,0.0,-1.32,351.3218,0.0,0.0,0.0,1.0,8.0,1.351480669488099,0.14029896452091367
260.0759999999991,27.0,0.29,0.0,-1.32,353.6344,0.0,0.0,0.0,1.0,8.0,1.351480669488099,0.0
260.60100000000057,27.0,0.19,0.0,-1.05,352.7272,0.0,0.0,1.0,1.0,8.0,1.0670520137275408,0.5484259066227835
261.14500000000044,27.0,0.22,0.0,-1.05,354.9422,0.0,0.0,1.0,1.0,8.0,1.072800074571213,0.055147058823542684
261.67399999999907,27.0,0.22,0.0,-1.05,353.9231,0.0,1.0,0.0,0.0,8.0,1.072800074571213,0.0
262.2019999999993,27.0,0.22,0.0,-1.05,355.2434,0.0,1.0,0.0,0.0,8.0,1.072800074571213,0.0
262.77299999999923,27.0,-0.02,0.0,-0.87,353.7127,0.0,1.0,1.0,0.0,8.0,0.8702298546935746,0.5253940455342311
263.27700000000004,27.0,0.01,0.0,-0.4,356.9744,0.0,1.0,1.0,0.0,8.0,0.4001249804748512,0.9344374475633
263.8220000000001,27.0,0.15,0.0,0.28,357.5159,0.0,0.0,0.0,0.0,8.0,0.31764760348537185,1.273875593226236
264.3240000000005,,,,,,,,,,,,
264.85100000000057,,,,,,,,,,,,
265.3760000000002,,,,,,,,,,,,
265.8790000000008,,,,,,,,,,,,
266.40200000000004,,,,,,,,,,,,
266.9300000000003,27.0,-1.75,0.0,-9.84,3.990759,0.0,0.0,0.0,0.0,9.0,9.994403433922407,22.225683413868175
267.4300000000003,27.0,-1.68,0.0,-8.67,359.2395,0.0,0.0,0.0,0.0,9.0,8.831268312082925,2.344184293096428
267.9300000000003,27.0,-1.89,0.0,-7.28,359.3344,0.0,0.0,0.0,0.0,9.0,7.521336317437215,2.8115476165272386
268.4300000000003,27.0,-1.82,0.0,-6.45,359.9504,0.0,0.0,0.0,1.0,9.0,6.701857951344538,1.6658931538367039
268.9300000000003,27.0,-1.81,0.0,-6.04,1.932482,0.0,0.0,0.0,1.0,9.0,6.305370726610768,0.8202438661763953
269.4300000000003,27.0,-1.7,0.0,-5.17,0.9404585,0.0,0.0,1.0,0.0,9.0,5.442324870861716,1.7538529014715005
270.0159999999996,27.0,-1.8,0.0,-4.26,5.281741,0.0,0.0,0.0,0.0,9.0,4.624672961410353,1.5622491761329549
270.58100000000013,27.0,-1.62,0.0,-3.06,10.72838,0.0,0.0,0.0,0.0,9.0,3.462369131100842,2.1476546990589505
271.10299999999916,27.0,-1.6,0.0,-2.97,12.48891,0.0,0.0,0.0,0.0,9.0,3.3735589516117845,0.17661962561896732
271.60299999999916,27.0,-0.44,0.0,-2.55,20.23855,0.0,1.0,1.0,0.0,9.0,2.5876823607235875,2.4673872821265825
272.1779999999999,27.0,-0.79,0.0,-1.57,10.54183,0.0,0.0,0.0,0.0,9.0,1.7575551200460258,1.8097822822799625
272.7049999999999,27.0,-0.76,0.0,-1.06,14.00719,0.0,1.0,0.0,0.0,9.0,1.3043005788544295,0.9694147836389938
273.28099999999904,27.0,-0.09,0.0,-1.4,27.86595,1.0,1.0,0.0,0.0,9.0,1.4028898745090435,1.3043960941868598
273.8109999999997,27.0,-0.09,0.0,-1.4,19.36073,1.0,1.0,0.0,0.0,9.0,1.4028898745090435,0.0
274.33300000000054,27.0,-0.22,0.0,-0.92,14.23241,1.0,1.0,0.0,0.0,9.0,0.9459386872308374,0.9526679508916668
274.83599999999933,27.0,-0.13,0.0,-1.15,15.74364,0.0,1.0,0.0,0.0,9.0,1.1573245007343445,0.49101745667030283
275.36199999999917,27.0,-0.36,0.0,-0.94,14.10956,0.0,1.0,0.0,0.0,9.0,1.0065783625729294,0.5921069012320218
275.9349999999995,27.0,-0.36,0.0,-0.94,14.93813,0.0,1.0,0.0,0.0,9.0,1.0065783625729294,0.0
276.46500000000015,27.0,-0.35,0.0,-0.99,16.57069,0.0,1.0,0.0,0.0,9.0,1.050047617967871,0.09620791535068848
276.9889999999996,27.0,-0.3,0.0,-1.2,18.17961,1.0,1.0,0.0,0.0,9.0,1.2369316876852983,0.4119662813921046
277.53999999999905,27.0,0.13,0.0,-0.9,18.52448,0.0,0.0,1.0,1.0,9.0,0.9093404203047394,0.9515591091782788
278.04199999999946,27.0,0.13,0.0,-0.9,12.27109,0.0,1.0,0.0,1.0,9.0,0.9093404203047394,0.0
278.5699999999997,27.0,0.14,0.02,-0.63,6.654984,0.0,1.0,1.0,1.0,9.0,0.6453681120105021,0.5117142456856049
279.09100000000035,27.0,0.01,-0.01,0.29,5.700997,0.0,0.0,1.0,0.0,9.0,0.29017236257093815,1.7833769419258874
279.6190000000006,,,,,,,,,,,,
280.14300000000003,,,,,,,,,,,,
280.66899999999987,,,,,,,,,,,,
281.1970000000001,,,,,,,,,,,,
281.72199999999975,,,,,,,,,,,,
282.3009999999995,27.0,-3.7,0.0,-9.29,14.38845,0.0,0.0,0.0,0.0,10.0,9.99970499564862,21.403033705031405
282.8009999999995,27.0,-3.43,0.0,-8.32,12.06525,0.0,0.0,0.0,0.0,10.0,8.99929441678624,2.013752715702698
283.3009999999995,27.0,-3.19,0.0,-7.62,12.51837,0.0,0.0,0.0,0.0,10.0,8.260780834763745,1.4800000000000006
283.8009999999995,27.0,-3.05,0.0,-7.08,13.43472,0.0,0.0,0.0,0.0,10.0,7.70901420416385,1.1157060544785082
284.3009999999995,27.0,-2.55,0.0,-5.81,14.95524,0.0,0.0,0.0,0.0,10.0,6.344966508973865,2.7297618943783366
284.8009999999995,27.0,-2.09,0.0,-4.84,15.97412,0.0,0.0,0.0,0.0,10.0,5.271973065181574,2.147091055358388
285.3009999999995,27.0,-1.92,0.0,-4.2,16.57387,0.0,0.0,0.0,0.0,10.0,4.618051537174526,1.3243866504914636
285.8009999999995,27.0,-1.57,0.0,-3.52,16.0569,0.0,0.0,0.0,0.0,10.0,3.8542573863197043,1.5295751043999115
286.39300000000003,27.0,-1.36,0.0,-2.97,16.43237,0.0,0.0,0.0,0.0,10.0,3.266573127912492,0.9944720290217076
286.98199999999997,27.0,-0.49,0.0,-2.87,17.16584,0.0,0.0,0.0,0.0,10.0,2.9115288080319592,1.4868052094352184
287.5540000000001,27.0,-0.48,0.0,-2.69,15.06661,0.0,0.0,0.0,0.0,10.0,2.732489707208428,0.31517056603699817
288.1180000000004,27.0,-0.34,0.0,-1.6,13.58033,0.0,1.0,0.0,0.0,10.0,1.6357261384473871,1.9485000854154328
288.6890000000003,27.0,-0.17,0.0,-1.25,13.01819,1.0,1.0,0.0,0.0,10.0,1.2615070352558482,0.6814387551084657
289.21800000000076,27.0,-0.27,0.0,-1.04,13.32,1.0,1.0,0.0,0.0,10.0,1.074476616776745,0.43968632701713
289.7479999999996,27.0,-0.28,0.0,-1.03,14.68965,0.0,1.0,0.0,0.0,10.0,1.067379969832674,0.026683274761815146
290.2950000000001,27.0,-0.28,0.0,-1.03,14.93984,1.0,1.0,1.0,0.0,10.0,1.067379969832674,0.0
290.8199999999997,27.0,0.05,0.0,-0.95,15.21049,1.0,0.0,1.0,1.0,10.0,0.9513148795220223,0.6467781655756728
291.3700000000008,27.0,-0.01,0.0,-0.86,9.345698,0.0,1.0,0.0,1.0,10.0,0.8600581375697808,0.19666643320673638
291.8819999999996,27.0,-0.01,0.0,-0.86,9.51961,0.0,1.0,0.0,1.0,10.0,0.8600581375697808,0.0
292.40500000000065,27.0,0.06,0.0,-0.73,9.671936,0.0,1.0,0.0,0.0,10.0,0.7324616030891995,0.28231019235571364
292.90500000000065,27.0,0.06,0.0,-0.58,9.599228,0.0,1.0,0.0,0.0,10.0,0.58309518948453,0.30000000000000004
293.4529999999995,27.0,0.06,0.0,-0.58,9.372134,0.0,1.0,0.0,0.0,10.0,0.58309518948453,0.0
294.009,27.0,0.06,0.0,-0.58,9.66108,1.0,1.0,0.0,1.0,10.0,0.58309518948453,0.0
294.53499999999985,27.0,0.08,0.0,-0.28,9.009877,1.0,0.0,0.0,0.0,10.0,0.29120439557122074,0.571608227314733
295.0599999999995,27.0,0.08,0.0,-0.28,9.189348,1.0,0.0,0.0,0.0,10.0,0.29120439557122074,0.0
295.5789999999997,27.0,-0.34,0.0,0.66,5.76032,0.0,0.0,0.0,0.0,10.0,0.7424284477308234,1.9837437651218466
296.08599999999933,,,,,,,,,,,,
296.59000000000015,,,,,,,,,,,,
297.1139999999996,,,,,,,,,,,,
297.66499999999905,,,,,,,,,,,,
298.1939999999995,,,,,,,,,,,,
298.7669999999998,27.0,1.75,0.0,-9.85,14.17961,0.0,0.0,0.0,0.0,11.0,10.004249097258624,18.876981724059384
299.2669999999998,27.0,1.89,0.0,-8.93,0.1623859,0.0,1.0,0.0,0.0,11.0,9.127814634401819,1.8611824198610945
299.7669999999998,27.0,1.79,0.0,-7.99,356.767,0.0,0.0,0.0,0.0,11.0,8.188052271450152,1.8906083676954348
300.2669999999998,27.0,1.84,0.0,-6.92,355.069,0.0,0.0,0.0,0.0,11.0,7.160446913426564,2.1423351745233523
300.7669999999998,27.0,1.77,0.0,-6.6,354.8598,0.0,1.0,0.0,0.0,11.0,6.833220324268785,0.6551335741663686
301.2669999999998,27.0,1.6,0.0,-5.67,354.975,0.0,1.0,0.0,0.0,11.0,5.891425973395575,1.890819927967758
301.86199999999917,27.0,1.34,0.0,-4.45,354.3015,0.0,0.0,1.0,0.0,11.0,4.647375603499248,2.096466034222499
302.45600000000013,27.0,1.31,0.0,-4.32,355.4696,0.0,1.0,0.0,0.0,11.0,4.51425519881187,0.22460713912634264
303.0540000000001,27.0,1.28,0.0,-4.22,353.3897,1.0,0.0,0.0,0.0,11.0,4.4098526052465745,0.17458706536641078
303.646999999999,27.0,1.55,0.0,-4.04,353.892,0.0,0.0,1.0,0.0,11.0,4.3271353110343105,0.5472168883513325
304.1700000000001,27.0,1.46,0.0,-3.12,352.3502,0.0,0.0,0.0,1.0,11.0,3.4447060832529672,1.7674793343577015
304.7639999999992,27.0,1.27,0.0,-2.34,349.849,0.0,0.0,0.0,0.0,11.0,2.662423707827137,1.3515279014448025
305.3119999999999,27.0,1.16,0.0,-1.94,347.6311,1.0,0.0,0.0,0.0,11.0,2.2603539545832194,0.7570243982724689
305.83100000000013,27.0,0.62,0.0,-1.24,345.6242,0.0,1.0,0.0,1.0,11.0,1.3863621460498696,1.7034324551283564
306.33599999999933,27.0,0.56,0.0,-0.96,347.4003,0.0,0.0,0.0,1.0,11.0,1.1113955191559843,0.567042418348477
306.8629999999994,27.0,0.57,0.0,-1.0,346.6699,0.0,0.0,1.0,0.0,11.0,1.1510430052782563,0.07823729839881063
307.3629999999994,27.0,0.56,0.0,-0.92,347.6949,0.0,0.0,1.0,0.0,11.0,1.077032961426901,0.1612451549659709
307.8639999999996,27.0,0.6,0.0,-0.94,346.1183,0.0,0.0,1.0,0.0,11.0,1.1151681487560519,0.08926419071851797
308.3700000000008,27.0,0.43,0.0,-0.61,347.7446,0.0,0.0,1.0,1.0,11.0,0.7463243262818116,0.7336249483488437
308.89600000000064,27.0,0.43,0.0,-0.61,347.721,0.0,0.0,1.0,1.0,11.0,0.7463243262818116,0.0
309.41699999999946,27.0,0.54,0.0,-0.35,352.733,0.0,0.0,1.0,1.0,11.0,0.6435060217278468,0.5418654208646848
309.9879999999994,27.0,0.59,0.0,0.37,359.0294,0.0,0.0,0.0,1.0,11.0,0.6964194138592059,1.2639825271992218
310.4920000000002,,,,,,,,,,,,
310.9950000000008,,,,,,,,,,,,
311.5460000000003,,,,,,,,,,,,
312.09399999999914,,,,,,,,,,,,
312.6200000000008,,,,,,,,,,,,
313.1200000000008,27.0,-0.59,0.0,-9.98,3.670792,0.0,1.0,0.0,1.0,12.0,9.997424668383355,20.834097052668252
313.6200000000008,27.0,-0.59,0.0,-9.98,4.84759,1.0,1.0,0.0,0.0,12.0,9.997424668383355,0.0
314.1200000000008,27.0,-1.05,0.0,-8.96,2.767035,0.0,0.0,1.0,0.0,12.0,9.021313651569821,2.2378561169118973
314.6200000000008,27.0,-1.3,0.0,-7.77,2.816854,0.0,0.0,0.0,0.0,12.0,7.878001015486098,2.4319539469323863
315.1200000000008,27.0,-1.47,0.0,-6.79,2.431504,0.0,0.0,0.0,0.0,12.0,6.947301634447723,1.9892712233378325
315.6200000000008,27.0,-1.3,0.0,-6.3,5.398939,0.0,0.0,0.0,0.0,12.0,6.432728814430155,1.0373041983911955
316.1200000000008,27.0,-1.26,0.0,-5.69,7.329484,0.0,0.0,0.0,0.0,12.0,5.82783836426509,1.2226201372462329
316.70800000000054,27.0,-1.05,0.0,-4.31,6.728783,0.0,0.0,0.0,0.0,12.0,4.436056807571337,2.3739571681912306
317.29199999999946,27.0,-0.93,0.0,-3.65,7.072668,0.0,0.0,0.0,0.0,12.0,3.766616518840218,1.148665056936941
317.8240000000005,27.0,-0.96,0.0,-3.04,8.342725,0.0,0.0,0.0,0.0,12.0,3.187977415227404,1.148002367261051
318.39300000000003,27.0,-0.75,0.0,-1.83,11.04996,0.0,1.0,0.0,0.0,12.0,1.9777259668619414,2.1583267921523177
318.9249999999993,27.0,-0.74,0.0,-1.66,13.38611,0.0,1.0,0.0,0.0,12.0,1.817470770053813,0.32010124748027513
319.4500000000007,27.0,-0.5,0.0,-1.33,13.9509,0.0,1.0,0.0,0.0,12.0,1.4208800090085019,0.7772268862112994
320.0020000000004,27.0,-0.43,0.0,-1.33,16.82687,1.0,0.0,0.0,0.0,12.0,1.3977839604173459,0.1268115942029721
320.5020000000004,27.0,-0.35,0.0,-1.23,17.48499,1.0,0.0,0.0,0.0,12.0,1.2788275880665072,0.2561249694973141
321.03299999999945,27.0,-0.33,0.0,-1.18,16.69543,1.0,1.0,0.0,0.0,12.0,1.2252754792290588,0.10141553309122875
321.5589999999993,27.0,-0.28,0.0,-1.05,15.77903,1.0,1.0,0.0,0.0,12.0,1.0866922287382017,0.2647982562203108
322.11199999999917,27.0,-0.17,0.0,-0.97,14.77571,0.0,1.0,0.0,0.0,12.0,0.9847842403288144,0.2459578753840563
322.63800000000083,27.0,-0.16,0.0,-0.84,14.25653,1.0,0.0,0.0,0.0,12.0,0.8551023330572779,0.24787841844798816
323.21099999999933,27.0,-0.16,0.0,-0.84,14.46799,1.0,0.0,0.0,0.0,12.0,0.8551023330572779,0.0
323.71099999999933,27.0,-0.07,0.0,-1.03,15.12312,0.0,0.0,0.0,0.0,12.0,1.0323759005323594,0.42047592083257285
324.2379999999994,27.0,-0.07,0.0,-1.03,13.72202,1.0,0.0,0.0,0.0,12.0,1.0323759005323594,0.0
324.7639999999992,27.0,-0.05,0.0,-0.83,12.9667,0.0,0.0,0.0,1.0,12.0,0.8315046602394961,0.38212454833170917
325.3099999999995,27.0,-0.11,0.0,-0.2,11.63571,0.0,0.0,1.0,0.0,12.0,0.22825424421026658,1.159067203830676
325.8169999999991,,,,,,,,,,,,
326.3600000000006,,,,,,,,,,,,
326.866,,,,,,,,,,,,
327.39300000000003,,,,,,,,,,,,
327.89400000000023,,,,,,,,,,,,
328.46899999999914,27.0,0.57,0.0,-9.98,22.34119,0.0,0.0,0.0,1.0,13.0,9.996264302228107,19.143236823208454
328.96899999999914,27.0,0.65,0.0,-9.13,7.154739,0.0,0.0,0.0,0.0,13.0,9.1531087615083,1.7075128110793187
329.46899999999914,27.0,1.36,0.0,-8.76,2.040191,0.0,0.0,0.0,0.0,13.0,8.864942188192769,1.6012495120998487
329.96899999999914,27.0,1.36,0.0,-8.76,359.3097,0.0,0.0,0.0,0.0,13.0,8.864942188192769,0.0
330.46899999999914,27.0,1.54,0.0,-7.97,355.948,0.0,0.0,0.0,0.0,13.0,8.117419540716126,1.620493751916372
330.96899999999914,27.0,1.76,0.0,-6.62,355.6513,0.0,0.0,0.0,0.0,13.0,6.849963503552409,2.7356169322476416
331.46899999999914,27.0,1.68,0.0,-5.85,354.3205,0.0,0.0,0.0,0.0,13.0,6.086452168546139,1.5482893786369534
331.96899999999914,27.0,1.56,0.0,-5.3,354.2855,0.0,0.0,0.0,0.0,13.0,5.5248167390421195,1.1258774356030052
332.46899999999914,27.0,1.44,0.0,-4.71,353.0261,0.0,0.0,0.0,0.0,13.0,4.925210655393331,1.2041594578792294
333.0579999999991,27.0,1.2,0.0,-3.89,352.9105,0.0,0.0,0.0,0.0,13.0,4.070884424790269,1.4505948633817274
333.5579999999991,27.0,0.91,0.0,-2.98,350.8292,0.0,0.0,0.0,1.0,13.0,3.1158465944266256,1.9101832372837955
334.1139999999996,27.0,0.8,0.0,-2.74,351.3518,0.0,0.0,0.0,1.0,13.0,2.854400112107621,0.474833769152242
334.66499999999905,27.0,0.62,0.0,-1.7,350.5823,1.0,0.0,0.0,1.0,13.0,1.8095303258028033,1.9155389912118053
335.21600000000035,27.0,0.62,0.0,-1.7,350.956,1.0,0.0,0.0,1.0,13.0,1.8095303258028033,0.0
335.7430000000004,27.0,0.63,0.0,-1.73,349.9747,1.0,0.0,0.0,1.0,13.0,1.841140950606444,0.06000526869389222
336.27800000000025,27.0,0.63,0.0,-1.73,351.1651,1.0,0.0,0.0,1.0,13.0,1.841140950606444,0.0
336.8029999999999,27.0,0.77,0.0,-1.33,349.637,1.0,0.0,0.0,0.0,13.0,1.5368148880070105,0.8072236228735912
337.35100000000057,27.0,0.68,0.0,-1.41,350.6306,1.0,0.0,0.0,0.0,13.0,1.5654072952429985,0.2197371273499499
337.85399999999936,27.0,0.61,0.0,-1.35,349.5571,0.0,1.0,0.0,0.0,13.0,1.4814182393908886,0.18329114229254512
338.40400000000045,27.0,0.29,0.0,-0.94,349.9246,0.0,1.0,1.0,0.0,13.0,0.983717439105356,0.9456293544669123
338.9310000000005,27.0,0.29,0.0,-0.94,351.1046,0.0,1.0,1.0,0.0,13.0,0.983717439105356,0.0
339.4549999999999,27.0,0.1,0.0,-0.79,349.604,0.0,1.0,1.0,0.0,13.0,0.7963039620647383,0.4619739861421111
339.95800000000054,27.0,0.1,0.0,-0.79,354.175,0.0,1.0,1.0,0.0,13.0,0.7963039620647383,0.0
340.5069999999996,27.0,0.07,0.0,-0.61,354.4763,0.0,1.0,1.0,1.0,13.0,0.6140032573203501,0.3323913950988273
341.03700000000026,27.0,0.07,0.0,-0.61,354.9086,0.0,1.0,1.0,1.0,13.0,0.6140032573203501,0.0
341.60299999999916,27.0,-0.5,0.0,0.2,352.7406,0.0,0.0,1.0,0.0,13.0,0.5385164807134505,1.7499195073411413
342.10399999999936,,,,,,,,,,,,
342.65400000000045,,,,,,,,,,,,
343.15599999999904,,,,,,,,,,,,
343.7039999999997,,,,,,,,,,,,
344.20700000000033,,,,,,,,,,,,
344.8060000000005,27.0,2.18,0.0,-9.76,7.173329,0.0,0.0,0.0,0.0,14.0,10.000499987500625,17.235256810666172
345.3060000000005,27.0,2.18,0.0,-9.76,17.31728,0.0,0.0,0.0,0.0,14.0,10.000499987500625,0.0
345.8060000000005,27.0,2.18,0.0,-9.76,45.6225,0.0,0.0,0.0,0.0,14.0,10.000499987500625,0.0
346.40300000000025,27.0,2.18,0.0,-9.76,32.31547,0.0,0.0,0.0,0.0,14.0,10.000499987500625,0.0
346.90300000000025,27.0,2.18,0.0,-9.76,15.33523,0.0,0.0,0.0,0.0,14.0,10.000499987500625,0.0
347.40300000000025,27.0,2.18,0.0,-9.76,29.78721,0.0,0.0,0.0,0.0,14.0,10.000499987500625,0.0
347.90300000000025,27.0,2.18,0.0,-9.76,21.29109,0.0,0.0,0.0,0.0,14.0,10.000499987500625,0.0
348.40300000000025,27.0,2.18,0.0,-9.76,17.73313,0.0,0.0,0.0,0.0,14.0,10.000499987500625,0.0
348.9339999999993,27.0,2.18,0.0,-9.76,36.13435,0.0,0.0,0.0,0.0,14.0,10.000499987500625,0.0
349.45700000000033,27.0,2.18,0.0,-9.76,31.77664,0.0,0.0,0.0,0.0,14.0,10.000499987500625,0.0
349.97899999999936,27.0,2.18,0.0,-9.76,33.585,0.0,0.0,0.0,0.0,14.0,10.000499987500625,0.0
350.47899999999936,27.0,2.18,0.0,-9.76,25.02075,0.0,0.0,0.0,0.0,14.0,10.000499987500625,0.0
350.97899999999936,27.0,2.18,0.0,-9.76,21.78656,0.0,0.0,0.0,0.0,14.0,10.000499987500625,0.0
351.47899999999936,27.0,2.18,0.0,-9.76,25.81181,0.0,0.0,0.0,0.0,14.0,10.000499987500625,0.0
351.97899999999936,27.0,2.18,0.0,-9.76,356.4677,0.0,0.0,0.0,0.0,14.0,10.000499987500625,0.0
352.47899999999936,27.0,2.18,0.0,-9.76,8.644099,0.0,0.0,0.0,0.0,14.0,10.000499987500625,0.0
352.97899999999936,27.0,2.18,0.0,-9.76,8.079872,0.0,0.0,0.0,0.0,14.0,10.000499987500625,0.0
353.47899999999936,27.0,2.18,0.0,-9.76,352.1569,0.0,0.0,0.0,0.0,14.0,10.000499987500625,0.0
353.97899999999936,27.0,2.18,0.0,-9.76,352.5274,0.0,0.0,0.0,0.0,14.0,10.000499987500625,0.0
354.47899999999936,27.0,2.18,0.0,-9.76,356.5049,0.0,0.0,0.0,0.0,14.0,10.000499987500625,0.0
354.97899999999936,27.0,2.18,0.0,-9.76,12.2262,0.0,0.0,0.0,0.0,14.0,10.000499987500625,0.0
355.47899999999936,27.0,2.18,0.0,-9.76,24.4594,0.0,0.0,0.0,0.0,14.0,10.000499987500625,0.0
355.97899999999936,27.0,2.18,0.0,-9.76,34.41119,0.0,0.0,0.0,0.0,14.0,10.000499987500625,0.0
356.47899999999936,27.0,2.18,0.0,-9.76,39.05317,0.0,0.0,0.0,0.0,14.0,10.000499987500625,0.0
356.97899999999936,27.0,2.18,0.0,-9.76,36.6488,0.0,0.0,0.0,0.0,14.0,10.000499987500625,0.0
357.5499999999993,27.0,2.18,0.0,-9.76,122.8867,0.0,0.0,0.0,0.0,14.0,10.000499987500625,0.0
358.08100000000013,27.0,2.18,0.0,-9.76,71.35718,0.0,0.0,0.0,0.0,14.0,10.000499987500625,0.0
358.6080000000002,27.0,2.18,0.0,-9.76,38.46325,0.0,0.0,0.0,0.0,14.0,10.000499987500625,0.0
359.1939999999995,27.0,2.18,0.0,-9.76,57.32485,0.0,0.0,0.0,0.0,14.0,10.000499987500625,0.0
359.71199999999953,27.0,2.18,0.0,-9.76,56.35477,0.0,0.0,0.0,0.0,14.0,10.000499987500625,0.0
360.2600000000002,27.0,2.18,0.0,-9.76,87.21677,0.0,0.0,0.0,0.0,14.0,10.000499987500625,0.0
