Time,ID,Positionx,Positionz,Positiony,Yaw,Up,Right,Down,Left
0.0,53,-0.41,0.0,-1.06,63.17497,1,1,0,0
0.5199999999995271,53,-0.41,0.0,-0.95,44.24104,1,0,0,0
1.0209999999997308,53,-0.41,0.0,-0.95,40.68031,1,0,0,0
1.532999999999447,53,-0.41,0.0,-0.95,38.93635,1,0,0,0
2.0339999999996508,53,-0.41,0.0,-0.95,39.41413,1,0,0,0
2.5460000000002765,53,-0.41,0.0,-1.05,55.99218,1,1,0,0
3.0460000000002765,53,-0.39,0.0,-1.01,61.11612,1,1,0,0
3.5590000000001965,53,0.04,0.0,-1.04,73.74009,0,0,1,1
4.070999999999913,53,0.29,0.02,-0.93,61.94096,0,0,1,1
4.570999999999913,53,0.44,0.0,-0.72,39.26224,0,0,0,1
5.082999999999629,53,0.68,0.0,-0.43,35.12011,0,1,1,0
5.582999999999629,53,0.89,0.0,-0.09,36.3529,0,0,1,0
6.083999999999833,53,1.19,0.0,0.28,39.98401,0,0,0,0
6.583999999999833,53,1.29,0.0,0.41,40.20772,0,0,0,0
7.095999999999549,53,1.32,0.0,0.43,29.54719,0,0,0,0
7.608999999999469,53,-0.86,0.0,-9.74,30.44529,1,0,0,0
8.121000000000095,53,-0.84,0.0,-9.73,26.0005,1,0,0,0
8.621000000000095,53,-0.83,0.0,-9.6,7.161221,0,0,0,0
9.134000000000015,53,-0.76,0.0,-9.43,10.07418,0,0,0,0
9.64599999999973,53,-0.56,0.0,-8.85,9.242808,0,0,0,0
10.14599999999973,53,-0.25,0.0,-8.14,358.7672,1,0,0,0
10.64599999999973,53,0.0,0.0,-7.85,16.23919,0,1,0,0
11.15899999999965,53,0.19,0.0,-7.96,0.4059622,0,1,0,0
11.65899999999965,53,0.28,0.0,-7.42,3.644057,1,0,1,0
12.171000000000276,53,0.42,0.0,-6.54,3.472798,1,0,0,0
12.671000000000276,53,0.48,0.0,-5.8,3.737532,0,1,1,0
13.171000000000276,53,0.55,0.0,-5.37,2.123578,1,0,1,0
13.682999999999993,53,0.71,0.0,-4.89,358.8023,1,0,1,0
14.197000000000116,53,0.77,0.0,-4.12,357.5319,0,0,0,1
14.708999999999833,53,0.75,0.0,-3.4,357.2253,0,0,0,1
15.221999999999753,53,0.71,0.0,-2.74,356.5607,0,0,0,0
15.733999999999469,53,0.56,0.0,-2.21,359.4644,1,0,0,0
16.23700000000008,53,0.57,0.0,-1.8,0.9843137,0,0,0,1
16.74499999999989,53,0.53,0.0,-1.22,0.3243056,0,0,0,1
17.25799999999981,53,0.54,0.0,-0.76,1.979416,1,0,1,1
17.759000000000015,53,0.54,0.0,-0.33,1.869257,0,0,1,1
18.27099999999973,53,0.54,0.0,0.15,2.345857,0,0,1,0
18.77099999999973,53,0.59,0.0,0.56,2.070224,0,0,1,0
19.27099999999973,53,0.75,0.0,0.87,2.432222,0,0,1,0
19.77099999999973,53,0.95,0.03,1.63,2.969147,0,0,0,0
20.284999999999854,53,2.2,0.0,-9.75,3.758196,0,0,0,1
20.796000000000276,53,2.18,0.0,-9.63,2.573804,0,0,0,0
21.307999999999993,53,2.3,0.0,-9.41,354.8732,0,0,0,0
21.809000000000196,53,2.34,0.0,-9.15,350.8274,0,0,0,0
22.30999999999949,53,2.35,0.0,-9.21,347.834,0,0,0,0
22.822000000000116,53,2.06,0.0,-8.55,346.7614,0,0,0,0
23.333999999999833,53,2.01,0.0,-7.62,350.3333,0,0,0,0
23.846999999999753,53,2.24,0.0,-7.77,346.2674,0,0,0,0
24.35899999999947,53,2.22,0.0,-6.86,331.951,0,0,0,0
24.871000000000095,53,2.03,0.0,-6.4,339.9087,0,0,0,0
25.371000000000095,53,1.9,0.0,-5.9,340.0285,0,0,0,0
25.884000000000015,53,1.82,0.0,-5.4,341.9701,0,0,0,0
26.384000000000015,53,1.63,0.0,-4.52,341.3786,0,0,0,0
26.884000000000015,53,1.43,0.0,-3.93,341.1536,0,0,0,0
27.396999999999935,53,1.42,0.0,-3.68,339.6873,0,0,0,0
27.896999999999935,53,1.2,0.0,-2.83,341.2881,0,0,0,0
28.40899999999965,53,1.27,0.0,-2.28,328.8997,0,0,0,0
28.92199999999957,53,1.07,0.0,-1.91,331.8001,0,0,0,0
29.432999999999993,53,0.96,0.0,-1.59,334.1607,0,0,0,1
29.932999999999993,53,0.69,0.0,-0.96,335.1456,1,0,0,1
30.445999999999913,53,0.52,0.0,-0.46,338.1927,0,0,0,1
30.945999999999913,53,0.56,0.0,-0.49,338.7712,0,0,0,1
31.445999999999913,53,0.47,0.0,-0.1,338.416,0,0,0,1
31.947000000000116,53,0.46,0.0,0.45,339.3527,0,0,0,0
32.45899999999983,53,0.34,0.0,0.88,339.4282,0,0,0,0
32.95899999999983,53,0.33,0.0,1.06,337.8488,0,0,0,0
33.460000000000036,53,-0.93,0.0,-9.96,336.3651,0,0,0,0
33.97199999999975,53,-1.04,0.0,-9.52,341.3476,0,0,0,0
34.48499999999967,53,-0.97,0.0,-9.6,18.31129,0,0,0,0
34.9970000000003,53,-0.97,0.0,-9.39,12.36667,0,0,0,0
35.51000000000022,53,-0.89,0.0,-9.14,12.63664,0,0,0,0
36.021999999999935,53,-1.09,0.0,-9.17,25.28082,0,0,0,0
36.53399999999965,53,-1.01,0.0,-9.09,19.20967,0,1,0,0
37.04699999999957,53,-0.92,0.0,-8.63,10.89244,0,1,0,0
37.5590000000002,53,-0.63,0.0,-7.78,9.496438,0,0,0,0
38.0590000000002,53,-0.53,0.0,-7.67,7.083797,0,0,0,0
38.572000000000116,53,-0.07,0.0,-6.77,7.806452,0,0,0,0
39.08399999999983,53,-0.07,0.0,-6.77,3.922452,0,1,0,0
39.58399999999983,53,0.3,0.0,-5.55,5.08925,0,0,0,0
40.085000000000036,53,0.29,0.0,-5.43,350.2877,0,0,1,0
40.59199999999964,53,0.43,0.0,-4.43,356.8789,0,0,0,0
41.095000000000255,53,0.45,0.0,-4.48,354.6,0,0,0,0
41.59599999999955,53,0.56,0.0,-3.43,355.7238,0,0,0,0
42.09599999999955,53,0.53,0.0,-3.36,354.8767,0,0,0,0
42.60699999999997,53,0.59,0.0,-2.35,355.137,1,0,0,0
43.10899999999947,53,0.58,0.0,-1.96,354.5576,1,0,0,0
43.60899999999947,53,0.73,0.0,-1.48,353.8232,0,0,1,1
44.11999999999989,53,0.75,0.0,-0.78,352.3879,0,0,0,1
44.621000000000095,53,0.69,0.0,-0.67,338.0103,0,0,0,1
45.121000000000095,53,0.65,0.0,-0.13,339.7561,0,0,0,0
45.621000000000095,53,0.62,0.0,0.3,341.3674,0,0,0,0
46.134000000000015,53,0.65,0.0,0.63,340.7404,0,0,0,0
46.64599999999973,53,0.6,0.0,1.55,341.9142,0,0,0,0
47.146999999999935,53,0.57,0.02,1.64,340.6539,0,0,0,0
47.65899999999965,53,2.29,0.0,-9.13,341.1417,0,0,0,0
48.15899999999965,53,2.22,0.0,-8.58,341.7563,0,0,0,0
48.65899999999965,53,2.22,0.0,-8.55,338.2207,0,0,0,0
49.17199999999957,53,2.16,0.0,-7.36,344.9709,0,0,0,0
49.68499999999949,53,2.16,0.0,-7.36,337.714,0,0,0,0
50.197000000000116,53,2.1,0.0,-6.23,345.1397,0,0,0,0
50.697000000000116,53,2.01,0.0,-6.14,324.5732,0,0,0,0
51.20899999999983,53,1.92,0.0,-5.52,335.1074,0,0,0,0
51.70899999999983,53,1.93,0.0,-5.52,335.3809,0,0,0,0
52.22199999999975,53,1.75,0.0,-4.47,340.1681,0,0,0,0
52.72199999999975,53,1.65,0.0,-4.36,333.1104,0,0,0,0
53.23399999999947,53,1.52,0.0,-3.37,337.8329,0,0,0,0
53.73499999999967,53,1.33,0.0,-2.88,333.9707,0,0,0,0
54.2470000000003,53,1.28,0.0,-2.36,332.857,0,0,0,0
54.759000000000015,53,0.98,0.0,-1.65,330.1226,1,0,0,0
55.259000000000015,53,0.88,0.0,-1.58,316.2561,1,0,0,0
55.77099999999973,53,0.6,0.0,-1.2,322.5758,1,0,1,1
56.28399999999965,53,0.57,0.0,-1.12,329.1151,1,1,0,1
56.78399999999965,53,0.5,0.0,-0.56,333.1679,0,0,1,1
57.28399999999965,53,0.27,0.0,-0.12,331.6729,0,0,1,0
57.79600000000028,53,0.24,0.0,-0.01,331.7335,0,0,0,0
58.29699999999957,53,0.1,0.0,0.67,328.6118,0,0,0,0
58.8090000000002,53,-0.17,0.0,1.29,326.3724,0,0,0,0
59.322000000000116,53,-0.38,0.0,1.58,325.0721,0,0,0,0
59.83399999999983,53,-3.32,0.0,-9.44,323.0946,0,0,0,0
60.335000000000036,53,-3.59,0.0,-9.07,317.3821,0,0,0,0
60.84699999999975,53,-3.59,0.0,-9.07,14.49005,0,0,0,0
61.347999999999956,53,-3.61,0.0,-9.07,28.53031,0,0,0,0
61.85999999999967,53,-3.62,0.0,-9.1,25.46661,0,0,0,0
62.3720000000003,53,-3.42,0.0,-9.19,46.29772,0,0,0,0
62.88500000000022,53,-3.3,0.0,-9.37,28.38129,0,0,0,0
63.396999999999935,53,-3.3,0.0,-9.38,16.59435,0,0,0,1
63.909999999999854,53,-3.16,0.0,-9.03,16.52481,0,0,0,1
64.42199999999957,53,-2.69,0.0,-8.2,18.22306,0,0,0,0
64.9340000000002,53,-2.49,0.0,-7.74,18.21112,0,0,0,0
65.44700000000012,53,-2.23,0.0,-7.32,18.17397,0,0,0,0
65.95899999999983,53,-1.76,0.0,-6.43,17.53059,0,0,0,0
66.45899999999983,53,-1.44,0.0,-5.56,17.46667,0,0,0,0
66.97199999999975,53,-1.41,0.0,-5.51,16.6006,0,0,0,0
67.47199999999975,53,-1.02,0.0,-4.89,16.13853,0,0,0,0
67.97199999999975,53,-0.63,0.0,-4.05,15.54901,1,0,0,0
68.47199999999975,53,-0.62,0.0,-3.79,13.83592,1,0,1,0
68.98399999999947,53,-0.33,0.0,-3.22,14.33011,1,0,0,0
69.48499999999967,53,0.04,0.0,-2.67,15.50032,1,0,0,1
69.9960000000001,53,0.35,0.0,-2.09,14.67717,0,0,1,0
70.4970000000003,53,0.36,0.0,-1.91,358.5741,1,0,1,0
71.00900000000001,53,0.47,0.0,-1.51,358.9637,0,1,0,0
71.50900000000001,53,0.48,0.0,-1.47,0.3063864,1,0,1,0
72.02199999999993,53,0.75,0.0,-0.93,359.3814,1,0,0,0
72.53399999999965,53,0.72,0.0,-0.69,345.6342,1,0,0,0
73.04699999999957,53,0.72,0.0,-0.6,344.8445,0,1,1,1
73.54699999999957,53,0.69,0.0,-0.19,345.6333,0,0,1,1
74.0590000000002,53,0.78,0.0,0.42,348.5388,0,0,0,0
74.57200000000012,53,0.82,0.0,0.85,347.8194,0,0,0,0
75.07200000000012,53,0.87,0.0,1.03,347.6283,0,0,0,0
75.57299999999941,53,2.78,0.0,-9.61,348.2112,0,0,0,0
76.08500000000004,53,2.78,0.0,-9.61,345.3544,0,0,0,0
76.59799999999996,53,2.69,0.0,-9.52,326.5496,0,0,0,0
77.10999999999967,53,2.68,0.0,-9.44,335.7821,0,0,0,0
77.6220000000003,53,2.51,0.0,-8.57,338.6463,0,0,0,0
78.13500000000022,53,2.36,0.0,-7.68,338.7015,1,0,0,0
78.64699999999993,53,2.21,0.0,-7.25,337.4218,0,1,0,0
79.14699999999993,53,2.19,0.0,-6.69,337.8127,0,0,1,0
79.65899999999965,53,2.11,0.0,-5.89,339.0481,0,0,1,0
80.15999999999985,53,1.98,0.0,-5.46,337.5796,0,0,0,0
80.67199999999957,53,2.02,0.0,-4.92,337.2863,0,0,0,0
81.17199999999957,53,1.77,0.0,-3.99,337.0482,0,0,0,0
81.68499999999949,53,1.66,0.0,-3.93,323.1085,0,0,0,0
82.19799999999941,53,1.34,0.0,-3.43,328.2285,0,0,0,0
82.71000000000004,53,1.23,0.0,-3.07,332.5826,0,0,0,0
83.22199999999975,53,1.16,0.0,-2.6,332.9952,1,1,0,0
83.73499999999967,53,0.95,0.0,-1.85,332.0417,0,0,0,1
84.2470000000003,53,0.75,0.0,-1.56,329.6774,0,0,1,0
84.75900000000001,53,0.7,0.0,-1.25,329.9535,0,0,1,1
85.27199999999993,53,0.4,0.0,-0.58,329.015,0,1,0,1
85.78399999999965,53,0.31,0.0,-0.1,330.0794,0,0,0,1
86.28499999999985,53,0.19,0.0,0.13,328.3664,0,0,0,1
86.78499999999985,53,0.19,0.0,0.55,328.176,0,0,0,0
87.28499999999985,53,0.0,0.0,1.31,325.7937,0,0,0,0
87.79799999999977,53,-0.2,0.0,1.58,326.0853,0,0,0,0
88.30999999999949,53,-1.74,0.0,-9.85,325.441,0,1,0,0
88.82200000000012,53,-1.74,0.0,-9.85,313.2711,0,0,1,0
89.33600000000024,53,-1.74,0.0,-9.85,306.8774,0,0,0,0
89.84799999999996,53,-1.74,0.0,-9.85,302.9265,0,0,0,0
90.35999999999967,53,-1.74,0.0,-9.85,303.4915,0,0,0,0
90.85999999999967,53,-1.74,0.0,-9.85,306.8284,0,0,0,0
91.3720000000003,53,-1.74,0.0,-9.85,345.3996,0,0,0,0
91.8720000000003,53,-1.75,0.0,-9.84,19.01253,0,0,0,0
92.37299999999959,53,-1.91,0.0,-9.4,15.56856,0,0,0,0
92.88599999999951,53,-1.81,0.0,-9.43,20.76397,0,0,0,0
93.39800000000014,53,-1.71,0.0,-9.45,15.82337,0,0,0,0
93.90999999999985,53,-1.73,0.0,-9.24,6.099049,0,0,0,0
94.42299999999977,53,-1.35,0.0,-8.25,8.939074,0,0,0,0
94.93499999999949,53,-1.28,0.0,-7.61,8.343525,0,0,0,0
95.44799999999941,53,-1.04,0.0,-7.13,6.974642,0,0,0,0
95.96000000000004,53,-0.87,0.0,-6.06,6.737104,0,0,0,0
96.46000000000004,53,-0.88,0.0,-5.97,8.090808,0,0,0,0
96.97299999999996,53,-0.54,0.0,-5.17,9.44909,0,0,0,0
97.48499999999967,53,-0.26,0.0,-4.35,9.432975,0,0,0,0
97.98499999999967,53,-0.16,0.0,-4.23,8.632997,0,0,0,0
98.4970000000003,53,0.09,0.0,-3.27,5.827218,1,0,0,0
98.9970000000003,53,0.2,0.0,-2.72,5.007326,1,0,0,0
99.51000000000022,53,0.35,0.0,-2.32,2.559939,1,1,0,0
100.02199999999993,53,0.43,0.0,-1.54,359.6208,0,0,1,0
100.53499999999985,53,0.42,0.0,-0.94,359.3073,1,1,1,1
101.04799999999977,53,0.64,0.0,-0.82,358.3658,1,0,1,0
101.5590000000002,53,0.74,0.0,-0.64,354.4659,0,0,1,1
102.0590000000002,53,0.69,0.0,-0.08,355.5942,0,0,0,0
102.55999999999949,53,0.74,0.0,-0.02,355.7213,0,0,0,0
103.05999999999949,53,0.89,0.0,0.55,355.2747,0,0,0,0
103.57299999999941,53,1.11,0.0,1.29,355.7617,0,0,0,0
104.08600000000024,53,9.7,0.0,23.18,352.8123,0,0,0,0
104.59799999999996,53,-0.88,0.0,-9.53,356.5702,0,0,0,1
105.10999999999967,53,-0.78,0.0,-8.81,359.3754,0,0,0,1
105.6220000000003,53,-0.76,0.0,-8.77,358.2307,0,0,0,1
106.13500000000022,53,-0.41,0.0,-7.67,357.3871,0,0,0,0
106.63599999999951,53,-0.29,0.0,-7.08,358.5412,0,0,0,0
107.14699999999993,53,0.44,0.0,-0.15,358.091,0,0,1,0
107.64800000000014,53,0.69,0.0,0.81,356.8406,0,0,0,0
108.15499999999975,53,0.66,0.0,1.0,356.1374,0,0,0,0
108.65999999999985,53,0.85,0.0,1.56,355.6977,0,0,0,0
109.17399999999998,53,0.95,0.0,1.88,353.684,0,0,0,0
109.6859999999997,53,0.95,0.0,1.88,323.0312,0,0,0,0
110.19799999999941,53,-3.05,0.0,-9.52,322.7641,0,0,0,0
110.71000000000004,53,-3.05,0.0,-9.52,22.22873,0,0,0,0
111.22299999999996,53,-3.05,0.0,-9.11,27.23313,0,0,0,0
111.73499999999967,53,-3.02,0.0,-9.27,35.12731,0,0,1,0
112.24799999999959,53,-2.74,0.0,-8.79,26.94464,0,0,0,0
112.76000000000022,53,-2.71,0.0,-8.61,21.19847,0,0,0,1
113.26000000000022,53,-2.27,0.0,-8.05,19.37202,0,0,1,0
113.76000000000022,53,-1.82,0.0,-7.21,18.45244,0,0,0,1
114.26099999999951,53,-1.79,0.0,-7.11,16.05485,1,0,0,0
114.77300000000014,53,-1.39,0.0,-6.51,16.24771,0,1,0,1
115.28499999999985,53,-1.14,0.0,-5.68,14.98322,0,1,0,0
115.79799999999977,53,-1.07,0.0,-5.54,14.29813,0,1,0,0
116.3109999999997,53,-0.72,0.0,-5.11,11.2943,0,0,1,0
116.82299999999941,53,-0.43,0.0,-4.38,11.12863,0,0,0,0
117.33500000000004,53,-0.45,0.0,-4.19,6.063657,0,0,0,0
117.84799999999996,53,-0.13,0.0,-3.64,7.298798,0,0,0,0
118.36099999999988,53,0.21,0.0,-2.85,7.421678,1,0,0,0
118.8720000000003,53,0.2,0.0,-2.76,351.5015,1,0,0,0
119.3720000000003,53,0.24,0.0,-2.34,357.0813,1,0,0,1
119.88500000000022,53,0.22,0.0,-2.19,358.7437,0,1,0,1
120.38500000000022,53,0.38,0.0,-1.6,358.6475,0,1,1,1
120.88500000000022,53,0.48,0.0,-0.9,358.1785,0,0,0,1
121.39800000000014,53,0.43,0.0,-0.8,355.1142,0,0,0,1
121.90999999999985,53,0.51,0.0,-0.27,354.2433,0,0,1,1
122.40999999999985,53,0.68,0.0,0.49,357.1716,0,0,1,0
122.92199999999957,53,0.64,0.0,0.64,354.7872,0,0,1,0
123.42299999999977,53,0.78,0.0,1.09,353.3583,0,0,0,0
123.93499999999949,53,0.96,0.0,1.81,355.9658,0,0,0,0
124.44799999999941,53,0.95,0.0,1.86,354.154,0,0,0,0
124.94899999999961,53,2.05,0.0,-9.19,353.2614,0,0,0,0
125.46000000000004,53,2.23,0.0,-8.68,337.4167,0,0,0,0
125.97299999999996,53,2.19,0.0,-8.61,335.77,0,0,0,0
126.48599999999988,53,2.38,0.0,-8.18,336.8626,0,0,0,0
126.99799999999959,53,2.25,0.0,-7.4,336.6763,0,0,0,0
127.49799999999959,53,2.18,0.0,-7.21,319.5509,0,0,0,0
128.01000000000022,53,2.11,0.0,-6.99,328.8325,0,0,0,0
128.52300000000014,53,2.02,0.0,-6.96,328.4165,0,0,0,0
129.03600000000006,53,2.06,0.0,-6.23,332.5202,0,0,0,0
129.54699999999957,53,1.95,0.0,-5.7,333.8473,0,0,0,0
130.04799999999977,53,1.97,0.0,-5.46,331.5097,0,0,0,0
130.54799999999977,53,1.71,0.0,-4.86,332.5303,0,0,0,0
131.04799999999977,53,1.61,0.0,-4.7,335.306,0,0,0,0
131.5599999999995,53,1.69,0.0,-4.23,334.2525,0,0,0,0
132.0599999999995,53,1.57,0.0,-4.19,321.3234,0,0,0,0
132.5729999999994,53,1.45,0.0,-3.78,322.9827,0,0,0,1
133.08500000000004,53,1.15,0.0,-3.34,324.065,0,0,0,0
133.58600000000024,53,1.08,0.0,-3.16,325.3942,0,0,0,0
134.08600000000024,53,0.9,0.0,-2.55,327.595,1,0,0,0
134.59799999999996,53,1.01,0.0,-2.58,339.0435,0,0,1,0
135.09799999999996,53,0.95,0.0,-2.26,334.7221,0,0,1,1
135.60999999999967,53,0.7,0.0,-1.83,329.1659,0,0,0,1
136.1220000000003,53,0.65,0.0,-1.53,330.2438,1,0,0,1
136.6229999999996,53,0.55,0.0,-0.85,331.6508,1,0,0,1
137.13500000000022,53,0.39,0.0,-0.56,330.0027,0,0,0,1
137.63500000000022,53,0.34,0.0,-0.19,331.1966,0,0,0,1
138.1359999999995,53,0.15,0.0,0.51,332.6146,0,0,0,0
138.6359999999995,53,0.18,0.0,0.48,332.1618,0,0,0,0
139.1359999999995,53,0.15,0.0,1.09,332.5226,0,0,0,0
139.6359999999995,53,-0.09,0.02,1.76,334.1089,0,0,0,0
140.14899999999943,53,-3.7,0.0,-9.31,330.3927,0,0,0,0
140.66100000000006,53,-3.87,0.0,-8.85,330.5798,1,0,0,0
141.16100000000006,53,-3.64,0.0,-8.98,11.29473,0,0,0,0
141.67299999999977,53,-3.56,0.0,-9.06,32.00098,0,0,0,0
142.1849999999995,53,-3.65,0.0,-8.82,41.36227,0,0,0,0
142.6859999999997,53,-3.45,0.0,-8.56,34.88304,0,0,0,0
143.1859999999997,53,-2.96,0.0,-7.85,31.40014,0,0,0,0
143.6859999999997,53,-2.65,0.0,-7.35,31.32575,0,0,0,1
144.1979999999994,53,-2.68,0.0,-7.39,29.31944,0,0,0,0
144.69899999999961,53,-2.29,0.0,-6.76,28.68583,0,0,0,1
145.21100000000024,53,-1.9,0.0,-6.01,28.73436,0,0,0,1
145.71100000000024,53,-1.86,0.0,-5.94,26.24572,0,0,0,0
146.22299999999996,53,-1.57,0.0,-5.27,25.13298,0,0,0,1
146.73499999999967,53,-1.18,0.0,-4.7,24.89821,0,0,0,0
147.23599999999988,53,-1.01,0.0,-4.37,23.33486,0,0,0,0
147.7479999999996,53,-0.66,0.0,-3.86,23.55731,0,0,0,0
148.2609999999995,53,-0.22,0.0,-3.23,20.62622,0,0,0,1
148.77399999999943,53,-0.28,0.0,-3.12,6.433145,1,0,0,0
149.28600000000006,53,-0.07,0.0,-2.75,9.152081,1,0,0,0
149.79799999999977,53,0.21,0.0,-2.05,9.241818,1,0,1,0
150.29799999999977,53,0.19,0.0,-1.99,8.786339,1,0,1,0
150.8099999999995,53,0.29,0.0,-1.62,8.307096,0,1,0,0
151.3229999999994,53,0.33,0.0,-0.96,8.370349,1,0,1,0
151.8229999999994,53,0.35,0.0,-0.65,8.97055,1,0,1,0
152.33500000000004,53,0.49,0.0,-0.31,9.766907,0,0,0,1
152.83500000000004,53,0.53,0.0,-0.25,9.196803,0,0,0,1
153.33600000000024,53,0.55,0.0,-0.29,8.472403,0,0,0,1
153.84799999999996,53,0.63,0.0,-0.27,6.516708,0,0,1,0
154.34799999999996,53,0.77,0.0,-0.16,4.895312,0,0,0,0
154.84900000000016,53,2.19,0.0,-9.75,7.645513,0,1,0,0
155.35999999999967,53,2.22,0.0,-9.71,4.99936,0,1,0,0
155.8689999999997,53,2.24,0.0,-9.34,340.0147,0,0,0,1
156.3729999999996,53,2.24,0.0,-9.33,341.4566,0,0,0,1
156.8859999999995,53,2.19,0.0,-9.17,341.2591,0,0,0,1
157.39800000000014,53,2.18,0.0,-8.71,344.0812,0,0,1,0
157.89800000000014,53,2.13,0.0,-7.88,347.4298,0,0,0,0
158.39899999999943,53,2.09,0.0,-7.62,346.363,0,0,0,0
158.91100000000006,53,2.01,0.0,-7.06,348.4904,0,0,0,0
159.42399999999998,53,1.98,0.0,-6.31,348.28,0,0,0,0
159.92399999999998,53,2.0,0.0,-6.25,342.321,0,0,0,0
160.42699999999968,53,1.94,0.0,-5.31,343.8825,0,0,0,0
160.9359999999997,53,1.9,0.0,-5.26,343.9703,0,0,0,0
161.4359999999997,53,1.97,0.0,-4.56,344.5854,0,0,0,0
161.9359999999997,53,1.95,0.0,-4.23,343.3378,0,0,0,0
162.4359999999997,53,2.02,0.0,-3.21,344.4445,0,0,0,0
162.94899999999961,53,2.02,0.0,-3.21,341.6528,0,0,0,0
163.46100000000024,53,2.2,0.0,-2.85,321.3585,0,0,0,0
163.97499999999945,53,2.24,0.0,-2.38,323.2109,0,0,0,0
164.48700000000008,53,2.17,0.0,-2.31,305.3365,0,0,0,0
164.9979999999996,53,2.1,0.0,-2.22,306.3571,0,0,0,0
165.4989999999998,53,1.9,0.0,-1.77,305.9737,0,0,0,0
166.0109999999995,53,1.74,0.0,-1.73,294.0052,1,0,0,0
166.52300000000014,53,1.4,0.0,-1.36,297.949,1,0,0,0
167.02300000000014,53,0.88,0.0,-1.07,303.5702,0,0,1,0
167.52300000000014,53,0.51,0.0,-0.77,310.7831,1,0,0,0
168.03600000000006,53,0.26,0.0,-0.55,315.4066,0,0,0,1
168.54899999999998,53,0.37,0.0,-0.56,333.4149,0,0,0,1
169.0609999999997,53,0.15,0.0,-0.14,333.2029,0,0,0,1
169.57399999999961,53,0.24,0.0,-0.03,347.3542,0,0,0,0
170.08600000000024,53,0.26,0.0,0.31,345.8549,0,0,0,0
170.58600000000024,53,-2.19,0.0,-9.65,347.1557,0,0,0,0
171.09799999999996,53,-3.16,0.0,-9.49,347.5119,0,1,0,0
171.61099999999988,53,-3.07,0.0,-9.56,11.49108,1,0,0,0
172.1229999999996,53,-2.99,0.0,-9.65,28.40425,0,0,0,0
172.6239999999998,53,-2.99,0.0,-9.61,25.31255,0,0,0,0
173.1239999999998,53,-2.83,0.0,-9.22,23.62371,0,0,0,0
173.63699999999972,53,-2.58,0.0,-8.66,23.57607,0,0,0,0
174.14899999999943,53,-2.48,0.0,-8.5,23.50268,0,0,0,0
174.66100000000006,53,-2.22,0.0,-7.79,26.0276,0,0,0,0
175.17399999999998,53,-1.91,0.0,-7.07,30.35138,0,0,0,0
175.6859999999997,53,-1.92,0.0,-6.85,28.89549,0,0,0,0
176.19899999999961,53,-1.76,0.0,-6.32,28.02905,0,0,0,0
176.71100000000024,53,-1.51,0.0,-5.57,28.05833,0,0,0,0
177.22400000000016,53,-1.38,0.0,-5.25,25.66159,0,0,0,0
177.73700000000008,53,-1.18,0.0,-4.81,22.84665,0,0,0,0
178.2479999999996,53,-0.93,0.0,-4.03,22.29068,0,0,0,1
178.7489999999998,53,-0.76,0.0,-3.53,24.27956,0,0,0,1
179.2609999999995,53,-0.62,0.0,-3.25,22.07623,1,0,0,1
179.77399999999943,53,-0.28,0.0,-2.36,22.47743,1,0,0,0
180.28600000000006,53,-0.26,0.0,-2.47,19.64527,1,1,0,0
180.79799999999977,53,-0.14,0.0,-2.07,16.25428,0,1,0,0
181.3099999999995,53,0.0,0.0,-1.41,18.36699,0,1,1,0
181.8109999999997,53,0.02,0.0,-1.34,19.63385,1,1,1,0
182.3229999999994,53,0.1,0.0,-0.98,18.63778,0,0,1,0
182.83600000000024,53,0.32,0.0,-0.26,18.60098,0,0,1,0
183.34900000000016,53,0.38,0.0,-0.24,15.47153,0,0,1,1
183.86099999999988,53,0.67,0.0,0.43,9.931537,0,0,0,1
184.36099999999988,53,0.86,0.0,0.94,9.175445,0,0,0,0
184.86200000000008,53,0.9,0.0,1.0,10.36546,0,0,0,0
185.3739999999998,53,0.9,0.0,1.0,8.328658,0,0,0,0
185.8859999999995,53,-3.86,0.0,-9.23,325.4001,0,0,0,0
186.3859999999995,53,-3.79,0.0,-9.17,12.28485,0,0,0,0
186.88699999999972,53,-3.73,0.0,-9.26,44.7462,0,0,0,0
187.39899999999943,53,-3.77,0.0,-9.17,31.13407,0,0,0,0
187.89899999999943,53,-3.63,0.0,-8.93,33.78594,0,0,0,0
188.39899999999943,53,-3.55,0.0,-8.68,34.62015,0,0,0,0
188.89899999999943,53,-3.28,0.0,-8.15,36.44827,0,0,0,0
189.41100000000006,53,-3.0,0.0,-7.43,36.01637,0,0,0,0
189.92500000000018,53,-2.76,0.0,-6.91,37.41765,0,0,0,0
190.4409999999998,53,-2.65,0.0,-6.82,36.68946,0,0,0,0
190.9479999999994,53,-2.36,0.0,-6.13,32.79034,0,0,0,0
191.46100000000024,53,-1.95,0.0,-5.57,32.3334,0,0,0,0
191.97400000000016,53,-1.85,0.0,-5.34,28.4038,0,0,0,0
192.48700000000008,53,-1.6,0.0,-4.85,26.37147,0,0,0,0
192.9979999999996,53,-1.29,0.0,-4.08,24.48231,0,0,0,0
193.4989999999998,53,-1.1,0.0,-3.68,27.44444,0,0,0,0
194.0109999999995,53,-0.93,0.0,-3.37,27.29042,0,0,0,0
194.52399999999943,53,-0.55,0.0,-2.69,27.41788,0,0,0,0
195.02399999999943,53,-0.36,0.0,-2.5,27.10483,1,0,0,0
195.53600000000006,53,-0.2,0.0,-2.19,25.28708,1,1,0,0
196.03600000000006,53,0.15,0.0,-1.46,25.34277,1,1,0,0
196.54899999999998,53,0.32,0.0,-0.95,25.74313,1,1,0,0
197.0609999999997,53,0.34,0.0,-0.93,23.05098,1,0,0,1
197.57499999999982,53,0.35,0.0,-0.85,22.31433,0,0,1,1
198.08600000000024,53,0.37,0.0,-0.74,23.08725,0,1,0,1
198.59799999999996,53,0.37,0.0,-0.74,19.95963,1,0,1,0
199.09900000000016,53,0.77,0.0,-0.13,19.17434,0,0,0,0
199.61200000000008,53,1.0,0.0,0.43,20.52474,0,0,0,0
200.1239999999998,53,1.14,0.0,0.6,17.70452,0,0,0,0
200.6239999999998,53,1.54,0.0,1.24,17.11714,0,0,0,0
201.1359999999995,53,1.46,0.0,-9.5,19.98553,0,0,1,0
201.63799999999992,53,1.53,0.0,-9.43,13.52094,0,0,0,0
202.14899999999943,53,1.53,0.0,-9.43,0.7566742,0,0,0,0
202.64999999999964,53,1.53,0.0,-9.43,355.5759,0,0,0,0
203.16100000000006,53,1.53,0.0,-9.43,352.7999,0,0,0,0
203.66100000000006,53,1.53,0.0,-9.43,352.7673,0,0,0,0
204.17399999999998,53,1.53,0.0,-9.43,352.8412,0,0,0,0
204.6859999999997,53,1.53,0.0,-9.43,352.8676,0,0,0,0
205.1869999999999,53,1.53,0.0,-9.43,352.6634,0,0,0,0
205.69999999999982,53,1.53,0.0,-9.43,2.321425,0,0,0,0
206.21100000000024,53,1.71,0.0,-8.92,2.533944,0,1,0,0
206.72400000000016,53,1.77,0.0,-8.4,356.1122,1,0,0,0
207.23700000000008,53,1.88,0.0,-8.21,352.0044,1,0,0,0
207.7489999999998,53,1.86,0.0,-8.17,356.1451,0,0,0,1
208.26199999999972,53,2.01,0.0,-7.75,358.5885,0,0,0,1
208.77399999999943,53,1.96,0.0,-7.63,345.1983,0,0,0,1
209.28700000000026,53,1.95,0.0,-7.2,347.1219,0,0,0,0
209.79899999999998,53,1.88,0.0,-7.1,328.0191,0,0,0,0
210.3109999999997,53,1.8,0.0,-6.68,343.2182,0,0,0,0
210.8119999999999,53,1.73,0.0,-6.52,341.2942,0,0,0,0
211.32399999999961,53,1.71,0.0,-5.51,349.564,0,0,0,0
211.83600000000024,53,1.68,0.0,-4.57,347.0532,0,0,0,0
212.33600000000024,53,1.66,0.0,-4.34,331.6325,1,0,0,0
212.83699999999953,53,1.63,0.0,-3.56,335.7753,1,0,0,0
213.34900000000016,53,1.53,0.0,-3.49,321.7159,1,0,0,0
213.86099999999988,53,1.5,0.0,-2.87,328.4918,1,0,0,0
214.3729999999996,53,1.39,0.0,-2.76,323.3532,1,0,0,0
214.8859999999995,53,1.11,0.0,-1.79,325.2703,1,0,1,0
215.39800000000014,53,0.84,0.0,-1.17,326.1742,1,0,0,1
215.89800000000014,53,0.84,0.0,-0.69,325.2366,0,0,0,1
216.39899999999943,53,0.63,0.0,-0.46,315.454,0,0,0,1
216.89899999999943,53,0.51,0.0,-0.45,301.5994,1,0,0,1
217.41100000000006,53,0.43,0.0,-0.38,302.2781,1,0,0,1
217.91100000000006,53,0.17,0.02,-0.19,300.2272,0,0,0,1
218.41100000000006,53,0.03,0.0,0.07,301.2316,0,0,0,0
218.91100000000006,53,-0.66,0.0,-9.32,305.6933,0,0,0,0
219.41200000000026,53,-0.55,0.0,-9.32,328.1371,0,0,0,0
219.92500000000018,53,-0.33,0.0,-9.39,359.8499,0,0,0,0
220.4390000000003,53,-0.23,0.0,-9.45,9.709101,0,0,0,0
220.94999999999982,53,-0.31,0.0,-8.79,4.536243,0,0,0,0
221.46199999999953,53,-0.3,0.0,-8.76,3.488742,0,0,0,0
221.97499999999945,53,-0.16,0.0,-7.89,4.691463,0,0,0,0
222.48700000000008,53,-0.23,0.0,-7.43,8.160992,0,0,0,0
222.9989999999998,53,-0.22,0.0,-7.38,8.152689,0,0,0,0
223.4989999999998,53,-0.1,0.0,-6.41,12.16117,0,0,0,0
223.9989999999998,53,-0.08,0.0,-5.86,14.66348,0,0,0,0
224.5109999999995,53,0.05,0.0,-5.33,14.07561,0,1,0,0
225.0109999999995,53,0.11,0.0,-4.41,6.017525,0,1,0,0
225.5109999999995,53,0.12,0.0,-4.36,5.143674,0,1,0,0
226.02300000000014,53,0.35,0.0,-3.7,359.7718,0,0,1,0
226.52399999999943,53,0.4,0.0,-2.62,359.5425,0,0,0,0
227.02399999999943,53,0.41,0.0,-2.62,355.8744,0,0,0,0
227.52399999999943,53,0.48,0.0,-1.52,356.0493,0,1,1,0
228.03700000000026,53,0.49,0.0,-0.72,357.8963,1,1,1,0
228.55000000000018,53,0.64,0.0,-0.63,352.4141,1,0,1,0
229.0609999999997,53,0.55,0.0,-0.55,341.2958,1,0,1,0
229.57399999999961,53,0.53,0.0,-0.37,341.8821,0,0,0,1
230.08699999999953,53,0.47,0.02,-0.3,342.2655,0,0,1,1
230.59900000000016,53,0.54,0.0,-0.11,340.1968,0,0,1,0
231.09999999999945,53,0.26,0.0,-10.0,339.0157,0,0,0,0
231.61200000000008,53,0.16,0.0,-9.83,344.429,0,0,0,0
232.11200000000008,53,0.24,0.0,-9.88,7.091639,0,0,0,0
232.6239999999998,53,0.32,0.0,-9.32,0.7084454,0,0,0,0
233.125,53,0.34,0.0,-8.88,358.2033,0,0,0,0
233.63799999999992,53,0.39,0.0,-8.69,358.8812,0,0,0,0
234.13999999999942,53,0.38,0.0,-7.62,0.8264424,0,0,0,0
234.64999999999964,53,0.44,0.0,-7.1,359.8298,0,0,0,0
235.16200000000026,53,0.53,0.0,-6.74,358.0034,0,0,0,0
235.67399999999998,53,0.55,0.0,-5.66,358.3473,1,0,0,0
236.1859999999997,53,0.71,0.0,-4.74,358.9906,0,0,0,1
236.6869999999999,53,1.02,0.0,-4.45,342.1821,0,0,0,0
237.1869999999999,53,1.01,0.0,-4.39,345.1972,0,0,0,0
237.69999999999982,53,0.95,0.0,-3.41,346.1691,0,0,0,0
238.21199999999953,53,0.81,0.0,-2.69,345.8825,0,0,0,0
238.72400000000016,53,0.8,0.0,-2.36,344.2079,0,0,0,1
239.23700000000008,53,0.65,0.0,-1.38,344.2656,1,0,0,0
239.7489999999998,53,0.4,0.0,-0.64,344.6922,1,0,1,1
240.2489999999998,53,0.46,0.0,-0.51,344.5003,1,0,0,0
240.76199999999972,53,0.4,0.0,-0.56,345.0751,1,0,0,0
241.26199999999972,53,0.34,0.0,-0.45,346.5473,1,0,0,0
241.77399999999943,53,0.29,0.0,-0.38,346.2877,1,0,0,0
242.27399999999943,53,0.33,0.01,-0.33,345.1919,1,0,0,0
242.77499999999964,53,-4.38,0.0,20.3,344.7921,0,0,0,0
243.28700000000026,53,-4.36,0.0,20.34,342.7431,0,0,0,0
243.80000000000018,53,-4.34,0.0,21.21,343.4071,0,0,0,0
244.3119999999999,53,-4.34,0.0,21.21,343.0362,0,0,0,0
244.8119999999999,53,-4.37,0.0,21.3,340.5672,0,0,0,0
245.32499999999982,53,-4.42,0.0,21.79,341.0468,0,0,0,0
245.82600000000002,53,2.0,0.0,-9.8,342.8102,0,0,0,0
246.33699999999953,53,2.07,0.0,-9.8,345.3501,0,0,0,0
246.83799999999974,53,1.99,0.0,-8.8,347.2858,0,0,0,0
247.34999999999945,53,1.97,0.0,-8.67,345.0098,0,0,0,0
247.86200000000008,53,2.01,0.0,-7.9,334.1732,0,0,0,0
248.375,53,2.06,0.0,-7.29,341.4417,0,0,0,0
248.88799999999992,53,2.08,0.0,-7.25,341.1725,0,0,0,0
249.38799999999992,53,1.9,0.0,-6.15,340.4146,0,0,0,0
249.89899999999943,53,1.82,0.0,-6.1,337.1236,0,0,0,0
250.40099999999984,53,1.74,0.0,-5.29,338.3458,0,0,0,0
250.91100000000006,53,1.45,0.0,-4.72,338.7455,1,0,0,0
251.41100000000006,53,1.41,0.0,-4.5,334.6371,0,0,0,0
251.91100000000006,53,1.07,0.0,-3.95,337.1934,1,0,0,0
252.41100000000006,53,1.0,0.0,-3.31,341.2692,0,0,0,1
252.92399999999998,53,1.01,0.0,-3.14,339.524,0,0,0,0
253.4359999999997,53,0.73,0.0,-2.3,340.2491,0,1,0,1
253.94899999999961,53,0.59,0.0,-1.67,343.4248,1,0,0,1
254.46100000000024,53,0.56,0.0,-1.48,340.1846,1,0,0,1
254.97299999999996,53,0.47,0.0,-1.03,341.1379,1,1,0,1
255.47400000000016,53,0.4,0.0,-0.79,340.8207,0,1,0,1
255.97400000000016,53,0.44,0.0,-0.74,339.666,0,1,1,1
256.4870000000001,53,0.5,0.0,-0.68,338.8171,0,1,1,1
256.9989999999998,53,0.5,0.0,-0.68,336.0191,0,1,1,1
257.5,53,0.57,0.0,-0.59,330.7427,0,0,1,1
258.0119999999997,53,0.49,0.0,-0.57,331.8875,1,0,1,0
258.52399999999943,53,0.28,0.0,-0.14,333.3856,0,0,1,0
259.02399999999943,53,-4.52,0.0,-8.5,335.5588,0,0,0,0
259.52599999999984,53,-4.47,0.0,-8.27,344.1896,0,0,0,0
260.03700000000026,53,-4.27,0.0,-8.39,32.57953,0,0,0,0
260.5500000000002,53,-4.13,0.0,-8.57,50.3012,0,0,0,0
261.0500000000002,53,-3.93,0.0,-8.13,24.77972,0,0,0,0
261.5619999999999,53,-3.79,0.0,-7.87,23.51385,0,0,0,0
262.0630000000001,53,-3.33,0.0,-7.2,23.9459,0,0,0,0
262.5749999999998,53,-2.92,0.0,-6.35,21.73022,0,0,0,0
263.08699999999953,53,-2.74,0.0,-6.26,23.17007,0,0,0,0
263.58699999999953,53,-2.19,0.0,-5.28,23.7686,0,0,0,0
264.08799999999974,53,-1.8,0.0,-4.61,25.49769,0,0,0,0
264.59900000000016,53,-1.6,0.0,-4.42,25.31021,0,0,0,0
265.09999999999945,53,-1.01,0.0,-3.56,23.70939,0,0,0,0
265.6120000000001,53,-0.57,0.0,-2.72,22.78062,1,1,0,0
266.1239999999998,53,-0.46,0.0,-2.56,21.19762,1,0,1,0
266.6369999999997,53,0.03,0.0,-1.72,19.26019,1,1,0,0
267.1369999999997,53,0.32,0.0,-1.16,18.14399,0,1,1,1
267.6379999999999,53,0.3,0.0,-1.09,16.86503,0,1,1,1
268.14999999999964,53,0.71,0.03,-0.62,17.00683,0,0,1,0
268.64999999999964,53,1.08,-0.03,0.03,19.92663,0,0,0,0
269.14999999999964,53,1.28,-0.03,0.04,16.93568,0,0,0,0
269.66200000000026,53,2.0,-0.03,0.64,19.02886,0,0,0,0
270.16299999999956,53,1.84,-0.03,0.66,3.151527,0,0,0,0
270.6750000000002,53,2.05,-0.03,1.06,1.505911,0,0,0,0
271.1869999999999,53,-3.67,0.0,-9.3,3.148287,0,0,0,0
271.6869999999999,53,-3.63,0.0,-9.41,24.31847,0,0,0,0
272.1869999999999,53,-3.6,0.0,-9.53,40.54424,0,0,0,0
272.6999999999998,53,-3.25,0.0,-9.11,30.73325,0,0,0,0
273.21199999999953,53,-3.25,0.0,-9.11,25.55593,0,0,1,0
273.71299999999974,53,-3.23,0.0,-9.1,26.74207,0,0,0,1
274.22400000000016,53,-2.8,0.0,-8.89,26.37118,0,0,0,1
274.72499999999945,53,-2.36,0.0,-8.63,12.10728,0,0,0,0
275.2380000000003,53,-2.22,0.0,-8.4,15.77425,0,0,0,0
275.75,53,-2.04,0.0,-8.19,16.43075,0,0,0,0
276.25,53,-1.54,0.0,-7.39,19.76363,0,0,0,0
276.75,53,-1.5,0.0,-7.39,16.84032,0,0,0,0
277.2619999999997,53,-1.16,0.0,-6.52,15.85053,1,0,0,0
277.77399999999943,53,-0.86,0.0,-5.63,14.91072,1,0,0,0
278.27499999999964,53,-0.7,0.0,-5.51,12.13478,0,0,0,0
278.77499999999964,53,-0.33,0.0,-4.77,9.137114,1,0,0,0
279.27499999999964,53,-0.39,0.0,-4.65,358.468,0,0,0,0
279.78700000000026,53,-0.22,0.0,-4.26,1.004791,0,0,0,0
280.28700000000026,53,-0.08,0.0,-3.17,1.701095,1,0,0,0
280.78700000000026,53,-0.06,0.0,-3.06,0.01563343,0,0,0,1
281.3000000000002,53,0.29,0.0,-2.29,1.43948,1,0,0,1
281.8000000000002,53,0.42,0.0,-1.72,2.962973,1,0,0,0
282.3119999999999,53,0.35,0.0,-1.77,1.439438,1,0,1,1
282.8249999999998,53,0.46,0.0,-0.96,4.279249,0,1,1,1
283.33699999999953,53,0.59,0.0,-0.41,4.5183,1,0,0,1
283.84900000000016,53,0.6,-0.03,-0.4,2.402075,0,0,1,1
284.34999999999945,53,0.83,-0.03,0.37,3.50019,0,0,0,0
284.8630000000003,53,0.94,-0.03,0.73,4.20936,0,0,0,0
285.3630000000003,53,1.0,-0.03,0.9,358.6876,0,0,0,0
285.875,53,1.35,-0.03,1.75,1.797369,0,0,0,0
286.375,53,1.73,0.01,26.73,348.9855,0,0,0,0
286.8879999999999,53,1.77,0.02,26.99,350.9302,0,0,0,0
287.3879999999999,53,1.77,0.02,26.99,349.695,0,0,0,0
287.8879999999999,53,1.77,0.02,26.99,347.1037,0,0,0,0
288.3890000000001,53,1.77,0.02,26.99,304.692,0,0,0,0
288.89999999999964,53,1.77,0.02,26.99,346.6619,0,0,0,0
289.41299999999956,53,-1.93,0.0,-9.84,347.8813,0,0,0,0
289.9259999999995,53,-1.93,0.0,-9.84,352.4936,0,0,0,0
290.4380000000001,53,14.05,0.0,-15.92,32.30422,0,0,0,0
290.9380000000001,53,6.41,0.0,-11.97,13.38317,0,0,0,0
291.451,53,-1.93,0.0,-9.84,357.8435,0,0,0,0
291.951,53,-1.91,-0.04,-9.29,1.943435,0,0,1,0
292.46299999999974,53,6.54,-0.04,-11.43,15.5976,0,0,0,0
292.96399999999994,53,6.54,-0.04,-11.43,6.939159,0,0,0,0
293.47499999999945,53,-1.91,-0.04,-9.29,323.9536,0,0,1,0
293.97499999999945,53,-1.91,-0.04,-9.29,341.1541,1,0,1,0
294.4880000000003,53,6.54,-0.04,-11.43,14.76086,0,0,0,0
295.0,53,-1.91,-0.04,-9.29,348.736,0,0,1,0
295.5,53,6.54,-0.04,-11.43,8.450509,0,0,0,0
296.0129999999999,53,6.54,-0.04,-11.43,345.2243,0,0,0,0
296.52499999999964,53,6.54,-0.04,-11.43,331.3011,0,0,0,0
297.03799999999956,53,6.79,-0.04,-10.93,328.8334,0,0,0,0
297.53799999999956,53,-1.78,-0.04,-8.74,324.3533,0,0,0,0
298.0500000000002,53,-1.78,-0.04,-8.74,14.43911,0,0,0,0
298.5500000000002,53,-1.81,-0.03,-8.31,19.7109,0,0,0,0
299.0630000000001,53,-1.7,-0.02,-7.89,13.16941,0,0,0,0
299.576,53,-1.54,-0.03,-7.51,12.38236,0,0,0,0
300.08799999999974,53,-1.16,-0.01,-6.68,12.79464,0,0,0,0
300.59999999999945,53,-0.86,-0.01,-5.85,11.83239,0,1,0,0
301.1120000000001,53,-0.72,-0.01,-5.33,11.77799,0,1,0,0
301.6120000000001,53,-0.68,-0.01,-4.85,12.7674,0,1,0,0
302.125,53,-0.44,-0.01,-3.93,11.75248,0,1,0,0
302.6369999999997,53,-0.26,-0.01,-3.12,12.45763,0,1,1,0
303.1379999999999,53,-0.16,-0.02,-2.78,12.25506,1,1,0,0
303.6379999999999,53,-0.01,-0.01,-2.11,8.817322,1,1,0,0
304.14999999999964,53,0.14,-0.02,-1.2,8.314797,0,1,1,0
304.64999999999964,53,0.19,-0.02,-0.6,8.420911,0,1,0,1
305.16200000000026,53,0.25,-0.03,-0.44,7.894725,0,1,1,0
305.66299999999956,53,0.39,-0.02,0.32,5.358956,0,0,0,0
306.16299999999956,53,0.58,-0.01,0.96,7.525901,0,0,0,0
306.6759999999995,53,0.59,-0.01,1.15,6.963928,0,0,0,0
307.1880000000001,53,0.71,0.0,1.76,6.423322,0,0,0,0
307.6880000000001,53,1.94,0.0,-9.81,5.520677,0,0,0,0
308.201,53,1.95,0.0,-9.81,0.1583997,0,0,0,0
308.701,53,1.95,0.0,-9.81,335.6491,0,0,0,0
309.21299999999974,53,1.95,0.0,-9.81,329.6414,0,0,0,0
309.72499999999945,53,1.95,0.0,-9.81,327.5617,0,0,0,0
310.22499999999945,53,1.95,0.0,-9.81,327.6755,0,0,0,0
310.72599999999966,53,1.95,0.0,-9.81,328.6946,0,0,0,0
311.22599999999966,53,1.86,-0.02,-9.15,346.329,0,0,0,0
311.7380000000003,53,1.82,-0.03,-8.86,347.3157,0,0,0,0
312.2389999999996,53,1.75,-0.01,-8.02,347.965,0,0,0,0
312.75,53,1.66,0.01,-7.12,350.1358,0,1,0,0
313.25,53,1.5,0.01,-6.4,348.3887,0,1,0,0
313.7629999999999,53,1.39,-0.01,-6.05,346.1489,0,1,0,0
314.27599999999984,53,1.29,0.0,-5.21,346.8914,1,0,0,0
314.77599999999984,53,1.29,0.0,-4.1,346.5118,0,0,0,0
315.28799999999956,53,1.17,0.0,-3.6,344.6302,0,0,0,0
315.8000000000002,53,1.17,-0.03,-3.53,343.7596,0,0,0,0
316.3000000000002,53,1.0,-0.01,-2.52,343.1215,0,0,0,0
316.8119999999999,53,0.83,-0.01,-1.55,344.8412,1,0,0,1
317.3130000000001,53,0.83,-0.02,-1.45,342.6896,0,0,0,1
317.8130000000001,53,0.8,-0.01,-0.68,342.6206,0,1,0,0
318.326,53,0.89,0.0,-0.65,339.6478,1,0,0,0
318.83799999999974,53,-12.6,0.0,-0.66,322.6599,0,0,0,0
319.33799999999974,53,-12.63,0.0,-0.6,327.764,0,0,0,0
319.85099999999966,53,-12.56,0.02,-0.62,306.7118,0,0,0,0
320.3630000000003,53,-12.58,0.02,-0.6,15.48112,0,0,0,0
320.875,53,2.9,0.0,-9.57,8.52962,0,0,0,0
321.375,53,2.9,0.0,-9.57,346.3006,0,0,0,0
321.8760000000002,53,2.82,-0.05,-9.07,341.1936,0,0,0,0
322.3879999999999,53,2.52,-0.05,-8.11,338.6709,1,0,0,0
322.8890000000001,53,2.33,-0.05,-7.67,338.4232,0,0,0,0
323.40099999999984,53,2.25,-0.04,-7.17,338.1303,0,0,0,0
323.90099999999984,53,1.92,-0.04,-6.2,337.0083,0,0,0,0
324.41299999999956,53,1.69,-0.03,-5.34,337.3057,0,0,0,0
324.9259999999995,53,1.51,-0.04,-5.04,335.8357,0,0,0,0
325.4259999999995,53,1.41,-0.03,-4.48,336.1272,0,0,0,0
325.9259999999995,53,1.23,-0.03,-3.53,337.6355,0,0,0,0
326.4259999999995,53,1.0,-0.03,-2.88,336.2775,0,0,0,0
326.9380000000001,53,0.92,-0.04,-2.59,337.6763,0,0,0,0
327.451,53,0.72,-0.02,-1.78,338.2701,1,0,0,0
327.96299999999974,53,0.55,-0.02,-1.08,339.1164,1,0,0,1
328.47499999999945,53,0.6,-0.02,-1.31,339.1837,1,0,0,0
328.97499999999945,53,0.54,-0.01,-0.52,339.5528,0,1,0,0
329.4859999999999,53,0.42,0.0,0.38,340.5233,0,0,0,0
329.9889999999996,53,0.5,-0.02,0.41,339.7177,0,0,0,0
330.5010000000002,53,0.35,-0.01,1.32,340.5971,0,0,0,0
331.0010000000002,53,0.17,-0.01,2.19,341.8752,0,0,0,0
331.5010000000002,53,0.21,-0.03,2.08,338.8447,0,0,0,0
332.0140000000001,53,-1.61,0.0,-9.7,339.0508,0,0,0,0
332.5140000000001,53,-1.61,0.0,-9.7,2.37666,0,0,0,0
333.02700000000004,53,14.75,0.0,-9.47,10.77346,0,0,0,0
333.52700000000004,53,14.75,0.0,-9.47,298.1088,0,0,0,0
334.03799999999956,53,-1.61,0.0,-9.7,283.006,0,0,0,0
334.53899999999976,53,-1.61,0.0,-9.7,353.9578,0,0,0,0
335.0509999999995,53,-1.61,0.0,-9.7,13.80739,0,0,0,0
335.5509999999995,53,-1.69,-0.03,-9.25,6.261478,0,0,0,0
336.0630000000001,53,-1.48,-0.02,-8.27,6.817069,0,0,1,0
336.5630000000001,53,-1.31,-0.01,-7.69,8.350287,0,0,0,0
337.0640000000003,53,-34.87,-0.01,-8.19,3.787501,0,0,0,0
337.576,53,-34.87,-0.01,-8.19,305.9607,0,0,0,0
338.0770000000002,53,-34.87,-0.01,-8.19,60.19583,0,0,0,0
338.58799999999974,53,-34.87,-0.01,-8.19,64.64714,0,0,0,0
339.09999999999945,53,-17.32,-0.01,-0.52,74.05258,0,0,0,0
339.60099999999966,53,-17.32,-0.01,-0.52,315.1516,0,0,0,0
340.1139999999996,53,-17.32,-0.01,-0.52,14.82154,0,0,0,0
340.6229999999996,53,-17.32,-0.01,-0.52,16.695,0,0,0,0
341.125,53,1.51,-0.01,3.0,350.9305,0,0,0,0
341.6379999999999,53,-17.32,-0.01,-0.52,346.4513,0,0,0,0
342.1390000000001,53,-20.09,0.0,-17.34,341.7101,0,0,0,0
342.65099999999984,53,-2.54,0.0,-9.67,346.6956,0,0,0,0
343.15099999999984,53,-2.54,0.0,-9.67,14.34115,0,0,0,0
343.65200000000004,53,-2.43,-0.02,-9.35,14.77616,0,1,0,0
344.16299999999956,53,-2.08,-0.01,-8.61,14.87834,0,1,0,0
344.6759999999995,53,-1.97,-0.02,-8.11,15.4479,0,1,0,0
345.1890000000003,53,-1.82,-0.03,-7.76,15.87579,0,0,0,0
345.692,53,-1.6,-0.01,-7.09,16.66063,0,0,0,0
346.201,53,-1.41,-0.02,-6.38,17.93727,0,0,0,0
346.701,53,-1.33,-0.03,-6.32,16.61458,0,0,0,0
347.21299999999974,53,-1.1,-0.01,-5.67,16.38814,0,0,0,0
347.72499999999945,53,-0.82,0.0,-4.81,16.36591,1,0,0,0
348.22499999999945,53,-0.65,0.0,-4.19,17.34494,0,1,0,0
348.72599999999966,53,-0.58,-0.02,-4.1,14.649,0,1,0,0
349.2380000000003,53,-0.37,0.0,-3.44,8.695805,0,1,0,0
349.7389999999996,53,-0.08,0.02,-2.68,10.72318,0,0,1,0
350.2510000000002,53,-0.05,0.01,-2.35,9.145695,0,0,1,0
350.7629999999999,53,0.17,0.03,-1.92,10.83314,1,0,1,0
351.2629999999999,53,0.43,0.02,-1.11,7.967803,1,0,1,0
351.7640000000001,53,0.47,0.03,-0.59,7.880665,0,0,1,1
352.27599999999984,53,0.55,0.02,-0.5,6.368064,0,0,1,1
352.77599999999984,53,0.71,0.02,0.27,4.989505,0,0,0,1
353.27599999999984,53,0.78,0.01,0.87,6.355149,0,0,0,0
353.77599999999984,53,0.81,-0.01,0.93,7.66947,0,0,0,0
354.27700000000004,53,1.04,0.02,1.59,11.87103,0,0,0,0
354.77700000000004,53,-0.11,0.0,-10.01,12.87615,0,0,0,0
355.28899999999976,53,-0.18,-0.01,-9.68,13.61372,0,0,0,0
355.8009999999995,53,-0.16,-0.01,-9.71,6.76031,0,0,0,0
356.3130000000001,53,-0.16,-0.01,-9.71,5.129027,0,0,0,0
356.8140000000003,53,-0.16,-0.01,-9.71,7.924273,0,0,0,0
357.326,53,-0.16,-0.01,-9.71,7.938863,0,0,0,0
357.826,53,-0.03,-0.12,-9.0,4.900159,0,0,0,0
358.3270000000002,53,0.16,-0.11,-8.34,5.697364,0,0,0,0
358.83899999999994,53,0.3,-0.11,-8.12,4.109832,0,0,0,0
359.33899999999994,53,-20.34,-0.1,-14.69,347.6094,0,0,0,0
359.85099999999966,53,-20.34,-0.1,-14.69,27.76528,0,0,0,0
360.3639999999996,53,0.53,-0.1,-7.66,17.97813,0,0,0,0
360.8639999999996,53,0.53,-0.1,-7.66,358.556,0,0,0,0
361.3639999999996,53,0.54,-0.09,-7.12,358.7073,0,0,0,0
361.8769999999995,53,0.58,-0.09,-6.51,359.5455,0,0,0,0
362.3890000000001,53,-44.21,-0.1,-10.91,8.634581,0,0,0,0
362.8890000000001,53,-43.82,-0.09,-10.17,10.29779,0,0,0,0
363.40200000000004,53,-43.82,-0.09,-10.17,15.47251,0,0,0,0
363.91399999999976,53,-43.82,-0.09,-10.17,72.02578,0,0,0,0
364.4259999999995,53,-21.33,-0.09,2.03,85.33475,0,0,0,0
364.9269999999997,53,-43.82,-0.09,-10.17,67.95322,0,0,0,0
365.4269999999997,53,-62.99,-0.09,-27.11,37.72524,0,0,0,0
365.9269999999997,53,-43.81,-0.09,-10.18,61.77305,0,0,0,0
366.4390000000003,53,-21.32,-0.09,2.01,74.993,0,0,0,0
366.9390000000003,53,3.33,-0.09,8.83,88.10954,0,0,0,0
367.4520000000002,53,1.23,0.0,-9.92,32.45165,0,0,0,0
367.96399999999994,53,1.23,0.0,-9.92,12.17801,0,0,0,0
368.46399999999994,53,1.23,0.0,-9.92,1.39442,0,0,0,0
368.96500000000015,53,1.23,0.0,-9.92,351.671,0,0,0,0
369.47699999999986,53,8.7,0.01,-9.46,353.1042,0,0,0,0
369.9899999999998,53,8.72,0.01,-9.53,341.7912,0,0,0,0
370.5010000000002,53,8.7,0.02,-9.49,329.9176,0,0,0,0
371.0010000000002,53,8.71,0.02,-9.18,315.6148,0,0,0,0
371.5019999999995,53,8.79,-0.01,-9.19,310.9735,0,0,0,0
372.0140000000001,53,8.6,-0.01,-8.56,307.7162,0,0,0,0
372.52599999999984,53,8.12,0.01,-7.86,308.3894,0,0,0,0
373.02700000000004,53,7.63,0.0,-7.4,304.9442,0,0,0,0
373.52700000000004,53,7.47,0.0,-7.16,300.2936,0,0,0,0
374.03899999999976,53,6.92,0.01,-6.64,294.9856,0,0,0,0
374.5519999999997,53,6.34,0.01,-6.05,298.1901,0,0,0,0
375.0519999999997,53,5.65,0.01,-5.45,301.487,0,0,0,0
375.5640000000003,53,5.14,0.01,-5.12,301.0058,0,0,0,0
376.0640000000003,53,4.92,0.01,-4.96,304.1945,0,0,0,0
376.5649999999996,53,4.3,0.03,-4.35,304.3821,0,0,0,0
377.0770000000002,53,3.67,0.03,-3.76,307.3952,0,0,0,0
377.59000000000015,53,3.21,0.03,-3.37,308.0961,0,0,0,0
378.10199999999986,53,3.14,0.03,-3.23,305.1238,0,0,0,0
378.60199999999986,53,2.46,0.04,-2.58,306.4483,0,0,0,0
379.1130000000003,53,1.7,0.04,-2.0,308.4008,0,0,0,1
379.6139999999996,53,1.68,0.03,-1.94,307.0039,0,0,0,0
380.1269999999995,53,1.34,0.04,-1.41,309.4502,0,0,0,0
380.6390000000001,53,1.02,0.04,-1.1,314.1317,0,0,0,1
381.15099999999984,53,1.07,0.04,-1.14,315.3799,0,0,0,1
381.65200000000004,53,0.93,0.06,-1.01,315.0677,0,0,0,1
382.16399999999976,53,0.45,0.06,-0.61,317.6432,0,0,0,1
382.6769999999997,53,0.48,0.06,-0.56,319.0477,0,0,0,1
383.1890000000003,53,0.48,0.06,-0.56,315.9884,1,0,1,0
383.6890000000003,53,0.42,0.05,-0.48,314.7713,0,0,0,1
384.2020000000002,53,0.49,0.06,-0.47,313.8501,0,0,0,1
384.71399999999994,53,0.07,0.06,0.02,322.5691,0,0,0,1
385.21399999999994,53,1.69,0.0,-9.67,325.4192,0,0,0,0
385.71399999999994,53,1.54,0.0,-9.5,319.2109,0,1,0,0
386.21500000000015,53,1.54,0.0,-9.5,5.804053,1,0,0,0
386.72699999999986,53,1.42,-0.11,-9.55,1.609776,1,0,0,0
387.2389999999996,53,1.22,-0.11,-9.36,0.4812406,0,0,0,0
387.7389999999996,53,1.24,-0.09,-8.44,359.4686,0,0,1,0
388.2389999999996,53,1.2,-0.1,-8.24,357.8754,0,0,0,0
388.7389999999996,53,1.22,-0.09,-7.33,356.7099,0,0,0,0
389.2510000000002,53,1.2,-0.09,-6.35,358.9768,1,0,0,0
389.7519999999995,53,1.14,-0.1,-6.15,355.2147,0,0,0,0
390.2640000000001,53,1.24,-0.09,-5.49,355.0327,1,0,0,0
390.77700000000004,53,1.18,-0.1,-4.53,356.0613,1,0,0,0
391.28899999999976,53,1.17,-0.11,-4.4,352.329,0,0,0,0
391.8009999999995,53,1.1,-0.1,-3.58,349.5398,1,0,0,0
392.3009999999995,53,1.02,-0.1,-2.69,350.3739,0,0,1,0
392.8019999999997,53,1.06,-0.1,-2.54,345.3345,0,0,0,0
393.3140000000003,53,0.86,-0.09,-1.79,343.0792,0,0,0,1
393.8149999999996,53,0.58,-0.09,-1.18,344.0956,0,0,0,1
394.3270000000002,53,0.52,-0.07,-1.03,345.463,0,0,1,1
394.8270000000002,53,0.45,-0.09,-0.28,346.2184,0,0,0,1
395.33899999999994,53,0.29,-0.09,0.5,348.9656,0,0,0,0
395.84000000000015,53,0.3,-0.09,0.53,348.4447,0,0,0,0
396.34000000000015,53,0.15,-0.08,1.12,350.0124,0,0,0,0
396.85199999999986,53,0.29,-0.08,1.13,345.3826,0,0,0,0
397.366,53,0.22,-0.07,1.75,344.2652,0,0,0,0
397.8769999999995,53,-0.37,0.0,-9.62,348.0372,0,0,0,0
398.3890000000001,53,-0.49,-0.02,-9.32,6.7326,0,0,0,0
398.90200000000004,53,-0.33,-0.01,-9.23,13.28715,0,0,0,0
399.41399999999976,53,-0.43,-0.05,-8.8,11.80872,0,0,0,0
399.9269999999997,53,-0.38,-0.02,-8.13,8.916083,0,0,0,0
400.4390000000003,53,-0.31,-0.03,-8.15,6.696744,0,0,0,0
400.9390000000003,53,-0.11,-0.01,-7.43,6.462075,0,0,0,0
401.4520000000002,53,-0.01,-0.02,-6.67,7.061036,0,0,0,0
401.96500000000015,53,0.04,-0.02,-6.6,4.447155,0,0,0,0
402.47699999999986,53,0.21,-0.01,-5.73,4.461729,0,0,0,0
402.9889999999996,53,0.22,-0.02,-4.91,4.537785,0,0,0,0
403.4899999999998,53,0.3,-0.03,-4.91,1.66391,0,0,0,0
403.9899999999998,53,0.4,-0.01,-3.88,3.722474,0,1,0,0
404.5010000000002,53,0.47,-0.01,-3.05,5.090286,1,0,0,0
405.0140000000001,53,0.5,-0.02,-2.95,1.503459,0,0,0,1
405.52599999999984,53,0.62,-0.01,-2.25,1.138184,0,0,1,0
406.03799999999956,53,0.71,-0.01,-1.57,4.067629,0,0,0,1
406.53899999999976,53,0.58,0.01,-1.1,3.128603,1,0,0,0
407.03899999999976,53,0.71,-0.02,-0.8,0.5674738,0,0,0,1
407.53899999999976,53,0.7,-0.02,0.03,1.31894,0,0,0,0
408.03999999999996,53,0.7,-0.02,0.33,2.208423,0,0,0,0
408.53999999999996,53,0.83,-0.02,0.57,0.8382437,0,0,0,0
409.03999999999996,53,1.03,-0.01,1.16,1.784384,0,0,0,0
409.5519999999997,53,0.88,0.03,1.52,357.9991,0,0,0,0
410.0519999999997,53,-1.79,0.0,-9.84,356.4039,0,0,0,1
410.5519999999997,53,-12.31,0.0,-10.35,1.833431,0,0,0,0
411.0649999999996,53,-12.31,0.0,-10.35,73.23931,0,0,0,0
411.5770000000002,53,-12.31,0.0,-10.35,68.66454,0,0,0,0
412.09000000000015,53,-11.86,0.0,-9.82,63.80589,0,0,0,0
412.60199999999986,53,-11.91,0.0,-9.86,63.19232,0,0,0,0
413.10199999999986,53,21.33,-0.01,-6.56,73.77466,0,0,0,0
413.60199999999986,53,21.33,-0.01,-6.56,26.22585,0,0,0,0
414.1149999999998,53,21.33,-0.01,-6.56,312.7253,0,0,0,0
414.6149999999998,53,-11.9,-0.01,-9.86,305.8203,0,0,0,0
415.1149999999998,53,-11.9,-0.01,-9.86,46.91315,0,0,0,0
415.6269999999995,53,-11.86,-0.02,-9.74,61.83823,0,0,0,0
416.1269999999995,53,-11.75,-0.01,-9.61,53.16546,0,0,0,0
416.6390000000001,53,-11.21,0.0,-8.91,54.94947,0,0,0,0
417.1399999999994,53,-11.0,-0.05,-8.34,62.31109,0,0,0,0
417.6399999999994,53,-10.9,-0.03,-8.2,67.90764,0,0,0,0
418.1399999999994,53,-10.22,-0.02,-7.95,62.93912,0,0,0,0
418.65300000000025,53,-9.41,0.0,-7.7,61.08606,0,0,0,0
419.16499999999996,53,-8.92,0.0,-7.41,59.21192,0,0,0,0
419.6769999999997,53,-9.22,-0.01,-7.56,54.33972,0,0,0,0
420.1769999999997,53,-8.5,0.0,-7.2,56.38283,0,0,0,0
420.6779999999999,53,-7.88,0.0,-6.85,55.92884,0,0,0,0
421.1899999999996,53,-7.88,-0.01,-6.9,53.44837,0,0,0,0
421.7020000000002,53,-7.29,0.0,-6.54,54.46718,0,0,0,0
422.2020000000002,53,-6.54,0.0,-6.13,55.62088,0,0,0,0
422.7020000000002,53,-6.36,0.01,-6.11,53.82999,0,0,0,0
423.2020000000002,53,-5.42,0.01,-5.75,53.94789,0,0,0,0
423.7020000000002,53,-5.2,0.0,-5.56,53.97983,0,0,0,0
424.2020000000002,53,-4.57,0.0,-5.4,52.51525,0,0,0,0
424.71500000000015,53,-3.86,0.0,-5.09,51.84966,0,0,0,0
425.22699999999986,53,-3.89,-0.01,-5.12,49.16146,0,0,0,0
425.7399999999998,53,-3.16,0.01,-4.74,48.0141,0,0,0,0
426.2519999999995,53,-2.82,0.0,-4.5,45.43261,0,0,0,0
426.7529999999997,53,-2.73,0.0,-4.45,30.13595,0,0,0,0
427.2529999999997,53,-2.31,-0.01,-4.14,35.07812,0,0,0,0
427.7649999999994,53,-2.12,-0.01,-3.92,34.09781,0,0,0,0
428.27899999999954,53,-1.81,0.0,-3.82,32.25411,0,0,0,0
428.78999999999996,53,-1.29,0.0,-3.33,33.0369,0,0,0,0
429.3019999999997,53,-1.26,-0.01,-3.22,22.53419,0,0,1,0
429.8149999999996,53,-0.85,-0.01,-2.83,23.72816,0,0,0,0
430.3270000000002,53,-0.52,-0.01,-2.4,21.51548,1,0,0,0
430.83899999999994,53,-0.57,-0.01,-2.41,21.73641,1,0,0,0
431.35099999999966,53,-0.32,0.0,-2.18,21.48126,1,0,0,0
431.8639999999996,53,-0.08,0.0,-1.81,20.95258,1,0,0,1
432.3639999999996,53,-0.02,-0.01,-1.55,21.18381,1,1,0,1
432.8649999999998,53,0.2,0.0,-1.37,17.63767,1,0,0,0
433.3649999999998,53,0.3,0.03,-1.14,19.07408,0,0,0,1
433.8779999999997,53,0.42,0.0,-0.81,21.05982,1,0,1,0
434.3899999999994,53,0.53,0.01,-0.84,20.50057,0,1,1,1
434.90200000000004,53,0.69,0.0,-0.35,19.71811,0,0,1,1
435.40300000000025,53,0.88,0.01,-0.03,21.49424,0,0,1,0
435.91399999999976,53,0.92,0.0,-0.07,14.41703,0,0,0,0
436.41499999999996,53,1.15,0.01,0.13,14.08235,0,0,0,0
436.9269999999997,53,1.45,0.02,0.68,21.39331,0,0,0,0
437.4290000000001,53,-4.88,-0.01,-8.77,18.39382,0,0,0,0
437.9399999999996,53,-7.97,0.01,-7.27,29.99205,0,0,0,0
438.4399999999996,53,-7.97,0.01,-7.27,66.505,0,0,0,0
438.9520000000002,53,-7.97,0.01,-7.27,62.75391,0,0,0,0
439.4520000000002,53,-7.5,-0.01,-7.02,61.53944,0,0,0,0
439.96500000000015,53,-7.52,-0.02,-6.97,58.52302,0,0,0,0
440.46500000000015,53,-7.15,-0.01,-6.86,57.17753,0,0,0,0
440.96599999999944,53,-6.75,-0.02,-6.7,59.28344,0,0,0,0
441.47800000000007,53,-6.6,-0.02,-6.55,51.35818,0,0,0,0
441.97800000000007,53,-5.96,0.0,-6.34,47.49542,0,0,0,0
442.4899999999998,53,-5.37,0.01,-5.89,51.68523,0,0,0,0
443.0019999999995,53,-5.51,-0.03,-6.04,51.11522,0,0,0,0
443.5149999999994,53,-5.08,-0.01,-5.81,53.75237,0,0,0,0
444.02700000000004,53,-4.58,0.0,-5.47,53.26105,0,0,0,0
444.52700000000004,53,-4.6,-0.02,-5.49,48.2422,0,0,0,0
445.02800000000025,53,-4.15,-0.01,-5.3,49.72923,0,0,0,0
445.54100000000017,53,-3.72,-0.01,-4.83,47.50021,0,0,0,0
446.0540000000001,53,-3.69,-0.02,-4.98,46.08704,0,0,0,0
446.5649999999996,53,-3.25,0.0,-4.57,45.84697,0,0,0,0
447.0649999999996,53,-3.06,-0.01,-4.27,44.24928,0,0,0,0
447.5779999999995,53,-3.01,-0.02,-4.27,37.03033,0,0,0,0
448.09000000000015,53,-2.4,0.01,-3.81,41.02221,0,0,0,0
448.60199999999986,53,-2.11,0.01,-3.51,37.60685,0,0,0,0
449.1149999999998,53,-1.9,0.02,-3.4,33.2819,0,0,0,0
449.6269999999995,53,-1.43,0.02,-2.98,40.78312,0,1,0,0
450.1269999999995,53,-1.43,0.01,-2.99,37.84236,1,0,0,0
450.6269999999995,53,-0.97,0.03,-2.63,37.94453,0,0,0,1
451.1399999999994,53,-0.81,0.01,-2.36,36.47314,0,0,1,0
451.6399999999994,53,-0.66,0.02,-2.25,33.97068,0,0,0,1
452.15200000000004,53,-0.22,0.02,-1.81,37.27171,1,1,1,0
452.65200000000004,53,-0.22,0.01,-1.82,28.31493,1,1,0,1
453.16499999999996,53,-0.07,0.01,-1.63,19.84846,1,1,0,0
453.6769999999997,53,-0.06,-0.01,-1.64,22.78728,1,1,0,0
454.1769999999997,53,-0.06,0.0,-1.62,22.10915,1,1,0,0
454.6890000000003,53,-0.07,0.0,-1.68,23.348,1,1,0,1
455.1909999999998,53,-0.07,0.0,-1.6,22.25818,1,1,0,1
455.7020000000002,53,-0.1,-0.01,-1.43,18.37553,1,1,0,1
456.2020000000002,53,-0.06,0.01,-1.28,20.33755,1,0,0,0
456.71500000000015,53,0.12,0.02,-1.09,49.92469,1,0,0,1
457.22699999999986,53,0.19,0.01,-0.91,45.61348,1,0,1,0
457.7399999999998,53,0.26,0.02,-0.85,34.0881,1,0,1,0
458.2399999999998,53,0.55,0.01,-0.51,32.05189,0,1,0,0
458.741,53,0.58,0.0,-0.44,30.70309,1,1,0,0
459.2529999999997,53,0.83,0.01,-0.23,28.368,0,0,0,0
459.7649999999994,53,1.14,0.01,0.23,30.09446,0,0,0,0
460.2649999999994,53,1.17,0.01,0.31,30.73173,0,0,0,0
460.77800000000025,53,-4.62,0.0,-8.9,32.54415,0,0,0,0
461.28899999999976,53,3.52,0.0,-9.35,33.04166,0,0,0,1
461.8019999999997,53,3.52,0.0,-9.35,27.44706,0,0,0,1
462.3029999999999,53,3.52,0.0,-9.35,9.889949,0,1,0,0
462.8149999999996,53,3.52,0.0,-9.35,23.1248,0,1,0,0
463.3159999999998,53,3.52,0.0,-9.35,8.130958,0,1,0,0
463.8279999999995,53,-33.18,0.0,-16.54,330.9876,0,0,0,0
464.34199999999964,53,-33.18,0.0,-16.54,29.57507,0,0,0,0
464.85400000000027,53,3.52,0.0,-9.35,84.3447,1,0,0,0
465.366,53,3.52,0.0,-9.35,69.07166,1,0,0,0
465.8779999999997,53,3.52,0.0,-9.35,15.48995,0,1,0,0
466.3899999999994,53,3.52,0.0,-9.35,336.8577,0,1,0,0
466.90300000000025,53,3.52,0.0,-9.35,337.584,1,0,0,0
467.41499999999996,53,3.55,0.0,-9.46,343.056,1,0,0,0
467.9269999999997,53,3.57,0.0,-9.51,342.2686,1,0,0,0
468.4399999999996,53,3.57,0.0,-9.51,339.476,1,0,0,0
468.9399999999996,53,3.57,0.0,-9.51,342.9145,0,0,0,0
469.4529999999995,53,3.68,0.0,-9.66,342.626,0,0,0,0
469.96500000000015,53,3.67,0.0,-9.66,340.4908,0,0,0,0
470.46500000000015,53,3.68,0.0,-9.68,340.2404,0,0,0,0
470.96500000000015,53,3.66,0.0,-9.68,339.4145,0,0,0,0
471.46500000000015,53,3.65,0.0,-9.68,339.8004,0,0,0,0
471.97800000000007,53,3.69,0.0,-9.73,338.6164,0,0,0,0
472.4899999999998,53,-32.92,0.0,-16.87,323.8554,0,0,0,0
472.991,53,-32.92,0.0,-16.87,334.1713,0,0,0,0
473.5029999999997,53,3.69,0.0,-9.73,52.63004,0,0,0,1
474.0140000000001,53,3.69,0.0,-9.73,322.3107,1,0,0,0
474.5149999999994,53,3.7,0.0,-9.73,331.912,0,0,0,1
475.0149999999994,53,3.81,0.0,-10.11,330.8892,0,0,0,0
475.52800000000025,53,3.8,0.0,-10.21,332.4039,0,0,0,0
476.02800000000025,53,3.79,0.0,-10.31,334.537,0,0,0,0
476.53999999999996,53,3.79,0.0,-10.31,334.8936,0,0,0,0
477.03999999999996,53,3.84,0.0,-10.56,333.0997,0,0,0,0
477.54100000000017,53,3.87,0.0,-10.62,333.8696,0,0,0,0
478.0540000000001,53,3.87,0.0,-10.67,333.4141,0,0,0,0
478.5649999999996,53,3.85,0.0,-10.74,335.9549,0,0,0,0
479.0779999999995,53,3.84,0.0,-10.82,338.7777,0,0,0,0
479.5779999999995,53,3.88,0.0,-11.36,338.5223,0,0,0,0
480.09000000000015,53,3.89,0.0,-11.38,339.0117,0,0,0,0
480.59000000000015,53,4.11,0.0,-11.49,316.1624,0,0,0,0
481.09099999999944,53,3.88,0.0,-11.63,314.1678,0,0,0,0
481.60300000000007,53,3.88,0.0,-11.63,343.5763,0,0,0,0
482.10400000000027,53,40.73,0.0,-12.91,355.0163,0,0,0,0
482.616,53,40.82,0.0,-12.78,341.2443,0,0,0,0
483.1279999999997,53,40.91,0.0,-12.48,303.9366,0,0,0,0
483.6289999999999,53,40.89,0.0,-12.32,286.9325,0,0,0,0
484.1399999999994,53,40.92,0.0,-12.24,287.6964,0,0,0,0
484.6409999999996,53,40.75,0.0,-12.1,287.8052,0,0,0,0
485.1419999999998,53,40.75,0.0,-12.1,287.9416,0,0,0,0
485.65399999999954,53,40.7,0.0,-11.95,275.1798,0,0,0,0
486.16499999999996,53,40.75,0.0,-12.1,288.2731,0,0,0,0
486.66600000000017,53,40.75,0.0,-12.1,288.0724,0,0,0,0
487.1790000000001,53,40.75,0.0,-12.1,287.9427,0,0,0,0
487.6909999999998,53,40.74,0.0,-12.12,287.6631,0,0,0,0
488.1909999999998,53,40.76,0.0,-12.16,287.8207,0,0,0,0
488.7029999999995,53,40.28,0.0,-11.98,288.3359,0,0,0,0
489.2049999999999,53,40.23,0.0,-11.93,285.9024,0,0,0,0
489.71599999999944,53,39.56,0.0,-11.62,288.9378,0,0,0,0
490.21699999999964,53,39.12,0.0,-11.43,290.0015,0,0,0,0
490.72599999999966,53,39.05,0.0,-11.38,288.3117,0,0,0,0
491.22699999999986,53,38.98,0.0,-11.09,275.3147,0,0,0,0
491.72800000000007,53,39.03,0.0,-11.24,288.5137,0,0,0,0
492.22800000000007,53,38.98,0.0,-11.09,275.4295,0,0,0,0
492.7420000000002,53,38.95,0.0,-11.1,275.1501,0,0,0,0
493.2539999999999,53,38.74,0.0,-10.99,265.0185,0,0,0,0
493.7649999999994,53,38.63,0.0,-10.89,230.228,0,0,0,0
494.2659999999996,53,38.08,0.0,-10.66,273.024,0,0,0,0
494.7659999999996,53,37.63,0.0,-10.71,299.9081,0,0,0,0
495.2669999999998,53,37.52,0.0,-10.54,350.6603,0,0,0,0
495.77899999999954,53,37.04,0.0,-10.44,326.0111,0,0,0,0
496.29100000000017,53,36.97,0.0,-10.31,269.468,0,0,0,0
496.79100000000017,53,36.97,0.0,-10.31,270.5557,0,0,0,0
497.3040000000001,53,36.97,0.0,-10.31,272.5897,0,0,0,0
497.8159999999998,53,36.97,0.0,-10.34,273.6061,0,0,0,0
498.3279999999995,53,36.98,0.0,-10.34,274.076,0,0,0,0
498.8279999999995,53,36.88,0.0,-10.22,261.1953,0,0,0,0
499.34099999999944,53,36.88,0.0,-10.22,261.7878,0,0,0,0
499.84099999999944,53,36.98,0.0,-10.34,274.8869,0,0,0,0
500.34199999999964,53,37.03,0.0,-10.41,274.8395,0,0,0,0
500.85400000000027,53,36.46,0.0,-10.28,278.5578,0,0,0,0
501.366,53,36.22,0.0,-10.3,279.4188,0,0,0,0
501.8779999999997,53,35.87,0.0,-10.18,282.0342,0,0,0,0
502.3789999999999,53,35.38,0.0,-10.09,281.8647,0,0,0,0
502.8909999999996,53,34.79,0.0,-10.01,284.5934,0,0,0,0
503.3909999999996,53,34.64,0.0,-10.03,282.306,0,0,0,0
503.90300000000025,53,34.26,0.0,-9.93,278.642,0,0,0,0
504.40399999999954,53,33.57,0.0,-9.76,279.6603,0,0,0,0
504.91600000000017,53,33.57,0.0,-9.76,267.4957,0,0,0,0
505.41600000000017,53,33.57,0.0,-9.76,253.7651,0,0,0,0
505.9279999999999,53,33.57,0.0,-9.76,249.9427,0,0,0,0
506.4279999999999,53,33.57,0.0,-9.76,249.7101,0,0,0,0
506.9409999999998,53,33.57,0.0,-9.76,249.5608,0,0,0,0
507.4409999999998,53,33.57,0.0,-9.76,249.4474,0,0,0,0
507.942,53,33.57,0.0,-9.76,249.6868,0,0,0,0
508.4539999999997,53,33.57,0.0,-9.76,267.6729,0,0,0,0
508.96100000000024,53,33.57,0.0,-9.76,278.8297,0,0,0,0
509.46599999999944,53,33.05,0.0,-9.58,281.0123,0,0,0,0
509.96599999999944,53,32.97,0.0,-9.52,281.165,0,0,0,0
510.47800000000007,53,32.06,0.0,-9.38,284.5831,0,0,0,0
510.97900000000027,53,31.55,0.0,-9.27,285.3361,0,0,0,0
511.491,53,31.28,0.0,-9.12,284.905,0,0,0,0
512.0039999999999,53,31.06,0.0,-8.99,285.3152,0,0,0,0
512.5039999999999,53,31.12,0.0,-8.99,284.9086,0,0,0,0
513.0159999999996,53,31.03,0.0,-8.86,285.9058,0,0,0,0
513.5159999999996,53,31.05,0.0,-8.86,285.395,0,0,0,0
514.031,53,31.29,-0.02,-8.76,283.0365,0,0,0,0
514.5410000000002,53,31.34,-0.02,-8.79,280.1325,0,0,0,0
515.0540000000001,53,31.38,-0.02,-8.75,278.2637,0,0,0,0
515.5540000000001,53,31.39,-0.02,-8.75,274.7148,0,0,0,0
516.0540000000001,53,31.39,-0.02,-8.75,216.6025,0,0,0,0
516.5659999999998,53,31.39,-0.02,-8.75,202.7616,0,0,0,0
517.067,53,31.39,-0.02,-8.75,206.6235,0,0,0,0
517.5789999999997,53,31.39,-0.02,-8.75,294.3083,0,0,0,0
518.0909999999994,53,31.39,-0.02,-8.75,309.6821,0,0,0,0
518.5909999999994,53,31.39,-0.02,-8.75,305.3598,0,0,0,0
519.0919999999996,53,31.39,-0.02,-8.75,268.9868,0,0,0,0
519.6040000000003,53,31.39,-0.02,-8.75,241.0101,0,0,0,0
520.1040000000003,53,31.39,-0.02,-8.75,212.6873,0,0,0,0
520.6170000000002,53,31.39,-0.02,-8.75,216.8544,0,0,0,0
521.1279999999997,53,31.39,-0.02,-8.75,235.4588,0,0,0,0
521.6279999999997,53,31.39,-0.02,-8.75,230.3503,0,0,0,0
522.1289999999999,53,31.39,-0.02,-8.75,214.6053,0,0,0,0
522.6289999999999,53,31.39,-0.02,-8.75,186.8341,0,0,0,0
523.1419999999998,53,31.39,-0.02,-8.75,187.6696,0,0,0,0
523.6539999999995,53,31.39,-0.02,-8.75,190.2411,0,0,0,0
524.1669999999995,53,31.39,-0.02,-8.75,190.9313,0,0,0,0
524.6669999999995,53,31.39,-0.02,-8.75,191.1388,0,0,0,0
525.1790000000001,53,31.39,-0.02,-8.75,190.9088,0,0,0,0
525.692,53,31.39,-0.02,-8.75,190.2674,0,0,0,0
526.2039999999997,53,31.39,-0.02,-8.75,190.5957,0,0,0,0
526.7039999999997,53,31.39,-0.02,-8.75,190.8871,0,0,0,0
527.2039999999997,53,31.39,-0.02,-8.75,191.4923,0,0,0,0
527.7169999999996,53,31.39,-0.02,-8.75,191.8902,0,0,0,0
528.2299999999996,53,31.39,-0.02,-8.75,191.9494,0,0,0,0
528.7429999999995,53,31.39,-0.02,-8.75,191.9792,0,0,0,0
529.2539999999999,53,31.39,-0.02,-8.75,190.3983,0,0,0,0
529.7659999999996,53,31.39,-0.02,-8.75,185.3675,0,0,0,0
530.2669999999998,53,31.39,-0.02,-8.75,178.2199,0,0,0,0
530.7669999999998,53,31.39,-0.02,-8.75,174.3369,0,0,0,0
531.2789999999995,53,31.39,-0.02,-8.75,173.8861,0,0,0,0
531.781,53,31.39,-0.02,-8.75,175.1581,0,0,0,0
532.2929999999997,53,31.39,-0.02,-8.75,175.9301,0,0,0,0
532.8059999999996,53,31.39,-0.02,-8.75,176.5347,0,0,0,0
533.317,53,31.39,-0.02,-8.75,176.8035,0,0,0,0
533.8289999999997,53,31.39,-0.02,-8.75,177.3344,0,0,0,0
534.3289999999997,53,31.39,-0.02,-8.75,177.6756,0,0,0,0
534.8419999999996,53,31.39,-0.02,-8.75,179.1048,0,0,0,0
535.3419999999996,53,31.39,-0.02,-8.75,180.0742,0,0,0,0
535.8540000000003,53,31.39,-0.02,-8.75,180.7331,0,0,0,0
536.3540000000003,53,31.39,-0.02,-8.75,181.8984,0,0,0,0
536.8549999999996,53,31.39,-0.02,-8.75,184.1137,0,0,0,0
537.3670000000002,53,31.39,-0.02,-8.75,204.3294,0,0,0,0
537.8679999999995,53,31.39,-0.02,-8.75,256.6282,0,0,0,0
538.3800000000001,53,31.39,-0.02,-8.75,304.3308,0,0,0,0
538.8909999999996,53,31.39,-0.02,-8.75,285.9809,0,0,0,0
539.3919999999998,53,31.39,-0.02,-8.75,287.5744,0,0,0,0
539.9039999999995,53,31.39,-0.02,-8.75,281.5534,0,0,0,0
540.4039999999995,53,31.39,-0.02,-8.75,278.0862,0,0,0,0
540.9169999999995,53,31.37,-0.02,-8.75,278.2137,0,0,0,0
541.4290000000001,53,31.38,-0.02,-8.72,279.5151,0,0,0,0
541.942,53,31.39,-0.02,-8.75,279.417,0,0,0,0
542.4549999999999,53,31.39,-0.02,-8.71,277.7209,0,0,0,0
542.9669999999996,53,31.4,-0.02,-8.71,277.9503,0,0,0,0
543.4790000000003,53,31.45,-0.02,-8.72,277.5659,0,0,0,0
543.9920000000002,53,31.4,-0.02,-8.69,278.6486,0,0,0,0
544.5050000000001,53,31.4,-0.02,-8.69,279.5093,0,0,0,0
545.0169999999998,53,31.4,-0.02,-8.69,278.7938,0,0,0,0
545.5289999999995,53,31.42,-0.02,-8.72,278.2137,0,0,0,0
546.0289999999995,53,31.43,-0.02,-8.84,272.557,0,0,0,0
546.5410000000002,53,31.9,-0.02,-8.9,270.7962,0,0,0,0
547.0540000000001,53,31.38,-0.02,-8.69,273.0227,0,0,0,0
547.5550000000003,53,32.23,-0.02,-9.0,271.9566,0,0,0,0
548.0550000000003,53,31.44,-0.02,-8.76,270.9713,0,0,0,0
548.5659999999998,53,31.33,-0.02,-8.66,258.6055,0,0,0,0
549.067,53,31.33,-0.02,-8.66,258.9122,0,0,0,0
549.5789999999997,53,31.44,-0.02,-8.76,272.4183,0,0,0,0
550.0789999999997,53,31.44,-0.02,-8.76,272.3535,0,0,0,0
550.5919999999996,53,31.44,-0.02,-8.76,272.1716,0,0,0,0
551.0919999999996,53,31.44,-0.02,-8.76,272.5135,0,0,0,0
551.6040000000003,53,31.44,-0.02,-8.76,289.7957,0,0,0,0
552.1170000000002,53,31.44,-0.02,-8.76,270.73,0,0,0,0
552.6289999999999,53,31.44,-0.02,-8.76,265.3572,0,0,0,0
553.1419999999998,53,31.44,-0.02,-8.76,262.0267,0,0,0,0
553.6549999999997,53,31.44,-0.02,-8.76,262.0626,0,0,0,0
554.1660000000002,53,31.44,-0.02,-8.76,264.2144,0,0,0,0
554.6660000000002,53,31.44,-0.02,-8.76,263.911,0,0,0,0
555.1790000000001,53,31.44,-0.02,-8.76,263.9659,0,0,0,0
555.6909999999998,53,31.44,-0.02,-8.76,264.0424,0,0,0,0
556.1909999999998,53,31.44,-0.02,-8.76,263.7664,0,0,0,0
556.692,53,31.44,-0.02,-8.76,263.4083,0,0,0,0
557.2039999999997,53,31.44,-0.02,-8.76,265.0664,0,0,0,0
557.7109999999997,-1000,-1000.0,-1000.0,-1000.0,-1000.0,-1000,-1000,-1000,-1000
558.2179999999997,-1000,-1000.0,-1000.0,-1000.0,-1000.0,-1000,-1000,-1000,-1000
558.7249999999997,-1000,-1000.0,-1000.0,-1000.0,-1000.0,-1000,-1000,-1000,-1000
559.2319999999997,-1000,-1000.0,-1000.0,-1000.0,-1000.0,-1000,-1000,-1000,-1000
559.7389999999997,-1000,-1000.0,-1000.0,-1000.0,-1000.0,-1000,-1000,-1000,-1000
560.2459999999998,-1000,-1000.0,-1000.0,-1000.0,-1000.0,-1000,-1000,-1000,-1000
560.7529999999997,-1000,-1000.0,-1000.0,-1000.0,-1000.0,-1000,-1000,-1000,-1000
561.2599999999998,-1000,-1000.0,-1000.0,-1000.0,-1000.0,-1000,-1000,-1000,-1000
561.7669999999997,-1000,-1000.0,-1000.0,-1000.0,-1000.0,-1000,-1000,-1000,-1000
562.2739999999998,-1000,-1000.0,-1000.0,-1000.0,-1000.0,-1000,-1000,-1000,-1000
562.7809999999997,-1000,-1000.0,-1000.0,-1000.0,-1000.0,-1000,-1000,-1000,-1000
563.2879999999997,-1000,-1000.0,-1000.0,-1000.0,-1000.0,-1000,-1000,-1000,-1000
563.7949999999997,-1000,-1000.0,-1000.0,-1000.0,-1000.0,-1000,-1000,-1000,-1000
564.3019999999997,-1000,-1000.0,-1000.0,-1000.0,-1000.0,-1000,-1000,-1000,-1000
564.8089999999997,-1000,-1000.0,-1000.0,-1000.0,-1000.0,-1000,-1000,-1000,-1000
565.3159999999997,-1000,-1000.0,-1000.0,-1000.0,-1000.0,-1000,-1000,-1000,-1000
565.8229999999998,-1000,-1000.0,-1000.0,-1000.0,-1000.0,-1000,-1000,-1000,-1000
566.3299999999997,-1000,-1000.0,-1000.0,-1000.0,-1000.0,-1000,-1000,-1000,-1000
566.8369999999998,-1000,-1000.0,-1000.0,-1000.0,-1000.0,-1000,-1000,-1000,-1000
567.3439999999997,-1000,-1000.0,-1000.0,-1000.0,-1000.0,-1000,-1000,-1000,-1000
567.8509999999998,-1000,-1000.0,-1000.0,-1000.0,-1000.0,-1000,-1000,-1000,-1000
568.3579999999997,-1000,-1000.0,-1000.0,-1000.0,-1000.0,-1000,-1000,-1000,-1000
568.8649999999997,-1000,-1000.0,-1000.0,-1000.0,-1000.0,-1000,-1000,-1000,-1000
569.3719999999997,-1000,-1000.0,-1000.0,-1000.0,-1000.0,-1000,-1000,-1000,-1000
569.8789999999997,-1000,-1000.0,-1000.0,-1000.0,-1000.0,-1000,-1000,-1000,-1000
570.3859999999997,-1000,-1000.0,-1000.0,-1000.0,-1000.0,-1000,-1000,-1000,-1000
570.8929999999997,-1000,-1000.0,-1000.0,-1000.0,-1000.0,-1000,-1000,-1000,-1000
571.3999999999997,-1000,-1000.0,-1000.0,-1000.0,-1000.0,-1000,-1000,-1000,-1000
571.9069999999997,-1000,-1000.0,-1000.0,-1000.0,-1000.0,-1000,-1000,-1000,-1000
572.4139999999998,-1000,-1000.0,-1000.0,-1000.0,-1000.0,-1000,-1000,-1000,-1000
572.9209999999997,53,-0.41,0.0,-1.06,63.17497,0,0,0,0
573.4279999999997,53,-0.41,0.0,-0.95,44.24104,0,0,0,0
573.9349999999996,53,-0.41,0.0,-0.95,40.68031,0,0,0,0
574.4419999999996,53,-0.41,0.0,-0.95,38.93635,0,0,0,0
574.9489999999995,53,-0.41,0.0,-0.95,39.41413,0,0,0,0
575.4559999999994,53,-0.41,0.0,-1.05,55.99218,0,0,0,1
575.9629999999994,53,-0.39,0.0,-1.01,61.11612,0,0,0,0
576.4699999999993,53,0.04,0.0,-1.04,73.74009,0,0,0,0
576.9769999999993,53,0.29,0.0,-0.93,61.94096,0,0,0,0
577.4839999999992,53,0.44,0.0,-0.72,39.26224,0,0,0,0
577.9909999999992,53,0.68,0.0,-0.43,35.12011,0,0,0,0
578.4979999999991,53,0.89,0.0,-0.09,36.3529,0,0,1,0
579.0049999999991,53,1.19,0.0,0.28,39.98401,0,0,0,0
579.511999999999,53,1.29,0.0,0.41,40.20772,0,0,0,0
580.018999999999,53,1.32,0.0,0.43,29.54719,0,0,0,0
580.5259999999989,53,-0.86,0.0,-9.74,30.44529,1,0,0,0
581.0329999999989,53,-0.84,0.0,-9.73,26.0005,0,0,1,0
581.5399999999988,53,-0.83,0.0,-9.6,7.161221,0,1,0,0
582.0469999999988,53,-0.76,0.0,-9.43,10.07418,1,0,0,0
582.5539999999987,53,-0.56,-0.03,-8.85,9.242808,0,0,0,1
583.0609999999987,53,-0.25,-0.03,-8.14,358.7672,0,0,1,0
583.5679999999986,53,0.0,-0.03,-7.85,16.23919,0,0,0,0
584.0749999999986,53,0.19,-0.03,-7.96,0.4059622,0,0,0,0
584.5819999999985,53,0.28,-0.01,-7.42,3.644057,0,0,0,0
585.0889999999985,53,0.42,-0.03,-6.54,3.472798,0,0,0,0
585.5959999999984,53,0.48,-0.03,-5.8,3.737532,0,0,0,0
586.1029999999984,53,0.55,0.0,-5.37,2.123578,0,0,0,0
586.6099999999983,53,0.71,0.0,-4.89,358.8023,0,0,0,0
587.1169999999983,53,0.77,0.0,-4.12,357.5319,0,0,0,0
587.6239999999982,53,0.75,0.0,-3.4,357.2253,0,0,0,0
588.1309999999982,53,0.71,0.0,-2.74,356.5607,0,0,0,0
588.6379999999981,53,0.56,0.0,-2.21,359.4644,0,0,0,0
589.144999999998,53,0.57,0.0,-1.8,0.9843137,0,0,0,0
589.651999999998,53,0.53,0.0,-1.22,0.3243056,0,0,0,0
590.158999999998,53,0.54,0.0,-0.76,1.979416,0,0,0,0
590.6659999999979,53,0.54,0.0,-0.33,1.869257,0,0,0,0
591.1729999999978,53,0.54,0.0,0.15,2.345857,0,0,0,0
591.6799999999978,53,0.59,0.0,0.56,2.070224,0,0,0,0
592.1869999999977,53,0.75,0.0,0.87,2.432222,0,0,0,0
592.6939999999977,53,0.95,0.0,1.63,2.969147,0,0,0,0
593.2009999999976,53,2.2,0.0,-9.75,3.758196,0,0,0,0
593.7079999999976,53,2.18,0.0,-9.63,2.573804,0,0,0,0
594.2149999999975,53,2.3,0.0,-9.41,354.8732,0,0,0,0
594.7219999999975,53,2.34,0.0,-9.15,350.8274,0,0,0,0
595.2289999999974,53,2.35,0.0,-9.21,347.834,0,0,0,0
595.7359999999974,53,2.06,0.0,-8.55,346.7614,0,0,0,0
596.2429999999973,53,2.01,0.0,-7.62,350.3333,0,0,0,0
596.7499999999973,53,2.24,0.0,-7.77,346.2674,0,0,0,1
597.2569999999972,53,2.22,0.0,-6.86,331.951,0,0,0,1
597.7639999999972,53,2.03,0.0,-6.4,339.9087,0,0,0,1
598.2709999999971,53,1.9,0.0,-5.9,340.0285,1,0,0,1
598.7779999999971,53,1.82,0.0,-5.4,341.9701,0,0,1,1
599.284999999997,53,1.63,0.0,-4.52,341.3786,0,0,1,0
599.791999999997,53,1.43,0.0,-3.93,341.1536,0,0,0,0
600.2989999999969,53,1.42,0.0,-3.68,339.6873,0,0,0,0
600.8059999999969,53,1.2,0.0,-2.83,341.2881,0,0,0,0
601.3129999999968,53,1.27,0.0,-2.28,328.8997,0,0,0,0
601.8199999999968,53,1.07,0.0,-1.91,331.8001,0,0,0,0
602.3269999999967,53,0.96,0.0,-1.59,334.1607,0,0,0,0
602.8339999999966,53,0.69,0.0,-0.96,335.1456,0,0,0,0
603.3409999999966,53,0.52,0.0,-0.46,338.1927,0,0,0,0
603.8479999999965,53,0.56,0.0,-0.49,338.7712,0,0,0,0
604.3549999999965,53,0.47,0.0,-0.1,338.416,0,0,0,0
604.8619999999964,53,0.46,0.0,0.45,339.3527,0,0,0,0
605.3689999999964,53,0.34,0.0,0.88,339.4282,0,0,0,0
605.8759999999963,53,0.33,0.0,1.06,337.8488,0,0,0,0
606.3829999999963,53,-0.93,0.0,-9.96,336.3651,0,0,0,0
606.8899999999962,53,-1.04,0.0,-9.52,341.3476,0,0,0,0
607.3969999999962,53,-0.97,0.0,-9.6,18.31129,0,1,0,0
607.9039999999961,53,-0.97,0.0,-9.39,12.36667,0,1,0,0
608.4109999999961,53,-0.89,0.0,-9.14,12.63664,1,0,0,0
608.917999999996,53,-1.09,0.0,-9.17,25.28082,0,0,1,0
609.424999999996,53,-1.01,0.0,-9.09,19.20967,0,1,0,0
609.9319999999959,53,-0.92,0.0,-8.63,10.89244,0,0,0,0
610.4389999999959,53,-0.63,0.0,-7.78,9.496438,0,0,0,0
610.9459999999958,53,-0.53,0.0,-7.67,7.083797,0,0,0,0
611.4529999999958,53,-0.07,0.0,-6.77,7.806452,0,0,0,0
611.9599999999957,53,-0.07,0.0,-6.77,3.922452,0,0,0,1
612.4669999999957,53,0.3,0.0,-5.55,5.08925,0,0,0,0
612.9739999999956,53,0.29,0.0,-5.43,350.2877,0,0,0,0
613.4809999999956,53,0.43,0.0,-4.43,356.8789,0,0,0,0
613.9879999999955,53,0.45,0.0,-4.48,354.6,0,0,0,0
614.4949999999955,53,0.56,0.0,-3.43,355.7238,0,0,0,0
615.0019999999954,53,0.53,0.0,-3.36,354.8767,0,0,0,0
615.5089999999954,53,0.59,0.0,-2.35,355.137,0,0,0,0
616.0159999999953,53,0.58,0.0,-1.96,354.5576,0,0,0,0
616.5229999999952,53,0.73,0.0,-1.48,353.8232,0,0,0,0
617.0299999999952,53,0.75,0.0,-0.78,352.3879,0,0,0,0
617.5369999999951,53,0.69,0.0,-0.67,338.0103,0,0,1,0
618.0439999999951,53,0.65,0.0,-0.13,339.7561,0,0,1,1
618.550999999995,53,0.62,0.0,0.3,341.3674,0,1,0,0
619.057999999995,53,0.65,0.0,0.63,340.7404,1,0,1,0
619.5649999999949,53,0.6,0.0,1.55,341.9142,1,0,0,1
620.0719999999949,53,0.57,0.0,1.64,340.6539,1,0,0,1
620.5789999999948,53,2.29,0.0,-9.13,341.1417,0,1,0,0
621.0859999999948,53,2.22,0.0,-8.58,341.7563,1,0,0,1
621.5929999999947,53,2.22,-0.01,-8.55,338.2207,0,0,0,1
622.0999999999947,53,2.16,-0.01,-7.36,344.9709,0,0,0,1
622.6069999999946,53,2.16,-0.03,-7.36,337.714,0,0,0,1
623.1139999999946,53,2.1,-0.03,-6.23,345.1397,0,0,0,0
623.6209999999945,53,2.01,-0.03,-6.14,324.5732,0,0,0,0
624.1279999999945,53,1.92,-0.03,-5.52,335.1074,0,0,0,0
624.6349999999944,53,1.93,0.0,-5.52,335.3809,0,0,0,0
625.1419999999944,53,1.75,0.0,-4.47,340.1681,0,0,0,0
625.6489999999943,53,1.65,0.0,-4.36,333.1104,0,0,0,0
626.1559999999943,53,1.52,0.0,-3.37,337.8329,0,0,0,0
626.6629999999942,53,1.33,0.0,-2.88,333.9707,0,0,0,0
627.1699999999942,53,1.28,0.0,-2.36,332.857,0,0,0,0
627.6769999999941,53,0.98,0.0,-1.65,330.1226,0,0,0,0
628.1839999999941,53,0.88,0.0,-1.58,316.2561,0,0,0,0
628.690999999994,53,0.6,0.0,-1.2,322.5758,0,0,0,0
629.197999999994,53,0.57,0.0,-1.12,329.1151,0,0,0,0
629.7049999999939,53,0.5,0.0,-0.56,333.1679,0,0,0,0
630.2119999999938,53,0.27,0.0,-0.12,331.6729,0,0,0,0
630.7189999999938,53,0.24,0.0,-0.01,331.7335,0,0,0,0
631.2259999999937,53,0.1,0.0,0.67,328.6118,0,0,0,0
631.7329999999937,53,-0.17,0.0,1.29,326.3724,0,0,0,0
632.2399999999936,53,-0.38,0.0,1.58,325.0721,0,0,0,0
632.7469999999936,53,-3.32,0.0,-9.44,323.0946,0,0,0,1
633.2539999999935,53,-3.59,0.0,-9.07,317.3821,1,0,0,0
633.7609999999935,53,-3.59,0.0,-9.07,14.49005,0,0,0,1
634.2679999999934,53,-3.61,0.0,-9.07,28.53031,0,0,0,1
634.7749999999934,53,-3.62,0.0,-9.1,25.46661,0,0,1,1
635.2819999999933,53,-3.42,0.0,-9.19,46.29772,0,0,0,0
635.7889999999933,53,-3.3,0.0,-9.37,28.38129,0,0,0,0
636.2959999999932,53,-3.3,0.0,-9.38,16.59435,0,0,0,0
636.8029999999932,53,-3.16,0.0,-9.03,16.52481,0,0,0,0
637.3099999999931,53,-2.69,0.0,-8.2,18.22306,0,0,0,0
637.8169999999931,53,-2.49,0.0,-7.74,18.21112,0,0,0,0
638.323999999993,53,-2.23,0.0,-7.32,18.17397,0,0,0,0
638.830999999993,53,-1.76,0.0,-6.43,17.53059,1,0,0,0
639.3379999999929,53,-1.44,0.0,-5.56,17.46667,0,0,0,0
639.8449999999929,53,-1.41,0.0,-5.51,16.6006,0,0,0,0
640.3519999999928,53,-1.02,0.0,-4.89,16.13853,0,0,0,0
640.8589999999928,53,-0.63,0.0,-4.05,15.54901,0,0,0,0
641.3659999999927,53,-0.62,0.0,-3.79,13.83592,0,0,0,1
641.8729999999927,53,-0.33,0.0,-3.22,14.33011,0,0,0,0
642.3799999999926,53,0.04,0.0,-2.67,15.50032,0,0,0,0
642.8869999999926,53,0.35,0.0,-2.09,14.67717,0,0,0,0
643.3939999999925,53,0.36,0.0,-1.91,358.5741,0,0,0,0
