4844.66,68,(-0.01, 0.00, -3.63),Yaw: 337.9908,1,0,0,0
4845.172,68,(-0.01, 0.00, -3.63),Yaw: 338.1067,1,0,0,0
4845.685,68,(-0.01, 0.00, -3.63),Yaw: 338.1649,1,0,0,0
4846.197,68,(-0.01, 0.00, -3.63),Yaw: 338.1454,1,0,0,0
4846.709,68,(-0.01, 0.00, -3.63),Yaw: 338.2894,1,0,0,0
4847.21,68,(-0.01, 0.00, -3.63),Yaw: 341.2581,1,0,0,0
4847.722,68,(-0.06, 0.00, -3.60),Yaw: 344.0379,1,0,0,0
4848.234,68,(-0.05, 0.00, -3.61),Yaw: 344.5262,1,0,0,0
4848.747,68,(-0.05, 0.00, -3.61),Yaw: 345.7998,1,0,0,0
4849.247,68,(-0.05, 0.00, -3.61),Yaw: 345.8234,1,0,0,0
4849.748,68,(-0.05, 0.00, -3.61),Yaw: 345.8274,1,0,0,0
4850.248,68,(-0.39, 0.00, -3.43),Yaw: 348.505,1,0,0,0
4850.76,68,(-0.39, 0.00, -3.43),Yaw: 0.8037828,1,0,0,0
4851.272,68,(-0.45, 0.00, -3.06),Yaw: 0.3220841,0,0,1,0
4851.785,68,(-0.42, 0.00, -3.07),Yaw: 357.3437,1,0,0,0
4852.285,68,(-0.50, 0.00, -2.79),Yaw: 352.5326,0,0,1,0
4852.797,68,(-0.50, 0.00, -2.75),Yaw: 354.9799,0,0,1,0
4853.297,68,(-0.50, 0.00, -2.75),Yaw: 356.3206,0,0,1,0
4853.811,68,(-0.50, 0.00, -2.75),Yaw: 354.8289,0,0,1,0
4854.322,68,(-0.50, 0.00, -2.75),Yaw: 355.2162,0,0,0,0
4854.836,68,(-0.65, 0.00, -2.53),Yaw: 356.0075,1,0,0,0
4855.347,68,(-0.63, 0.00, -2.52),Yaw: 357.5982,1,0,0,0
4855.848,68,(-0.63, 0.00, -2.52),Yaw: 357.5888,1,0,0,0
4856.359,68,(-0.63, 0.00, -2.52),Yaw: 357.28,1,0,0,0
4856.859,68,(-0.63, 0.00, -2.52),Yaw: 333.6743,1,0,0,0
4857.359,68,(-0.63, 0.00, -2.52),Yaw: 12.02417,0,0,0,0
4857.86,68,(-0.64, 0.00, -2.50),Yaw: 14.22365,0,0,0,0
4858.373,68,(-0.65, 0.00, -2.26),Yaw: 12.53906,0,0,0,0
4858.885,68,(-0.60, 0.00, -2.08),Yaw: 7.013637,0,0,0,0
4859.397,68,(-0.55, 0.00, -1.91),Yaw: 5.423138,0,1,0,0
4859.91,68,(-0.55, 0.00, -1.91),Yaw: 6.556001,0,1,1,0
4860.41,68,(-0.54, 0.00, -1.88),Yaw: 7.507844,0,1,1,0
4860.922,68,(-0.51, 0.00, -1.78),Yaw: 8.99215,1,1,0,1
4861.435,68,(-0.51, 0.00, -1.78),Yaw: 8.795945,0,1,0,1
4861.935,68,(-0.49, 0.00, -1.57),Yaw: 10.2465,0,1,1,0
4862.435,68,(-0.48, 0.00, -1.58),Yaw: 9.919971,0,1,0,1
4862.948,68,(-0.48, 0.00, -1.58),Yaw: 9.704009,0,1,0,1
4863.46,68,(-0.48, 0.00, -1.57),Yaw: 9.600636,0,1,0,1
4863.973,68,(-0.49, 0.00, -1.50),Yaw: 9.840878,1,1,0,1
4864.473,68,(-0.48, 0.00, -1.52),Yaw: 9.543572,0,1,0,0
4864.985,68,(-0.48, 0.00, -1.52),Yaw: 10.16806,0,1,1,0
4865.485,68,(-0.48, 0.00, -1.52),Yaw: 9.860761,0,0,0,1
4865.985,68,(-0.48, 0.00, -1.52),Yaw: 9.5507,0,1,0,1
4866.498,68,(-0.48, 0.00, -1.54),Yaw: 9.977156,1,0,0,0
4866.998,68,(-0.48, 0.00, -1.54),Yaw: 8.429985,1,0,0,0
4867.498,68,(-0.48, 0.00, -1.54),Yaw: 12.0164,1,0,0,0
4867.998,68,(-0.47, 0.00, -1.55),Yaw: 18.13106,1,0,1,0
4868.51,68,(-0.47, 0.00, -1.55),Yaw: 14.84907,1,0,1,0
4869.01,68,(-0.47, 0.00, -1.55),Yaw: 13.07989,1,0,1,0
4869.523,68,(-0.47, 0.00, -1.56),Yaw: 12.70765,1,0,1,0
4870.036,68,(-0.47, 0.00, -1.56),Yaw: 12.9966,0,0,1,0
4870.548,68,(-0.47, 0.00, -1.56),Yaw: 13.09254,0,0,1,0
4871.06,68,(-0.44, 0.00, -1.41),Yaw: 14.07294,0,1,1,0
4871.56,68,(-0.44, 0.00, -1.40),Yaw: 13.53491,0,0,1,0
4872.072,68,(-0.33, 0.00, -1.08),Yaw: 13.22545,1,1,0,0
4872.572,68,(-0.32, 0.00, -1.04),Yaw: 13.16209,0,1,0,0
4873.072,68,(-0.23, 0.02, -0.79),Yaw: 12.64935,1,1,0,0
4873.573,68,(-0.24, 0.00, -0.66),Yaw: 10.36222,1,0,0,0
4874.073,68,(-0.14, 0.00, -0.45),Yaw: 2.872373,0,0,0,1
4874.585,68,(-0.14, 0.00, -0.45),Yaw: 336.1715,0,0,0,1
4875.085,68,(-0.14, 0.00, -0.45),Yaw: 329.6534,0,0,0,1
4875.598,68,(-0.14, 0.00, -0.45),Yaw: 325.2013,0,0,0,1
4876.098,68,(-0.14, 0.00, -0.45),Yaw: 326.8442,0,0,1,1
4876.611,68,(0.13, 0.00, -10.00),Yaw: 327.8622,0,0,0,0
4877.123,68,(0.13, 0.00, -10.00),Yaw: 328.5835,0,0,0,0
4877.636,68,(0.13, 0.00, -10.00),Yaw: 336.9998,0,0,0,0
4878.149,68,(0.13, 0.00, -10.00),Yaw: 344.9867,0,0,0,0
4878.66,68,(0.13, 0.00, -10.00),Yaw: 345.8517,0,0,0,0
4879.173,68,(0.04, 0.00, -9.89),Yaw: 347.2964,0,0,0,0
4879.686,68,(-0.07, 0.00, -9.60),Yaw: 348.4373,0,0,0,0
4880.198,68,(-0.10, 0.00, -9.61),Yaw: 347.0869,0,0,0,0
4880.71,68,(-0.27, 0.00, -9.18),Yaw: 348.8067,0,0,0,0
4881.21,68,(-0.26, 0.00, -9.22),Yaw: 347.1838,0,0,0,1
4881.723,68,(-0.33, 0.00, -8.87),Yaw: 349.6731,0,0,0,1
4882.235,68,(-0.32, 0.00, -8.87),Yaw: 349.2712,0,0,0,0
4882.735,68,(-0.42, 0.00, -8.55),Yaw: 349.7713,0,0,0,0
4883.236,68,(-0.42, 0.00, -8.55),Yaw: 347.9876,0,0,0,0
4883.748,68,(-0.50, 0.00, -8.32),Yaw: 353.4131,0,0,0,0
4884.26,68,(-0.50, 0.00, -8.34),Yaw: 353.0781,0,0,0,0
4884.76,68,(-0.37, 0.00, -7.96),Yaw: 351.4885,0,0,0,0
4885.272,68,(-0.40, 0.00, -7.90),Yaw: 349.6994,0,0,0,0
4885.785,68,(-0.55, 0.00, -7.49),Yaw: 354.7867,0,0,1,0
4886.285,68,(-0.49, 0.00, -7.16),Yaw: 356.7772,0,0,1,0
4886.785,68,(-0.47, 0.00, -7.14),Yaw: 354.567,0,0,1,0
4887.285,68,(-0.61, 0.00, -6.83),Yaw: 357.3099,0,1,0,0
4887.798,68,(-0.80, 0.00, -6.32),Yaw: 356.9373,0,0,0,0
4888.298,68,(-0.81, 0.00, -6.27),Yaw: 356.7029,0,0,0,0
4888.81,68,(-0.87, 0.00, -5.86),Yaw: 359.2551,0,0,0,1
4889.323,68,(-0.82, 0.00, -5.56),Yaw: 359.362,0,0,0,0
4889.835,68,(-0.87, 0.00, -5.43),Yaw: 359.1302,0,0,0,0
4890.335,68,(-0.77, 0.00, -4.98),Yaw: 1.200722,0,0,0,0
4890.835,68,(-0.77, 0.00, -4.98),Yaw: 1.325478,0,0,0,0
4891.348,68,(-0.79, 0.00, -4.74),Yaw: 2.790402,1,0,0,0
4891.86,68,(-0.79, 0.00, -4.74),Yaw: 2.360847,1,0,1,0
4892.36,68,(-0.79, 0.00, -4.72),Yaw: 6.136361,1,0,1,0
4892.873,68,(-0.79, 0.00, -4.72),Yaw: 5.088811,0,0,0,1
4893.373,68,(-0.79, 0.00, -4.72),Yaw: 2.110389,0,0,0,0
4893.873,68,(-0.78, 0.00, -4.31),Yaw: 3.871858,0,0,0,0
4894.373,68,(-0.82, 0.00, -4.36),Yaw: 3.714692,0,0,0,0
4894.873,68,(-0.80, 0.00, -4.25),Yaw: 5.337174,1,0,0,0
4895.385,68,(-0.84, 0.00, -4.24),Yaw: 3.210032,1,0,1,0
4895.898,68,(-0.78, 0.00, -3.96),Yaw: 3.496581,1,0,0,0
4896.41,68,(-0.77, 0.00, -3.89),Yaw: 1.927094,1,0,1,0
4896.922,68,(-0.65, 0.00, -3.55),Yaw: 3.91819,0,1,0,0
4897.422,68,(-0.67, 0.00, -3.39),Yaw: 3.618099,0,0,1,0
4897.923,68,(-0.67, 0.00, -3.38),Yaw: 1.260949,0,0,1,0
4898.436,68,(-0.55, 0.00, -2.83),Yaw: 0.7678131,0,0,1,0
4898.948,68,(-0.56, 0.00, -2.86),Yaw: 358.1325,0,0,1,0
4899.46,68,(-0.61, 0.00, -2.66),Yaw: 359.0493,1,0,1,0
4899.973,68,(-0.67, 0.00, -2.44),Yaw: 1.438125,1,1,0,0
4900.485,68,(-0.67, 0.00, -2.44),Yaw: 2.222452,1,1,0,0
4900.998,68,(-0.67, 0.00, -2.44),Yaw: 1.819088,1,0,0,0
4901.51,68,(-0.63, 0.00, -2.24),Yaw: 4.841765,1,0,0,0
4902.022,68,(-0.61, 0.00, -2.25),Yaw: 5.299594,1,0,1,0
4902.523,68,(-0.61, 0.00, -2.25),Yaw: 6.267171,1,0,1,0
4903.035,68,(-0.61, 0.00, -2.25),Yaw: 6.36283,1,0,1,0
4903.535,68,(-0.61, 0.00, -2.25),Yaw: 6.136223,1,0,1,0
4904.035,68,(-0.61, 0.00, -2.25),Yaw: 6.132333,1,0,1,0
4904.548,68,(-0.61, 0.00, -2.25),Yaw: 5.696149,1,0,1,0
4905.06,68,(-0.61, 0.00, -2.25),Yaw: 4.21528,1,0,1,0
4905.573,68,(-0.67, 0.00, -2.02),Yaw: 3.157102,1,1,0,0
4906.085,68,(-0.70, 0.00, -1.57),Yaw: 5.076504,0,1,0,0
4906.597,68,(-0.70, 0.00, -1.57),Yaw: 8.963639,0,1,0,0
4907.097,68,(-0.70, 0.00, -1.57),Yaw: 13.20774,0,1,0,0
4907.597,68,(-0.68, 0.00, -1.46),Yaw: 31.75547,1,1,0,0
4908.098,68,(-0.68, 0.00, -1.45),Yaw: 39.59011,1,1,0,0
4908.598,68,(-0.52, 0.00, -1.12),Yaw: 39.057,1,1,0,0
4909.098,68,(-0.54, 0.00, -1.13),Yaw: 38.04129,1,1,1,0
4909.61,68,(-0.34, 0.00, -0.87),Yaw: 36.40757,1,1,0,0
4910.11,68,(-0.35, 0.00, -0.93),Yaw: 31.8206,0,1,0,0
4910.611,68,(-0.34, 0.00, -0.88),Yaw: 31.13073,1,0,0,0
4911.124,68,(-0.34, 0.00, -0.88),Yaw: 32.11267,1,0,0,0
4911.636,68,(-0.34, 0.00, -0.88),Yaw: 32.75125,1,0,0,0
4912.148,68,(-0.34, 0.00, -0.89),Yaw: 30.91993,1,0,0,0
4912.661,68,(-0.34, 0.00, -0.89),Yaw: 26.92033,1,1,1,0
4913.161,68,(-0.20, 0.00, -0.57),Yaw: 30.1929,1,0,0,1
4913.673,68,(-0.15, 0.00, -0.45),Yaw: 28.29977,0,0,1,0
4914.186,68,(-0.15, 0.00, -0.45),Yaw: 4.34952,0,0,1,0
4914.686,68,(-0.15, 0.00, -0.45),Yaw: 345.8928,0,1,1,0
4915.186,68,(-0.15, 0.00, -0.45),Yaw: 343.1473,0,1,1,0
4915.686,68,(-0.15, 0.00, -0.45),Yaw: 340.6497,0,1,1,0
4916.198,68,(3.68, 0.00, -9.30),Yaw: 339.5056,0,0,0,0
4916.71,68,(3.68, 0.00, -9.30),Yaw: 339.7817,0,0,0,0
4917.211,68,(3.68, 0.00, -9.30),Yaw: 336.9777,0,0,0,0
4917.723,68,(3.48, 0.00, -9.00),Yaw: 337.8405,0,0,0,0
4918.223,68,(3.47, 0.00, -9.00),Yaw: 335.9692,0,0,0,0
4918.724,68,(3.41, 0.00, -8.93),Yaw: 335.279,0,0,0,0
4919.236,68,(3.24, 0.00, -8.50),Yaw: 337.2673,0,0,0,0
4919.747,68,(3.22, 0.00, -8.50),Yaw: 336.7301,0,0,0,0
4920.248,68,(3.04, 0.00, -8.18),Yaw: 336.9279,0,0,0,0
4920.76,68,(3.06, 0.00, -8.20),Yaw: 336.8475,0,0,0,0
4921.272,68,(2.77, 0.00, -7.61),Yaw: 336.9439,0,0,0,0
4921.785,68,(2.86, 0.00, -7.68),Yaw: 333.6862,0,0,0,0
4922.285,68,(2.82, 0.00, -7.61),Yaw: 332.3116,0,0,0,0
4922.785,68,(2.41, 0.00, -6.87),Yaw: 334.1314,0,0,0,0
4923.297,68,(2.49, 0.00, -6.96),Yaw: 333.6907,0,0,0,1
4923.811,68,(2.49, 0.00, -6.96),Yaw: 333.3189,1,0,0,0
4924.323,68,(2.16, 0.00, -6.36),Yaw: 335.6763,1,0,0,0
4924.835,68,(2.23, 0.00, -6.38),Yaw: 336.6371,0,0,0,0
4925.348,68,(2.20, 0.00, -6.34),Yaw: 336.7137,0,0,0,0
4925.86,68,(1.83, 0.00, -5.60),Yaw: 337.6381,0,0,0,0
4926.36,68,(1.83, 0.00, -5.66),Yaw: 336.5266,0,0,0,0
4926.873,68,(1.81, 0.00, -5.60),Yaw: 336.8814,0,0,0,0
4927.385,68,(1.54, 0.00, -5.00),Yaw: 338.884,0,0,0,0
4927.901,68,(1.56, 0.00, -5.11),Yaw: 339.3239,0,0,0,0
4928.41,68,(1.47, 0.00, -4.87),Yaw: 339.6417,0,0,0,0
4928.923,68,(1.25, 0.00, -4.60),Yaw: 340.6654,0,0,0,0
4929.423,68,(1.25, 0.00, -4.60),Yaw: 338.4727,0,0,0,0
4929.935,68,(1.00, 0.00, -3.85),Yaw: 341.2966,0,0,0,0
4930.436,68,(1.02, 0.00, -3.83),Yaw: 340.8599,0,0,0,0
4930.949,68,(1.02, 0.00, -3.83),Yaw: 341.2785,0,0,0,0
4931.461,68,(0.69, 0.00, -2.92),Yaw: 341.4021,0,0,0,0
4931.973,68,(0.77, 0.00, -2.98),Yaw: 341.4949,0,0,0,0
4932.486,68,(0.77, 0.00, -2.98),Yaw: 341.4974,0,0,0,0
4932.998,68,(0.63, 0.00, -2.61),Yaw: 341.3829,1,0,0,0
4933.498,68,(0.65, 0.00, -2.66),Yaw: 340.3082,1,0,0,0
4933.998,68,(0.63, 0.00, -2.63),Yaw: 339.6126,1,0,0,0
4934.51,68,(0.50, 0.00, -2.35),Yaw: 340.6883,1,0,0,0
4935.011,68,(0.55, 0.00, -2.41),Yaw: 340.035,1,0,0,0
4935.523,68,(0.55, 0.00, -2.41),Yaw: 341.1781,1,0,0,0
4936.035,68,(0.53, 0.00, -2.38),Yaw: 341.7036,1,0,0,0
4936.548,68,(0.50, 0.00, -2.38),Yaw: 340.7804,1,0,0,0
4937.06,68,(0.50, 0.00, -2.38),Yaw: 341.3935,1,0,0,0
4937.573,68,(0.50, 0.00, -2.38),Yaw: 341.6678,1,0,0,0
4938.085,68,(0.50, 0.00, -2.38),Yaw: 341.878,1,0,0,0
4938.598,68,(0.50, 0.00, -2.38),Yaw: 341.7653,1,0,0,0
4939.11,68,(0.50, 0.00, -2.38),Yaw: 337.0446,1,0,0,1
4939.61,68,(0.50, 0.00, -2.38),Yaw: 339.5233,1,0,0,1
4940.11,68,(0.50, 0.00, -2.38),Yaw: 338.9602,1,0,0,1
4940.611,68,(0.50, 0.00, -2.38),Yaw: 339.1609,0,0,0,1
4941.116,68,(0.50, 0.00, -2.38),Yaw: 338.8853,0,0,1,1
4941.623,68,(0.49, 0.00, -2.36),Yaw: 339.3778,1,0,0,0
4942.135,68,(0.50, 0.00, -2.37),Yaw: 339.7986,1,0,0,1
4942.648,68,(0.50, 0.00, -2.37),Yaw: 339.6955,1,0,0,1
4943.16,68,(0.50, 0.00, -2.37),Yaw: 339.6416,1,0,0,1
4943.661,68,(0.50, 0.00, -2.37),Yaw: 339.4682,1,0,0,1
4944.161,68,(0.50, 0.00, -2.37),Yaw: 339.5182,1,0,0,1
4944.673,68,(0.50, 0.00, -2.37),Yaw: 338.3316,1,0,0,1
4945.173,68,(0.50, 0.00, -2.37),Yaw: 338.7164,1,0,0,1
4945.686,68,(0.50, 0.00, -2.37),Yaw: 338.447,1,0,0,1
4946.198,68,(0.50, 0.00, -2.37),Yaw: 338.5365,1,0,0,1
4946.699,68,(0.50, 0.00, -2.37),Yaw: 338.5128,1,0,0,1
4947.21,68,(0.50, 0.00, -2.37),Yaw: 338.4156,1,0,0,1
4947.71,68,(0.50, 0.00, -2.37),Yaw: 338.4246,1,0,0,1
4948.223,68,(0.44, 0.00, -2.27),Yaw: 340.0003,1,0,0,0
4948.724,68,(0.44, 0.00, -2.27),Yaw: 339.4623,1,0,0,0
4949.236,68,(0.44, 0.00, -2.27),Yaw: 339.4217,1,0,0,0
4949.748,68,(0.44, 0.00, -2.27),Yaw: 339.1929,1,0,0,0
4950.26,68,(0.44, 0.00, -2.27),Yaw: 339.3555,1,0,0,0
4950.76,68,(0.44, 0.00, -2.27),Yaw: 339.1827,1,0,0,0
4951.272,68,(0.44, 0.00, -2.27),Yaw: 339.0043,1,0,0,0
4951.773,68,(0.44, 0.00, -2.27),Yaw: 338.9257,1,0,0,0
4952.273,68,(0.44, 0.00, -2.27),Yaw: 338.8676,1,0,0,0
4952.773,68,(0.44, 0.00, -2.27),Yaw: 338.8483,1,0,0,1
4953.285,68,(0.44, 0.00, -2.27),Yaw: 339.129,1,0,0,1
4953.786,68,(0.44, 0.00, -2.27),Yaw: 339.0614,1,0,0,1
4954.286,68,(0.44, 0.00, -2.27),Yaw: 339.0965,1,0,0,1
4954.797,68,(0.44, 0.00, -2.27),Yaw: 339.0812,1,0,0,1
4955.298,68,(0.44, 0.00, -2.27),Yaw: 339.7,1,0,0,1
4955.812,68,(0.44, 0.00, -2.28),Yaw: 340.0913,1,0,0,1
4956.324,68,(0.44, 0.00, -2.28),Yaw: 340.5111,1,0,0,1
4956.836,68,(0.44, 0.00, -2.28),Yaw: 340.3088,1,0,0,1
4957.348,68,(0.44, 0.00, -2.28),Yaw: 340.373,1,0,0,1
4957.86,68,(0.44, 0.00, -2.28),Yaw: 340.1748,1,0,0,1
4958.373,68,(0.44, 0.00, -2.28),Yaw: 340.3015,0,1,0,0
4958.885,68,(0.44, 0.00, -2.28),Yaw: 339.2266,0,1,0,0
4959.398,68,(0.31, 0.00, -2.14),Yaw: 340.7424,1,0,1,0
4959.91,68,(0.31, 0.00, -2.14),Yaw: 341.2477,1,0,1,0
4960.411,68,(0.31, 0.00, -2.14),Yaw: 340.7827,1,0,1,0
4960.923,68,(0.31, 0.00, -2.14),Yaw: 340.7124,1,0,1,0
4961.436,68,(0.31, 0.00, -2.14),Yaw: 340.5739,1,0,1,0
4961.948,68,(0.31, 0.00, -2.14),Yaw: 340.5748,0,0,0,1
4962.448,68,(0.31, 0.00, -2.14),Yaw: 340.467,0,0,0,1
4962.948,68,(0.31, 0.00, -2.14),Yaw: 340.6087,0,0,0,1
4963.46,68,(0.31, 0.00, -2.14),Yaw: 340.6305,0,1,0,0
4963.973,68,(0.31, 0.00, -2.14),Yaw: 340.6543,0,0,0,1
4964.486,68,(0.31, 0.00, -2.14),Yaw: 340.4987,0,0,1,1
4964.986,68,(0.31, 0.00, -2.14),Yaw: 340.3823,0,0,0,1
4965.498,68,(0.31, 0.00, -2.14),Yaw: 340.3315,0,0,0,1
4966.011,68,(0.31, 0.00, -2.14),Yaw: 340.2861,0,0,0,1
4966.511,68,(0.31, 0.00, -2.14),Yaw: 340.2103,0,0,0,1
4967.012,68,(0.31, 0.00, -2.14),Yaw: 340.071,0,0,0,1
4967.523,68,(0.31, 0.00, -2.14),Yaw: 339.4351,0,0,0,1
4968.036,68,(0.20, 0.00, -1.84),Yaw: 343.3067,0,1,1,1
4968.536,68,(0.20, 0.00, -1.86),Yaw: 342.3918,0,1,1,1
4969.048,68,(0.20, 0.00, -1.86),Yaw: 340.9601,1,0,1,1
4969.56,68,(0.20, 0.00, -1.86),Yaw: 340.4737,1,0,1,1
4970.061,68,(0.20, 0.00, -1.86),Yaw: 339.6547,0,0,1,1
4970.573,68,(0.11, 0.00, -1.61),Yaw: 340.1132,0,1,0,1
4971.085,68,(0.13, 0.00, -1.64),Yaw: 339.3154,0,0,0,1
4971.585,68,(0.11, 0.00, -1.52),Yaw: 340.2222,0,1,0,1
4972.085,68,(0.12, 0.00, -1.54),Yaw: 340.8222,0,0,0,1
4972.598,68,(0.12, 0.00, -1.54),Yaw: 341.4764,0,1,0,1
4973.098,68,(0.12, 0.00, -1.54),Yaw: 343.972,0,0,0,1
4973.598,68,(0.13, 0.00, -1.54),Yaw: 343.0492,0,1,0,1
4974.098,68,(0.13, 0.00, -1.54),Yaw: 342.7395,1,0,1,1
4974.611,68,(0.08, 0.00, -1.39),Yaw: 347.0076,0,1,0,1
4975.124,68,(0.08, 0.00, -1.39),Yaw: 346.6819,0,0,1,1
4975.636,68,(0.07, 0.00, -1.26),Yaw: 349.7756,1,0,1,1
4976.148,68,(0.09, 0.00, -1.23),Yaw: 347.74,1,0,1,1
4976.661,68,(0.09, 0.00, -1.05),Yaw: 350.487,0,0,0,1
4977.161,68,(0.12, 0.00, -1.06),Yaw: 349.1537,0,0,1,1
4977.673,68,(0.09, 0.00, -0.92),Yaw: 349.9867,0,0,1,0
4978.173,68,(0.14, 0.00, -0.85),Yaw: 347.3182,0,0,1,0
4978.675,68,(0.02, 0.00, -0.69),Yaw: 348.3103,0,0,1,0
4979.186,68,(-0.05, 0.00, -0.26),Yaw: 347.2579,0,0,1,0
4979.699,68,(-0.05, 0.00, -0.26),Yaw: 348.2342,0,1,0,0
4980.211,68,(-0.05, 0.00, -0.26),Yaw: 342.9182,0,1,0,0
4980.724,68,(-0.05, 0.00, -0.26),Yaw: 338.8631,0,1,0,0
4981.236,68,(-0.05, 0.00, -0.26),Yaw: 340.0838,0,1,0,0
4981.736,68,(-4.84, 0.00, -8.75),Yaw: 338.8695,0,0,0,0
4982.249,68,(-4.84, 0.00, -8.75),Yaw: 341.0853,0,0,0,0
4982.749,68,(-4.84, 0.00, -8.75),Yaw: 359.6719,0,0,0,0
4983.262,68,(-4.84, 0.00, -8.75),Yaw: 17.65991,0,1,0,0
4983.773,68,(-4.81, 0.00, -8.72),Yaw: 24.20979,0,1,0,0
4984.273,68,(-4.24, 0.00, -8.32),Yaw: 22.04485,0,0,1,0
4984.773,68,(-4.24, 0.00, -8.32),Yaw: 21.25155,0,1,0,0
4985.286,68,(-3.97, 0.00, -7.95),Yaw: 27.96521,0,0,1,0
4985.798,68,(-4.00, 0.00, -7.95),Yaw: 26.59191,1,0,0,0
4986.311,68,(-3.80, 0.00, -7.55),Yaw: 25.72377,0,1,0,0
4986.811,68,(-3.72, 0.00, -7.37),Yaw: 23.32179,1,0,0,0
4987.323,68,(-3.72, 0.00, -7.37),Yaw: 18.59122,0,1,0,0
4987.836,68,(-3.48, 0.00, -6.68),Yaw: 21.3931,0,1,0,0
4988.348,68,(-3.47, 0.00, -6.55),Yaw: 20.94231,0,1,0,0
4988.848,68,(-3.48, 0.00, -6.40),Yaw: 24.1469,0,1,0,0
4989.36,68,(-3.19, 0.00, -5.60),Yaw: 33.21571,0,1,0,0
4989.861,68,(-3.28, 0.00, -5.69),Yaw: 52.73673,1,0,0,0
4990.374,68,(-2.91, 0.00, -5.10),Yaw: 54.9364,0,1,0,0
4990.874,68,(-2.96, 0.00, -5.25),Yaw: 42.59908,0,1,0,0
4991.386,68,(-2.86, 0.00, -5.05),Yaw: 35.27974,0,1,0,0
4991.898,68,(-2.70, 0.00, -4.73),Yaw: 35.80574,0,1,0,0
4992.411,68,(-2.67, 0.00, -4.65),Yaw: 33.26449,0,1,0,0
4992.911,68,(-2.36, 0.00, -4.33),Yaw: 32.97079,0,1,0,0
4993.412,68,(-2.36, 0.00, -4.30),Yaw: 28.09072,0,1,0,0
4993.924,68,(-2.03, 0.00, -3.87),Yaw: 28.25841,0,1,0,0
4994.436,68,(-2.03, 0.00, -3.87),Yaw: 24.06825,0,1,0,0
4994.936,68,(-1.74, 0.00, -3.30),Yaw: 25.88258,0,1,0,0
4995.448,68,(-1.75, 0.00, -3.34),Yaw: 24.16071,0,1,0,0
4995.96,68,(-1.48, 0.00, -2.71),Yaw: 28.56983,0,1,1,0
4996.461,68,(-1.40, 0.00, -2.60),Yaw: 27.99544,0,1,0,0
4996.961,68,(-1.20, 0.00, -2.18),Yaw: 28.71266,1,0,0,0
4997.461,68,(-1.00, 0.00, -1.98),Yaw: 31.19136,1,0,0,0
4997.961,68,(-0.97, 0.00, -1.91),Yaw: 31.01018,1,1,0,0
4998.473,68,(-0.76, 0.00, -1.68),Yaw: 34.21275,1,0,0,0
4998.973,68,(-0.80, 0.00, -1.74),Yaw: 32.43757,1,0,1,0
4999.473,68,(-0.80, 0.00, -1.74),Yaw: 28.9508,1,0,1,0
4999.986,68,(-0.80, 0.00, -1.74),Yaw: 29.91879,1,1,0,0
5000.486,68,(-0.80, 0.00, -1.74),Yaw: 29.8396,1,0,1,1
5000.998,68,(-0.80, 0.00, -1.75),Yaw: 30.53224,0,1,0,0
5001.498,68,(-0.80, 0.00, -1.75),Yaw: 29.88314,0,1,0,0
5001.998,68,(-0.80, 0.00, -1.74),Yaw: 27.12288,0,0,1,0
5002.499,68,(-0.80, 0.00, -1.76),Yaw: 32.89524,0,1,0,0
5003.011,68,(-0.80, 0.00, -1.76),Yaw: 29.89377,0,1,0,0
5003.524,68,(-0.80, 0.00, -1.76),Yaw: 30.51139,0,1,0,0
5004.036,68,(-0.80, 0.00, -1.76),Yaw: 29.62229,0,1,0,0
5004.537,68,(-0.80, 0.00, -1.76),Yaw: 29.37608,0,1,0,0
5005.048,68,(-0.80, 0.00, -1.76),Yaw: 29.38478,0,1,0,0
5005.561,68,(-0.76, 0.00, -1.65),Yaw: 30.181,0,1,0,0
5006.073,68,(-0.64, 0.00, -1.45),Yaw: 30.5942,0,0,1,1
5006.585,68,(-0.62, 0.00, -1.42),Yaw: 30.22803,0,0,1,1
5007.086,68,(-0.41, 0.00, -1.07),Yaw: 31.92309,0,1,1,0
5007.586,68,(-0.40, 0.00, -1.02),Yaw: 29.99523,1,0,1,0
5008.099,68,(-0.20, 0.00, -0.68),Yaw: 32.30688,0,1,0,0
5008.611,68,(-0.20, 0.00, -0.68),Yaw: 28.16781,0,1,1,0
5009.124,68,(-0.20, 0.00, -0.68),Yaw: 13.26447,0,1,1,0
5009.636,68,(-0.20, 0.00, -0.68),Yaw: 2.871705,1,1,1,0
5010.136,68,(-0.20, 0.00, -0.68),Yaw: 357.593,1,1,1,0
5010.649,68,(-0.20, 0.00, -0.68),Yaw: 352.74,1,1,0,0
5011.161,68,(-0.85, 0.00, -9.96),Yaw: 349.6074,0,0,0,0
5011.661,68,(-0.85, 0.00, -9.96),Yaw: 354.2751,0,0,0,0
5012.161,68,(-0.85, 0.00, -9.87),Yaw: 352.6973,0,0,0,0
5012.674,68,(-0.92, 0.00, -9.51),Yaw: 356.1524,0,0,0,0
5013.187,68,(-0.92, 0.00, -9.51),Yaw: 0.07115006,0,0,0,0
5013.699,68,(-0.92, 0.00, -9.51),Yaw: 3.271772,0,0,0,0
5014.211,68,(-0.87, 0.00, -9.28),Yaw: 3.787751,0,0,0,0
5014.724,68,(-0.89, 0.00, -9.14),Yaw: 3.122534,0,0,0,0
5015.236,68,(-0.92, 0.00, -8.88),Yaw: 3.123592,0,0,0,0
5015.736,68,(-0.97, 0.00, -8.75),Yaw: 1.519937,0,0,0,0
5016.249,68,(-0.89, 0.00, -8.32),Yaw: 0.7238058,0,0,0,0
5016.761,68,(-0.89, 0.00, -8.32),Yaw: 359.363,0,0,0,0
5017.261,68,(-0.88, 0.00, -8.02),Yaw: 3.190775,0,0,0,0
5017.764,68,(-0.91, 0.00, -7.96),Yaw: 4.678836,0,0,0,0
5018.273,68,(-0.91, 0.00, -7.81),Yaw: 4.896698,0,0,0,0
5018.786,68,(-0.93, 0.00, -7.80),Yaw: 4.079007,0,0,0,0
5019.287,68,(-0.99, 0.00, -7.65),Yaw: 5.710725,0,0,0,0
5019.799,68,(-0.99, 0.00, -7.65),Yaw: 8.338838,0,0,0,0
5020.311,68,(-0.89, 0.00, -7.46),Yaw: 8.41747,0,0,0,0
5020.811,68,(-0.88, 0.00, -7.49),Yaw: 3.038618,0,0,0,0
5021.324,68,(-0.91, 0.00, -6.87),Yaw: 5.70998,0,0,0,0
5021.824,68,(-0.93, 0.00, -6.85),Yaw: 6.903449,0,0,0,0
5022.324,68,(-0.93, 0.00, -6.48),Yaw: 8.876884,0,0,0,0
5022.836,68,(-0.76, 0.00, -5.97),Yaw: 10.85719,0,0,0,0
5023.349,68,(-0.76, 0.00, -5.98),Yaw: 5.064573,0,0,0,0
5023.861,68,(-0.79, 0.00, -5.52),Yaw: 7.545811,0,0,0,0
5024.361,68,(-0.65, 0.00, -4.91),Yaw: 12.23886,0,0,0,0
5024.874,68,(-0.64, 0.00, -4.95),Yaw: 8.008929,0,0,0,0
5025.374,68,(-0.59, 0.00, -4.95),Yaw: 8.836904,0,0,0,0
5025.875,68,(-0.76, 0.00, -4.03),Yaw: 11.40044,0,0,0,0
5026.386,68,(-0.64, 0.00, -3.63),Yaw: 13.92365,0,0,0,0
5026.886,68,(-0.69, 0.00, -3.75),Yaw: 10.02127,0,0,0,0
5027.398,68,(-0.69, 0.00, -3.75),Yaw: 7.540315,0,0,0,0
5027.898,68,(-0.77, 0.00, -2.87),Yaw: 10.16144,0,0,0,0
5028.411,68,(-0.59, 0.00, -2.47),Yaw: 14.46289,1,0,0,0
5028.923,68,(-0.62, 0.00, -2.51),Yaw: 15.48988,1,0,0,0
5029.423,68,(-0.62, 0.00, -2.51),Yaw: 15.05334,1,0,0,0
5029.924,68,(-0.62, 0.00, -2.51),Yaw: 13.30531,1,0,0,0
5030.437,68,(-0.62, 0.00, -2.51),Yaw: 10.90563,1,0,0,0
5030.949,68,(-0.63, 0.00, -2.51),Yaw: 11.62555,1,0,1,0
5031.46,68,(-0.79, 0.00, -1.79),Yaw: 14.15399,1,0,0,0
5031.961,68,(-0.80, 0.00, -1.76),Yaw: 17.0729,1,0,0,0
5032.473,68,(-0.80, 0.00, -1.76),Yaw: 17.5321,1,0,0,0
5032.986,68,(-0.80, 0.00, -1.76),Yaw: 15.54358,1,0,0,0
5033.486,68,(-0.80, 0.00, -1.76),Yaw: 9.832532,1,0,0,0
5033.986,68,(-0.80, 0.00, -1.65),Yaw: 13.73444,1,0,0,0
5034.486,68,(-0.78, 0.00, -1.36),Yaw: 28.70425,1,0,0,0
5034.999,68,(-0.82, 0.00, -1.36),Yaw: 35.37803,1,0,0,0
5035.499,68,(-0.83, 0.00, -1.40),Yaw: 33.22631,1,0,0,0
5035.999,68,(-0.83, 0.00, -1.40),Yaw: 31.43221,1,0,1,0
5036.511,68,(-0.83, 0.00, -1.40),Yaw: 32.52994,1,1,0,1
5037.012,68,(-0.83, 0.00, -1.40),Yaw: 31.57777,1,1,0,0
5037.524,68,(-0.83, 0.00, -1.40),Yaw: 31.71968,1,0,0,0
5038.037,68,(-0.83, 0.00, -1.40),Yaw: 31.41869,1,0,1,0
5038.548,68,(-0.83, 0.00, -1.40),Yaw: 31.09794,1,1,0,0
5039.061,68,(-0.83, 0.00, -1.40),Yaw: 28.22253,1,1,0,0
5039.561,68,(-0.83, 0.00, -1.40),Yaw: 31.41253,1,1,0,0
5040.061,68,(-0.83, 0.00, -1.40),Yaw: 32.42943,1,1,0,0
5040.573,68,(-0.82, 0.00, -1.28),Yaw: 32.28874,1,1,0,0
5041.074,68,(-0.81, 0.00, -1.26),Yaw: 32.98762,0,1,0,1
5041.587,68,(-0.81, 0.00, -1.27),Yaw: 31.43833,1,1,0,0
5042.099,68,(-0.81, 0.00, -1.27),Yaw: 32.1969,0,1,1,0
5042.612,68,(-0.81, 0.00, -1.27),Yaw: 32.19418,1,1,0,0
5043.124,68,(-0.81, 0.00, -1.27),Yaw: 32.04595,1,1,0,1
5043.636,68,(-0.81, 0.00, -1.27),Yaw: 31.79802,1,0,0,1
5044.136,68,(-0.81, 0.00, -1.27),Yaw: 31.70385,1,0,0,1
5044.648,68,(-0.81, 0.00, -1.27),Yaw: 27.26317,1,0,0,1
5045.161,68,(-0.76, 0.00, -1.27),Yaw: 28.99318,1,0,0,1
5045.673,68,(-0.66, 0.00, -1.20),Yaw: 32.09074,1,0,0,0
5046.174,68,(-0.75, 0.00, -1.07),Yaw: 33.04933,1,0,0,0
5046.686,68,(-0.76, 0.00, -1.09),Yaw: 35.79765,1,0,0,0
5047.186,68,(-0.76, 0.00, -1.09),Yaw: 34.60094,1,1,0,0
5047.686,68,(-0.76, 0.00, -1.09),Yaw: 34.2986,0,0,0,0
5048.186,68,(-0.76, 0.00, -1.09),Yaw: 30.7838,0,1,0,0
5048.699,68,(-0.51, 0.00, -1.05),Yaw: 32.13045,0,0,1,0
5049.211,68,(-0.49, 0.00, -0.99),Yaw: 33.37836,0,1,0,0
5049.711,68,(-0.49, 0.00, -0.99),Yaw: 31.24603,0,1,0,0
5050.212,68,(-0.48, 0.00, -0.98),Yaw: 30.37712,0,1,0,0
5050.724,68,(-0.45, 0.00, -0.98),Yaw: 30.18978,0,1,0,0
5051.236,68,(-0.45, 0.00, -0.98),Yaw: 33.55043,0,1,0,0
5051.749,68,(-0.45, 0.00, -0.98),Yaw: 30.55066,0,1,0,0
5052.249,68,(-0.45, 0.00, -0.98),Yaw: 31.18674,0,1,0,0
5052.749,68,(-0.37, 0.00, -0.86),Yaw: 32.9765,0,1,0,0
5053.249,68,(-0.35, 0.00, -0.84),Yaw: 33.49069,0,1,0,0
5053.749,68,(-0.35, 0.00, -0.84),Yaw: 28.41863,0,1,0,0
5054.261,68,(-0.35, 0.00, -0.84),Yaw: 32.45609,0,1,0,0
5054.774,68,(-0.35, 0.00, -0.84),Yaw: 36.27551,0,1,0,0
5055.286,68,(-0.35, 0.00, -0.84),Yaw: 58.60857,1,1,0,0
5055.799,68,(-0.35, 0.00, -0.84),Yaw: 49.72067,1,1,0,0
5056.299,68,(-0.34, 0.00, -0.83),Yaw: 47.48642,1,1,0,0
5056.799,68,(-0.34, 0.00, -0.83),Yaw: 42.80313,1,1,0,0
5057.299,68,(-0.34, 0.00, -0.83),Yaw: 43.17319,1,1,0,0
5057.799,68,(-0.34, 0.00, -0.83),Yaw: 42.11932,1,1,0,0
5058.312,68,(-0.34, 0.00, -0.83),Yaw: 42.51969,1,0,1,0
5058.824,68,(-0.34, 0.00, -0.83),Yaw: 37.90463,1,0,1,0
5059.336,68,(-0.34, 0.00, -0.83),Yaw: 38.39404,1,0,1,0
5059.849,68,(-0.15, 0.00, -0.78),Yaw: 40.69643,1,0,0,0
5060.361,68,(-0.16, 0.00, -0.78),Yaw: 32.12241,1,0,0,0
5060.861,68,(-0.16, 0.00, -0.78),Yaw: 31.45267,1,1,0,0
5061.361,68,(-0.07, 0.00, -0.83),Yaw: 28.69186,1,0,1,0
5061.875,68,(-0.07, 0.00, -0.83),Yaw: 21.44895,1,0,1,0
5062.387,68,(-0.08, 0.00, -0.64),Yaw: 9.138493,0,1,1,0
5062.887,68,(-0.06, 0.00, -0.45),Yaw: 10.64649,1,0,1,0
5063.399,68,(0.49, 0.00, -9.99),Yaw: 9.438754,0,0,0,0
5063.899,68,(0.49, 0.00, -9.99),Yaw: 5.735624,0,0,0,0
5064.412,68,(0.49, 0.00, -9.99),Yaw: 4.298519,0,0,0,0
5064.915,68,(0.49, 0.00, -9.99),Yaw: 357.072,0,0,0,0
5065.424,68,(-1.87, 0.00, -9.82),Yaw: 357.0977,0,0,0,0
5065.924,68,(-1.87, 0.00, -9.82),Yaw: 359.194,0,0,0,0
5066.437,68,(-1.87, 0.00, -9.82),Yaw: 7.555598,0,0,0,0
5066.949,68,(-1.87, 0.00, -9.82),Yaw: 6.968716,0,0,0,0
5067.449,68,(-1.87, 0.00, -9.82),Yaw: 8.259024,0,0,0,0
5067.961,68,(-1.87, 0.00, -9.82),Yaw: 14.95777,0,0,0,0
5068.474,68,(-1.87, 0.00, -9.82),Yaw: 15.47325,0,0,0,1
5068.986,68,(-1.87, 0.00, -9.82),Yaw: 14.61875,1,0,0,0
5069.491,68,(-1.89, 0.00, -9.82),Yaw: 13.1466,0,0,0,0
5069.998,68,(-1.96, 0.00, -9.22),Yaw: 14.24785,0,0,0,0
5070.499,68,(-1.82, 0.00, -8.77),Yaw: 15.54448,0,0,0,0
5071.012,68,(-1.80, 0.00, -8.74),Yaw: 16.19283,0,0,0,0
5071.524,68,(-1.80, 0.00, -8.74),Yaw: 11.8128,0,0,0,0
5072.036,68,(-1.80, 0.00, -8.74),Yaw: 7.719442,0,0,0,0
5072.537,68,(-1.80, 0.00, -8.74),Yaw: 7.850692,0,0,0,0
5073.049,68,(-1.67, 0.00, -8.36),Yaw: 13.27226,0,0,0,0
5073.561,68,(-1.61, 0.00, -8.29),Yaw: 12.347,0,0,0,0
5074.061,68,(-1.61, 0.00, -8.26),Yaw: 13.1365,0,0,0,0
5074.561,68,(-1.36, 0.00, -7.69),Yaw: 16.17819,0,0,0,0
5075.062,68,(-1.35, 0.00, -7.79),Yaw: 12.27333,0,0,0,0
5075.562,68,(-1.31, 0.00, -7.68),Yaw: 11.39758,0,0,0,0
5076.074,68,(-1.22, 0.00, -7.53),Yaw: 11.70325,0,0,0,0
5076.574,68,(-1.22, 0.00, -7.53),Yaw: 6.098929,0,0,0,0
5077.086,68,(-1.22, 0.00, -7.53),Yaw: 7.856764,0,0,1,0
5077.587,68,(-1.14, 0.00, -6.78),Yaw: 12.51667,0,0,0,0
5078.099,68,(-0.93, 0.00, -6.31),Yaw: 14.4364,0,0,0,0
5078.613,68,(-0.93, 0.00, -6.35),Yaw: 8.908469,0,0,0,0
5079.125,68,(-0.93, 0.00, -6.35),Yaw: 5.748339,0,0,1,0
5079.637,68,(-0.95, 0.00, -6.30),Yaw: 9.817176,0,1,0,0
5080.148,68,(-0.80, 0.00, -5.35),Yaw: 13.49295,1,0,0,0
5080.649,68,(-0.72, 0.00, -5.03),Yaw: 13.01195,1,0,0,0
5081.161,68,(-0.68, 0.00, -5.15),Yaw: 12.02974,0,0,1,0
5081.661,68,(-0.68, 0.00, -5.15),Yaw: 9.511266,0,1,0,0
5082.162,68,(-0.72, 0.00, -5.11),Yaw: 10.99054,0,1,0,0
5082.674,68,(-0.66, 0.00, -4.34),Yaw: 14.98622,0,0,0,0
5083.174,68,(-0.51, 0.00, -3.85),Yaw: 17.16487,0,0,0,0
5083.687,68,(-0.51, 0.00, -3.90),Yaw: 15.5888,0,1,0,0
5084.199,68,(-0.51, 0.00, -3.90),Yaw: 12.46984,0,1,0,0
5084.711,68,(-0.51, 0.00, -3.87),Yaw: 13.01642,0,1,0,0
5085.211,68,(-0.58, 0.00, -3.00),Yaw: 14.79153,1,0,0,0
5085.724,68,(-0.71, 0.00, -2.79),Yaw: 13.4389,1,0,0,0
5086.224,68,(-0.71, 0.00, -2.79),Yaw: 15.42295,1,0,0,0
5086.724,68,(-0.71, 0.00, -2.79),Yaw: 15.38833,0,0,0,0
5087.236,68,(-0.71, 0.00, -2.79),Yaw: 15.51799,0,0,0,0
5087.736,68,(-0.71, 0.00, -2.79),Yaw: 15.38771,0,0,0,0
5088.249,68,(-0.71, 0.00, -2.79),Yaw: 10.57498,0,0,1,0
5088.749,68,(-0.71, 0.00, -2.74),Yaw: 11.80505,0,1,0,0
5089.261,68,(-0.60, 0.00, -2.04),Yaw: 16.7245,1,1,0,0
5089.773,68,(-0.53, 0.00, -2.05),Yaw: 17.89776,1,1,0,0
5090.273,68,(-0.55, 0.00, -2.05),Yaw: 18.71536,0,1,1,0
5090.774,68,(-0.55, 0.00, -2.05),Yaw: 15.90669,0,1,0,0
5091.286,68,(-0.55, 0.00, -2.05),Yaw: 15.53042,0,0,1,0
5091.786,68,(-0.55, 0.00, -2.05),Yaw: 16.25876,0,1,0,0
5092.299,68,(-0.55, 0.00, -2.05),Yaw: 15.8832,0,1,0,0
5092.811,68,(-0.55, 0.00, -2.05),Yaw: 15.80162,0,1,0,0
5093.311,68,(-0.55, 0.00, -2.05),Yaw: 15.72337,1,0,1,0
5093.815,68,(-0.55, 0.00, -2.05),Yaw: 15.67047,1,1,0,0
5094.324,68,(-0.55, 0.00, -2.05),Yaw: 15.51171,1,1,0,0
5094.836,68,(-0.55, 0.00, -2.05),Yaw: 15.45109,1,0,0,0
5095.349,68,(-0.56, 0.00, -2.05),Yaw: 15.38308,1,0,0,1
5095.861,68,(-0.57, 0.00, -2.01),Yaw: 18.89233,1,0,0,1
5096.361,68,(-0.58, 0.00, -2.01),Yaw: 17.41832,1,0,0,1
5096.861,68,(-0.58, 0.00, -2.01),Yaw: 12.03333,1,0,0,0
5097.361,68,(-0.58, 0.00, -2.01),Yaw: 11.98005,1,0,0,0
5097.874,68,(-0.58, 0.00, -2.01),Yaw: 13.01538,1,1,0,0
5098.386,68,(-0.58, 0.00, -2.01),Yaw: 12.46018,0,1,1,0
5098.899,68,(-0.58, 0.00, -2.01),Yaw: 12.36484,0,1,1,1
5099.4,68,(-0.58, 0.00, -2.01),Yaw: 12.03462,1,0,0,0
5099.911,68,(-0.58, 0.00, -2.01),Yaw: 11.88456,1,0,0,0
5100.411,68,(-0.58, 0.00, -2.01),Yaw: 11.88187,0,1,0,0
5100.911,68,(-0.58, 0.00, -2.01),Yaw: 11.76627,0,1,0,1
5101.412,68,(-0.58, 0.00, -2.01),Yaw: 11.51542,0,1,0,0
5101.924,68,(-0.58, 0.00, -2.01),Yaw: 11.53661,0,1,0,0
5102.436,68,(-0.58, 0.00, -2.01),Yaw: 11.50734,0,1,0,0
5102.937,68,(-0.58, 0.00, -2.01),Yaw: 11.35529,0,1,0,0
5103.438,68,(-0.58, 0.00, -2.01),Yaw: 11.31769,0,1,0,0
5103.948,68,(-0.52, 0.00, -1.70),Yaw: 13.97222,1,1,0,0
5104.448,68,(-0.51, 0.00, -1.69),Yaw: 17.32703,0,1,0,0
5104.948,68,(-0.51, 0.00, -1.69),Yaw: 17.17945,0,1,0,0
5105.449,68,(-0.51, 0.00, -1.69),Yaw: 19.12487,0,1,0,0
5105.961,68,(-0.51, 0.00, -1.69),Yaw: 18.02789,0,1,0,0
5106.461,68,(-0.51, 0.00, -1.69),Yaw: 17.59615,1,0,0,0
5106.961,68,(-0.51, 0.00, -1.69),Yaw: 16.61829,1,0,0,0
5107.474,68,(-0.51, 0.00, -1.69),Yaw: 8.429297,1,0,0,0
5107.986,68,(-0.51, 0.00, -1.69),Yaw: 11.3751,1,1,0,0
5108.499,68,(-0.62, 0.00, -1.37),Yaw: 13.85704,1,1,0,0
5109.012,68,(-0.23, 0.02, -0.70),Yaw: 17.93108,0,0,1,0
5109.524,68,(-0.23, 0.02, -0.71),Yaw: 16.45712,0,0,1,0
5110.037,68,(-0.23, 0.02, -0.71),Yaw: 15.26458,0,0,1,0
5110.537,68,(-0.23, 0.02, -0.71),Yaw: 17.84744,0,0,1,0
5111.049,68,(-0.23, 0.02, -0.71),Yaw: 25.55998,0,1,0,0
5111.549,68,(-0.23, 0.02, -0.71),Yaw: 22.54371,0,1,0,0
5112.062,68,(-4.04, 0.00, -9.15),Yaw: 17.07039,0,0,0,0
5112.562,68,(-4.04, 0.00, -9.15),Yaw: 15.97448,0,0,0,0
5113.074,68,(-4.04, 0.00, -9.15),Yaw: 17.15872,0,0,0,0
5113.587,68,(-3.94, 0.00, -8.99),Yaw: 20.69622,0,0,0,0
5114.099,68,(-3.43, 0.00, -8.26),Yaw: 25.83849,0,0,0,0
5114.612,68,(-3.45, 0.00, -8.48),Yaw: 22.8607,0,0,0,0
5115.124,68,(-3.40, 0.00, -7.79),Yaw: 24.37063,0,0,0,0
5115.636,68,(-3.40, 0.00, -7.83),Yaw: 22.52448,0,0,0,0
5116.136,68,(-2.95, 0.00, -7.33),Yaw: 20.87645,0,0,0,0
5116.649,68,(-2.96, 0.00, -7.29),Yaw: 10.11644,0,0,0,0
5117.162,68,(-2.72, 0.00, -6.64),Yaw: 12.72549,0,0,0,0
5117.674,68,(-2.67, 0.00, -6.43),Yaw: 13.99644,0,0,0,0
5118.174,68,(-2.58, 0.00, -6.11),Yaw: 12.27294,0,0,0,0
5118.686,68,(-2.49, 0.00, -5.91),Yaw: 7.912196,0,0,0,0
5119.187,68,(-2.35, 0.00, -5.88),Yaw: 7.125103,0,0,0,0
5119.688,68,(-2.35, 0.00, -5.88),Yaw: 9.340938,0,0,0,0
5120.199,68,(-2.35, 0.00, -5.88),Yaw: 13.78477,0,0,0,0
5120.699,68,(-2.35, 0.00, -5.88),Yaw: 16.29573,0,0,0,0
5121.211,68,(-2.35, 0.00, -5.88),Yaw: 19.44906,0,0,1,0
5121.711,68,(-2.35, 0.00, -5.88),Yaw: 23.49603,0,0,1,0
5122.212,68,(-2.35, 0.00, -5.88),Yaw: 21.60137,0,1,0,0
5122.724,68,(-2.35, 0.00, -5.88),Yaw: 20.26254,1,0,0,0
5123.236,68,(-2.35, 0.00, -5.88),Yaw: 20.78125,1,0,0,0
5123.736,68,(-2.35, 0.00, -5.86),Yaw: 21.40005,0,0,0,0
5124.237,68,(-2.25, 0.00, -5.63),Yaw: 21.15491,0,0,0,0
5124.737,68,(-2.25, 0.00, -5.62),Yaw: 20.86703,0,0,0,0
5125.249,68,(-2.01, 0.00, -5.10),Yaw: 19.46744,1,0,0,0
5125.762,68,(-2.02, 0.00, -5.16),Yaw: 20.61366,0,1,0,0
5126.274,68,(-1.94, 0.00, -4.80),Yaw: 19.20551,0,1,0,0
5126.787,68,(-1.80, 0.00, -4.60),Yaw: 20.38296,0,0,0,0
5127.287,68,(-1.80, 0.00, -4.58),Yaw: 20.67949,0,0,0,0
5127.799,68,(-1.55, 0.00, -4.13),Yaw: 20.375,0,0,0,0
5128.3,68,(-1.52, 0.00, -4.10),Yaw: 21.24795,0,0,0,0
5128.812,68,(-1.43, 0.00, -3.91),Yaw: 20.56578,0,0,0,0
5129.312,68,(-1.26, 0.00, -3.68),Yaw: 20.32357,0,0,0,0
5129.812,68,(-1.26, 0.00, -3.67),Yaw: 20.4991,0,0,0,1
5130.325,68,(-1.12, 0.00, -3.32),Yaw: 19.26241,1,0,0,0
5130.836,68,(-1.12, 0.00, -3.33),Yaw: 20.23453,0,0,0,0
5131.349,68,(-0.99, 0.00, -2.92),Yaw: 19.56334,0,0,0,0
5131.861,68,(-1.04, 0.00, -2.92),Yaw: 21.87992,0,0,0,0
5132.362,68,(-1.04, 0.00, -2.85),Yaw: 21.47237,0,0,0,0
5132.874,68,(-0.92, 0.00, -2.42),Yaw: 21.83229,0,0,0,0
5133.375,68,(-0.92, 0.00, -2.42),Yaw: 23.47903,0,0,0,0
5133.886,68,(-0.92, 0.00, -2.40),Yaw: 22.29678,0,0,0,0
5134.386,68,(-0.78, 0.00, -1.69),Yaw: 21.25793,1,0,0,0
5134.899,68,(-0.75, 0.00, -1.55),Yaw: 22.01306,1,0,0,0
5135.412,68,(-0.75, 0.00, -1.55),Yaw: 22.10617,1,0,0,0
5135.924,68,(-0.69, 0.00, -1.20),Yaw: 21.70374,0,1,0,0
5136.437,68,(-0.64, 0.00, -1.01),Yaw: 22.96472,0,1,0,0
5136.937,68,(-0.64, 0.00, -1.01),Yaw: 24.21387,0,1,0,0
5137.449,68,(-0.64, 0.00, -1.01),Yaw: 27.88534,0,1,0,0
5137.949,68,(-0.63, 0.00, -0.99),Yaw: 63.30086,1,0,0,0
5138.449,68,(-0.56, 0.00, -0.90),Yaw: 65.34612,1,0,0,0
5138.961,68,(-0.56, 0.00, -0.90),Yaw: 62.42463,1,0,0,0
5139.475,68,(-0.56, 0.00, -0.90),Yaw: 61.29667,1,0,0,0
5139.987,68,(-0.56, 0.00, -0.90),Yaw: 59.25311,1,0,0,0
5140.499,68,(-0.56, 0.00, -0.90),Yaw: 56.75207,1,1,0,0
5141.012,68,(-0.56, 0.00, -0.90),Yaw: 57.00965,1,0,1,0
5141.524,68,(-0.56, 0.00, -0.90),Yaw: 56.63708,1,0,1,0
5142.037,68,(-0.58, 0.00, -0.96),Yaw: 56.25792,0,0,1,0
5142.549,68,(-0.55, 0.00, -0.92),Yaw: 54.43068,0,0,1,0
5143.062,68,(-0.55, 0.00, -0.92),Yaw: 54.5623,0,1,0,0
5143.562,68,(-0.55, 0.00, -0.92),Yaw: 53.90677,0,1,0,0
5144.062,68,(-0.55, 0.00, -0.92),Yaw: 54.17713,1,1,0,0
5144.562,68,(-0.55, 0.00, -0.92),Yaw: 54.12815,1,1,0,0
5145.075,68,(-0.55, 0.00, -0.92),Yaw: 54.09306,1,1,0,0
5145.587,68,(-0.61, 0.00, -0.92),Yaw: 53.89309,1,1,0,0
5146.099,68,(-0.61, 0.00, -0.92),Yaw: 56.40447,0,1,0,0
5146.612,68,(-0.36, 0.00, -0.94),Yaw: 55.9422,0,0,1,0
5147.125,68,(-0.40, 0.00, -0.97),Yaw: 43.69855,0,1,0,0
5147.637,68,(-0.40, 0.00, -0.97),Yaw: 43.43785,0,1,0,0
5148.137,68,(-0.37, 0.00, -0.93),Yaw: 43.79366,1,0,0,0
5148.649,68,(-0.37, 0.00, -0.94),Yaw: 43.77225,1,1,0,1
5149.162,68,(-0.37, 0.00, -0.94),Yaw: 43.85212,1,1,0,1
5149.662,68,(-0.37, 0.00, -0.94),Yaw: 44.13294,1,1,1,0
5150.162,68,(-0.37, 0.00, -0.94),Yaw: 44.80266,0,1,1,0
5150.675,68,(-0.37, 0.00, -0.94),Yaw: 44.6447,1,1,1,0
5151.187,68,(-0.37, 0.00, -0.94),Yaw: 44.5542,1,1,0,0
5151.699,68,(-0.37, 0.00, -0.94),Yaw: 45.63134,0,1,0,0
5152.212,68,(-0.32, 0.00, -0.87),Yaw: 43.83438,1,1,0,0
5152.725,68,(-0.32, 0.00, -0.87),Yaw: 43.40124,1,1,0,0
5153.236,68,(-0.32, 0.00, -0.87),Yaw: 44.05243,1,1,0,0
5153.737,68,(-0.34, 0.00, -0.88),Yaw: 44.17726,0,1,0,0
5154.249,68,(-0.34, 0.00, -0.88),Yaw: 43.60177,0,1,0,0
5154.75,68,(-0.34, 0.00, -0.88),Yaw: 44.10728,1,1,0,0
5155.262,68,(-0.34, 0.00, -0.88),Yaw: 43.5164,0,1,0,0
5155.774,68,(-0.07, 0.00, -0.68),Yaw: 43.98732,0,1,0,1
5156.274,68,(-0.05, 0.00, -0.67),Yaw: 39.81748,1,1,0,0
5156.787,68,(-0.05, 0.00, -0.67),Yaw: 12.39093,1,0,1,0
5157.299,68,(-0.05, 0.00, -0.67),Yaw: 0.3100285,1,0,1,0
5157.812,68,(-0.05, 0.00, -0.67),Yaw: 356.7704,0,0,1,0
5158.325,68,(-0.05, 0.00, -0.67),Yaw: 355.1571,0,0,1,0
5158.836,68,(0.11, 0.00, -10.00),Yaw: 354.6777,0,0,0,0
5159.337,68,(0.11, 0.00, -10.00),Yaw: 355.0638,0,0,0,0
5159.849,68,(0.11, 0.00, -10.00),Yaw: 354.7045,0,0,0,0
5160.35,68,(0.11, 0.00, -10.00),Yaw: 354.8699,0,0,0,0
5160.85,68,(0.11, 0.00, -10.00),Yaw: 354.6798,0,0,0,0
5161.362,68,(0.11, 0.00, -10.00),Yaw: 354.7789,0,0,0,0
5161.875,68,(0.11, 0.00, -10.00),Yaw: 354.7834,0,0,0,0
5162.388,68,(0.11, 0.00, -10.00),Yaw: 352.4524,0,0,0,0
5162.899,68,(0.11, 0.00, -10.00),Yaw: 344.5814,0,0,0,0
5163.412,68,(0.11, 0.00, -10.00),Yaw: 343.7352,0,0,0,0
5163.924,68,(0.11, 0.00, -10.00),Yaw: 347.5151,0,0,0,0
5164.437,68,(0.11, 0.00, -10.00),Yaw: 343.146,0,0,0,0
5164.938,68,(0.11, 0.00, -10.00),Yaw: 354.7812,0,0,0,0
5165.44,68,(0.11, 0.00, -10.00),Yaw: 345.9231,0,0,0,0
5165.949,68,(0.11, 0.00, -10.00),Yaw: 336.4857,0,0,0,0
5166.449,68,(0.11, 0.00, -10.00),Yaw: 320.6063,0,0,0,0
5166.95,68,(0.11, 0.00, -10.00),Yaw: 329.1464,0,0,0,0
5167.45,68,(0.11, 0.00, -10.00),Yaw: 332.7012,0,0,0,0
5167.962,68,(0.11, 0.00, -10.00),Yaw: 327.8757,0,0,0,0
5168.475,68,(0.11, 0.00, -10.00),Yaw: 328.0851,0,0,0,0
5168.975,68,(0.11, 0.00, -10.00),Yaw: 329.7462,0,1,0,0
5169.475,68,(0.11, 0.00, -10.00),Yaw: 327.2754,0,0,0,0
5169.988,68,(0.11, 0.00, -10.00),Yaw: 327.3784,0,0,0,0
5170.5,68,(0.11, 0.00, -10.00),Yaw: 327.3279,0,0,0,0
5171.012,68,(0.11, 0.00, -10.00),Yaw: 325.223,0,0,0,0
5171.525,68,(0.11, 0.00, -10.00),Yaw: 320.3994,0,0,0,0
5172.037,68,(0.11, 0.00, -10.00),Yaw: 322.9492,0,0,0,0
5172.537,68,(0.11, 0.00, -10.00),Yaw: 323.3232,0,0,0,0
5173.05,68,(0.11, 0.00, -10.00),Yaw: 324.0591,0,0,0,0
5173.562,68,(0.11, 0.00, -10.00),Yaw: 323.8405,0,0,0,0
5174.062,68,(0.11, 0.00, -10.00),Yaw: 323.5672,0,0,0,0
5174.562,68,(0.11, 0.00, -10.00),Yaw: 323.4063,0,0,0,0
5175.075,68,(0.11, 0.00, -10.00),Yaw: 323.1284,0,0,0,0
5175.587,68,(0.11, 0.00, -10.00),Yaw: 323.2511,0,0,0,0
5176.1,68,(0.11, 0.00, -10.00),Yaw: 322.7971,0,0,0,0
5176.612,68,(0.11, 0.00, -10.00),Yaw: 322.968,0,0,0,0
5177.125,68,(0.11, 0.00, -10.00),Yaw: 323.0721,0,0,0,1
5177.637,68,(0.11, 0.00, -10.00),Yaw: 322.2619,0,0,0,0
5178.137,68,(0.11, 0.00, -10.00),Yaw: 321.5427,0,0,0,0
5178.637,68,(0.11, 0.00, -10.00),Yaw: 321.6637,0,0,0,0
5179.137,68,(0.11, 0.00, -10.00),Yaw: 322.1449,0,0,0,0
5179.649,68,(0.11, 0.00, -10.00),Yaw: 323.1455,0,0,0,0
5180.149,68,(0.11, 0.00, -10.00),Yaw: 324.1944,0,0,0,0
5180.662,68,(0.11, 0.00, -10.00),Yaw: 323.3893,0,0,0,0
5181.162,68,(0.11, 0.00, -10.00),Yaw: 323.5043,0,0,0,0
5181.674,68,(0.11, 0.00, -10.00),Yaw: 325.0613,0,1,0,0
5182.187,68,(0.11, 0.00, -10.00),Yaw: 326.7682,0,1,0,0
5182.687,68,(0.11, 0.00, -10.00),Yaw: 340.6613,0,1,0,0
5183.188,68,(0.11, 0.00, -10.00),Yaw: 331.8607,0,0,0,0
5183.7,68,(0.11, 0.00, -10.00),Yaw: 314.2227,0,0,0,0
5184.2,68,(0.11, 0.00, -10.00),Yaw: 297.6382,0,0,0,0
5184.7,68,(0.11, 0.00, -10.00),Yaw: 303.5816,0,0,0,0
5185.212,68,(0.11, 0.00, -10.00),Yaw: 307.336,0,0,0,0
5185.725,68,(0.11, 0.00, -10.00),Yaw: 310.0186,0,0,0,0
5186.237,68,(0.11, 0.00, -10.00),Yaw: 312.8748,0,0,0,0
5186.737,68,(0.11, 0.00, -10.00),Yaw: 315.7586,0,0,0,0
5187.25,68,(0.11, 0.00, -10.00),Yaw: 314.5518,0,0,0,0
5187.763,68,(0.11, 0.00, -10.00),Yaw: 315.0535,0,0,0,0
5188.275,68,(0.11, 0.00, -10.00),Yaw: 316.0514,0,0,0,0
5188.788,68,(0.11, 0.00, -10.00),Yaw: 314.8216,0,0,0,0
5189.288,68,(0.11, 0.00, -10.00),Yaw: 322.1834,0,0,0,0
5189.8,68,(0.11, 0.00, -10.00),Yaw: 343.6458,0,0,0,0
5190.312,68,(0.11, 0.00, -10.00),Yaw: 353.3896,0,0,0,0
5190.813,68,(0.11, 0.00, -10.00),Yaw: 348.2408,0,0,0,0
5191.325,68,(0.11, 0.00, -10.00),Yaw: 344.8394,0,0,0,0
5191.825,68,(0.11, 0.00, -10.00),Yaw: 343.8336,0,0,0,0
5192.325,68,(0.11, 0.00, -10.00),Yaw: 343.7651,0,0,0,0
5192.837,68,(0.11, 0.00, -10.00),Yaw: 342.9082,0,0,0,0
5193.337,68,(0.11, 0.00, -10.00),Yaw: 340.5231,0,0,0,0
5193.85,68,(0.11, 0.00, -10.00),Yaw: 334.591,0,0,0,0
5194.362,68,(-0.14, 0.00, -9.94),Yaw: 334.288,0,0,0,0
5194.874,68,(-0.56, 0.00, -9.31),Yaw: 351.2441,0,0,1,0
5195.375,68,(-0.56, 0.00, -9.31),Yaw: 352.6723,0,0,1,0
5195.875,68,(-0.55, 0.00, -9.31),Yaw: 354.8854,0,0,1,0
5196.387,68,(-0.76, 0.00, -8.36),Yaw: 353.2489,0,0,0,0
5196.899,68,(-0.80, 0.00, -8.40),Yaw: 354.8185,0,0,0,0
5197.4,68,(-0.80, 0.00, -8.40),Yaw: 355.5432,0,0,0,0
5197.9,68,(-0.96, 0.00, -7.55),Yaw: 354.1935,0,0,0,0
5198.412,68,(-0.91, 0.00, -7.35),Yaw: 355.5174,0,1,0,0
5198.925,68,(-0.92, 0.00, -7.29),Yaw: 354.1705,0,1,0,0
5199.437,68,(-1.23, 0.00, -6.41),Yaw: 350.8762,0,0,0,0
5199.938,68,(-1.24, 0.00, -6.35),Yaw: 9.586069,0,0,0,0
5200.45,68,(-1.19, 0.00, -6.02),Yaw: 16.70803,0,0,0,0
5200.962,68,(-0.84, 0.00, -5.59),Yaw: 11.76324,0,1,0,0
5201.475,68,(-1.00, 0.00, -6.05),Yaw: 7.534762,0,0,0,0
5201.987,68,(-0.90, 0.00, -5.36),Yaw: 11.79402,0,1,0,0
5202.5,68,(-0.80, 0.00, -5.12),Yaw: 20.95286,0,1,0,0
5203,68,(-0.80, 0.00, -5.12),Yaw: 19.11466,0,1,0,0
5203.512,68,(-0.76, 0.00, -4.56),Yaw: 18.9246,0,0,1,0
5204.024,68,(-0.72, 0.00, -4.04),Yaw: 19.07743,0,0,0,0
5204.537,68,(-0.77, 0.00, -4.20),Yaw: 22.47905,0,1,0,0
5205.037,68,(-0.76, 0.00, -4.13),Yaw: 21.23689,0,1,0,0
5205.549,68,(-0.67, 0.00, -3.32),Yaw: 18.95357,1,0,0,0
5206.049,68,(-0.70, 0.00, -3.38),Yaw: 19.02505,0,1,0,0
5206.549,68,(-0.70, 0.00, -3.38),Yaw: 14.64878,0,0,0,0
5207.062,68,(-0.56, 0.00, -2.81),Yaw: 11.85751,1,0,0,0
5207.562,68,(-0.58, 0.00, -2.88),Yaw: 11.80102,0,0,0,0
5208.074,68,(-0.58, 0.00, -2.87),Yaw: 11.53719,0,0,0,0
5208.587,68,(-0.45, 0.00, -2.21),Yaw: 8.755746,1,0,0,1
5209.087,68,(-0.45, 0.00, -2.21),Yaw: 9.57509,1,0,0,0
5209.587,68,(-0.45, 0.00, -2.21),Yaw: 11.55566,0,0,0,0
5210.1,68,(-0.45, 0.00, -2.21),Yaw: 11.16269,0,0,0,0
5210.612,68,(-0.45, 0.00, -2.21),Yaw: 11.6673,0,0,0,0
5211.125,68,(-0.45, 0.00, -2.21),Yaw: 11.48784,0,0,0,0
5211.637,68,(-0.45, 0.00, -2.21),Yaw: 10.83298,0,0,0,0
5212.149,68,(-0.45, 0.00, -2.21),Yaw: 10.96502,0,1,0,0
5212.649,68,(-0.45, 0.00, -2.21),Yaw: 11.02607,0,1,0,0
5213.162,68,(-0.45, 0.00, -2.21),Yaw: 10.86937,0,1,0,0
5213.662,68,(-0.45, 0.00, -2.21),Yaw: 10.92825,0,1,0,0
5214.162,68,(-0.45, 0.00, -2.21),Yaw: 10.91938,0,1,1,0
5214.675,68,(-0.45, 0.00, -2.21),Yaw: 10.82897,1,0,1,0
5215.188,68,(-0.45, 0.00, -2.21),Yaw: 10.86853,1,0,1,0
5215.7,68,(-0.45, 0.00, -2.21),Yaw: 10.72886,1,0,1,0
5216.212,68,(-0.45, 0.00, -2.21),Yaw: 11.22755,1,0,1,0
5216.725,68,(-0.45, 0.00, -2.21),Yaw: 13.01605,1,1,0,0
5217.237,68,(-0.40, 0.00, -1.78),Yaw: 9.410205,1,0,0,0
5217.737,68,(-0.47, 0.00, -1.72),Yaw: 10.04829,1,1,0,0
5218.25,68,(-0.47, 0.00, -1.72),Yaw: 11.88091,1,1,0,0
5218.753,68,(-0.47, 0.00, -1.72),Yaw: 12.43944,1,1,0,0
5219.262,68,(-0.47, 0.00, -1.72),Yaw: 16.91549,1,1,0,0
5219.773,68,(-0.47, 0.00, -1.72),Yaw: 16.76114,0,1,0,0
5220.274,68,(-0.47, 0.00, -1.72),Yaw: 15.86471,0,1,0,0
5220.774,68,(-0.47, 0.00, -1.72),Yaw: 15.6697,0,1,0,0
5221.287,68,(-0.47, 0.00, -1.72),Yaw: 15.5625,0,1,0,0
5221.799,68,(-0.47, 0.00, -1.72),Yaw: 15.49205,0,1,0,0
5222.299,68,(-0.47, 0.00, -1.72),Yaw: 15.46381,0,0,0,0
5222.8,68,(-0.47, 0.00, -1.72),Yaw: 15.47391,0,0,0,0
5223.3,68,(-0.47, 0.00, -1.72),Yaw: 23.83721,1,0,0,0
5223.812,68,(-0.37, 0.00, -1.34),Yaw: 24.17865,1,0,0,0
5224.325,68,(-0.32, 0.00, -1.24),Yaw: 24.42586,1,1,0,0
5224.837,68,(-0.32, 0.00, -1.24),Yaw: 23.49996,1,1,0,0
5225.337,68,(-0.32, 0.00, -1.24),Yaw: 22.85948,0,1,0,0
5225.85,68,(-0.32, 0.00, -1.24),Yaw: 22.67289,0,1,0,0
5226.362,68,(-0.32, 0.00, -1.24),Yaw: 22.44279,0,1,0,1
5226.875,68,(-0.32, 0.00, -1.24),Yaw: 22.4179,1,0,0,0
5227.375,68,(-0.32, 0.00, -1.24),Yaw: 22.31262,1,1,0,0
5227.875,68,(-0.32, 0.00, -1.24),Yaw: 22.05755,1,1,0,0
5228.388,68,(-0.32, 0.00, -1.24),Yaw: 21.98878,1,1,0,0
5228.9,68,(-0.32, 0.00, -1.24),Yaw: 21.73581,1,1,0,0
5229.413,68,(-0.32, 0.00, -1.24),Yaw: 21.61747,1,1,0,0
5229.925,68,(-0.32, 0.00, -1.24),Yaw: 21.7008,1,0,0,0
5230.437,68,(-0.32, 0.00, -1.24),Yaw: 23.14451,1,1,1,0
5230.938,68,(-0.22, 0.00, -0.83),Yaw: 20.73196,0,1,0,0
5231.449,68,(-0.28, 0.00, -0.83),Yaw: 21.70263,1,0,0,0
5231.949,68,(-0.28, 0.00, -0.83),Yaw: 23.96801,1,0,1,0
5232.45,68,(-0.28, 0.00, -0.83),Yaw: 24.84983,1,0,1,0
5232.962,68,(-0.28, 0.00, -0.83),Yaw: 41.61927,1,0,1,0
5233.475,68,(-0.28, 0.00, -0.83),Yaw: 48.64143,1,0,1,0
5233.987,68,(-0.22, 0.03, -0.74),Yaw: 45.32769,0,0,1,0
5234.5,68,(-0.20, 0.02, -0.72),Yaw: 39.7714,0,1,1,0
5235.006,68,(-0.20, 0.02, -0.72),Yaw: 38.91251,0,1,1,0
5235.512,68,(-0.20, 0.02, -0.72),Yaw: 37.84235,0,1,1,0
5236.012,68,(-0.20, 0.02, -0.72),Yaw: 31.75259,0,0,1,0
5236.512,68,(-0.20, 0.02, -0.72),Yaw: 26.15864,0,1,1,0
5237.024,68,(3.78, 0.00, -9.26),Yaw: 23.90888,0,0,0,0
5237.525,68,(3.78, 0.00, -9.26),Yaw: 15.73074,0,0,0,0
5238.037,68,(3.78, 0.00, -9.26),Yaw: 346.4919,0,0,0,0
5238.538,68,(3.67, 0.00, -9.16),Yaw: 341.602,0,0,0,0
5239.05,68,(3.27, 0.00, -8.56),Yaw: 340.4258,0,0,0,0
5239.562,68,(3.32, 0.00, -8.59),Yaw: 343.4557,0,0,0,0
5240.074,68,(2.96, 0.00, -8.00),Yaw: 341.6559,0,0,0,0
5240.575,68,(2.87, 0.00, -7.88),Yaw: 339.8463,0,0,0,0
5241.076,68,(2.87, 0.00, -7.88),Yaw: 341.7681,0,0,0,0
5241.587,68,(2.51, 0.00, -7.32),Yaw: 338.2101,0,0,0,0
5242.1,68,(2.51, 0.00, -7.32),Yaw: 345.1376,0,0,0,0
5242.6,68,(2.36, 0.00, -6.62),Yaw: 342.7407,0,0,0,0
5243.112,68,(2.35, 0.00, -6.47),Yaw: 347.6765,0,0,0,0
5243.612,68,(2.07, 0.00, -6.13),Yaw: 341.5045,0,0,0,0
5244.113,68,(1.92, 0.00, -5.94),Yaw: 342.8637,0,0,0,0
5244.613,68,(1.76, 0.00, -5.56),Yaw: 341.9825,0,0,0,0
5245.125,68,(1.52, 0.00, -5.26),Yaw: 341.5922,0,0,0,0
5245.637,68,(1.38, 0.00, -5.00),Yaw: 345.049,0,0,0,0
5246.149,68,(1.21, 0.00, -4.73),Yaw: 346.2928,0,0,0,0
5246.65,68,(1.18, 0.00, -4.68),Yaw: 350.5014,0,0,0,0
5247.162,68,(0.94, 0.00, -4.04),Yaw: 346.57,0,0,0,0
5247.674,68,(0.94, 0.00, -4.07),Yaw: 348.7643,0,0,0,0
5248.187,68,(0.80, 0.00, -3.51),Yaw: 345.4261,0,0,0,0
5248.7,68,(0.80, 0.00, -3.53),Yaw: 347.433,0,0,0,1
5249.212,68,(0.45, 0.00, -2.92),Yaw: 345.9203,0,0,1,0
5249.724,68,(0.42, 0.00, -2.94),Yaw: 349.0519,0,0,1,0
5250.237,68,(0.41, 0.00, -2.87),Yaw: 350.4401,1,0,0,0
5250.749,68,(0.28, 0.00, -2.37),Yaw: 350.2047,0,0,0,1
5251.25,68,(0.29, 0.00, -2.37),Yaw: 349.7953,0,0,0,1
5251.763,68,(0.29, 0.00, -2.37),Yaw: 352.2196,0,0,1,1
5252.274,68,(0.36, 0.00, -2.17),Yaw: 354.0032,0,0,1,0
5252.788,68,(0.29, 0.00, -1.88),Yaw: 349.4745,0,0,1,0
5253.299,68,(0.28, 0.00, -1.88),Yaw: 353.3229,0,0,1,0
5253.813,68,(0.26, 0.00, -1.79),Yaw: 352.3976,0,0,1,0
5254.325,68,(0.26, 0.00, -1.79),Yaw: 353.4101,0,1,1,0
5254.836,68,(0.26, 0.00, -1.79),Yaw: 353.0261,0,1,0,0
5255.337,68,(0.26, 0.00, -1.79),Yaw: 352.8082,1,1,0,0
5255.85,68,(0.26, 0.00, -1.79),Yaw: 352.4294,1,1,0,0
5256.35,68,(0.26, 0.00, -1.79),Yaw: 352.5344,1,1,0,0
5256.85,68,(0.26, 0.00, -1.79),Yaw: 353.6083,1,1,0,0
5257.362,68,(0.26, 0.00, -1.79),Yaw: 352.3432,1,0,0,0
5257.875,68,(0.26, 0.00, -1.79),Yaw: 352.2029,1,1,0,0
5258.388,68,(0.26, 0.00, -1.79),Yaw: 352.4824,1,0,0,1
5258.899,68,(0.25, 0.00, -1.79),Yaw: 353.6889,1,0,0,1
5259.399,68,(0.26, 0.00, -1.79),Yaw: 354.6787,1,0,0,1
5259.912,68,(0.23, 0.00, -1.74),Yaw: 353.8299,1,0,0,1
5260.412,68,(0.23, 0.00, -1.73),Yaw: 353.92,1,0,1,0
5260.924,68,(0.24, 0.00, -1.70),Yaw: 353.1321,0,0,0,1
5261.437,68,(0.24, 0.00, -1.70),Yaw: 353.8776,0,0,0,1
5261.938,68,(0.25, 0.00, -1.69),Yaw: 353.5539,0,0,0,1
5262.45,68,(0.24, 0.00, -1.64),Yaw: 353.2617,1,0,0,1
5262.95,68,(0.24, 0.00, -1.64),Yaw: 354.0778,0,0,0,1
5263.462,68,(0.24, 0.00, -1.64),Yaw: 354.0325,0,0,0,1
5263.962,68,(0.24, 0.00, -1.64),Yaw: 354.0891,1,0,0,1
5264.475,68,(0.24, 0.00, -1.64),Yaw: 354.1284,1,0,0,1
5264.987,68,(0.24, 0.00, -1.64),Yaw: 354.7383,0,0,1,0
5265.489,68,(0.25, 0.00, -1.46),Yaw: 358.6192,0,0,0,1
5266,68,(0.26, 0.00, -1.21),Yaw: 356.5061,1,0,1,1
5266.5,68,(0.26, 0.00, -1.21),Yaw: 355.9067,1,0,0,1
5267,68,(0.26, 0.00, -1.21),Yaw: 356.6097,1,0,0,1
5267.5,68,(0.26, 0.00, -1.21),Yaw: 356.684,1,0,0,1
5268.012,68,(0.26, 0.00, -1.21),Yaw: 356.0015,0,0,0,1
5268.513,68,(0.26, 0.00, -1.21),Yaw: 357.7642,0,0,1,1
5269.013,68,(0.27, 0.00, -0.97),Yaw: 354.074,0,0,1,0
5269.525,68,(0.24, 0.00, -0.96),Yaw: 356.7436,0,0,1,0
5270.038,68,(0.24, 0.00, -0.96),Yaw: 8.237643,0,0,1,0
5270.55,68,(0.29, 0.00, -0.96),Yaw: 349.9561,0,1,1,0
5271.062,68,(0.10, 0.00, -0.66),Yaw: 351.4349,0,1,1,0
5271.563,68,(0.10, 0.00, -0.66),Yaw: 354.2124,0,1,1,0
5272.063,68,(0.10, 0.00, -0.66),Yaw: 358.9023,0,1,1,0
5272.563,68,(0.10, 0.00, -0.66),Yaw: 4.480496,0,1,1,0
5273.075,68,(0.10, 0.00, -0.66),Yaw: 6.185428,0,1,1,0
5273.588,68,(0.13, 0.00, -0.42),Yaw: 12.23548,0,0,1,0
5274.1,68,(1.72, 0.00, -9.85),Yaw: 11.0356,0,0,0,0
5274.613,68,(1.72, 0.00, -9.85),Yaw: 5.019945,0,0,0,0
5275.125,68,(1.72, 0.00, -9.85),Yaw: 5.255078,0,0,0,0
5275.637,68,(1.72, 0.00, -9.85),Yaw: 7.101034,0,0,0,0
5276.138,68,(1.72, 0.00, -9.85),Yaw: 6.371968,0,0,0,0
5276.649,68,(1.72, 0.00, -9.85),Yaw: 3.564143,0,0,0,0
5277.15,68,(1.72, 0.00, -9.85),Yaw: 2.519848,0,0,0,1
5277.65,68,(1.72, 0.00, -9.85),Yaw: 2.164758,0,1,0,1
5278.162,68,(1.72, 0.00, -9.85),Yaw: 1.50194,0,1,0,0
5278.675,68,(1.72, 0.00, -9.85),Yaw: 1.201955,0,0,0,0
5279.188,68,(1.72, 0.00, -9.85),Yaw: 355.3237,0,0,0,0
5279.7,68,(1.72, 0.00, -9.85),Yaw: 352.8207,0,0,0,0
5280.213,68,(1.72, 0.00, -9.85),Yaw: 359.136,0,0,0,0
5280.725,68,(1.72, 0.00, -9.85),Yaw: 8.876198,0,0,0,0
5281.225,68,(1.72, 0.00, -9.85),Yaw: 22.98168,0,0,0,0
5281.725,68,(1.72, 0.00, -9.85),Yaw: 39.36051,0,0,0,0
5282.226,68,(1.72, 0.00, -9.85),Yaw: 58.96342,0,0,0,0
5282.738,68,(1.72, 0.00, -9.85),Yaw: 25.86195,0,1,0,0
5283.25,68,(1.72, 0.00, -9.85),Yaw: 27.30673,0,1,0,0
5283.763,68,(1.72, 0.00, -9.85),Yaw: 15.81716,0,1,0,0
5284.275,68,(1.72, 0.00, -9.85),Yaw: 15.96418,0,1,0,0
5284.788,68,(1.72, 0.00, -9.85),Yaw: 13.7404,0,0,0,0
5285.288,68,(1.72, 0.00, -9.85),Yaw: 19.27486,0,0,0,0
5285.8,68,(1.72, 0.00, -9.85),Yaw: 25.1936,0,0,0,0
5286.3,68,(1.72, 0.00, -9.85),Yaw: 28.73057,0,0,0,1
5286.8,68,(1.72, 0.00, -9.85),Yaw: 25.9768,0,0,0,1
5287.313,68,(1.72, 0.00, -9.85),Yaw: 25.54378,0,0,0,1
5287.813,68,(1.72, 0.00, -9.85),Yaw: 25.17398,0,0,0,1
5288.325,68,(1.72, 0.00, -9.85),Yaw: 25.10351,0,0,0,1
5288.838,68,(1.72, 0.00, -9.85),Yaw: 24.19604,0,0,0,1
5289.35,68,(1.72, 0.00, -9.85),Yaw: 23.10279,0,0,0,0
5289.85,68,(1.72, 0.00, -9.85),Yaw: 24.82225,0,0,0,0
5290.362,68,(1.72, 0.00, -9.85),Yaw: 25.6426,0,0,0,0
5290.862,68,(1.72, 0.00, -9.85),Yaw: 25.38126,0,0,0,0
5291.363,68,(1.72, 0.00, -9.85),Yaw: 24.72672,0,0,0,0
5291.875,68,(1.72, 0.00, -9.85),Yaw: 20.46239,0,0,0,0
5292.388,68,(1.72, 0.00, -9.85),Yaw: 23.40806,0,0,0,0
5292.9,68,(1.72, 0.00, -9.85),Yaw: 23.72652,0,0,0,0
5293.4,68,(1.72, 0.00, -9.85),Yaw: 21.56985,0,0,0,0
5293.913,68,(1.72, 0.00, -9.85),Yaw: 21.95565,0,0,0,0
5294.413,68,(1.72, 0.00, -9.85),Yaw: 21.32629,0,0,0,0
5294.924,68,(1.72, 0.00, -9.85),Yaw: 20.37654,0,0,0,0
5295.425,68,(1.72, 0.00, -9.85),Yaw: 21.01494,0,0,0,0
5295.925,68,(1.72, 0.00, -9.85),Yaw: 15.92991,0,0,0,0
5296.438,68,(1.72, 0.00, -9.85),Yaw: 15.83841,0,0,0,0
5296.938,68,(1.72, 0.00, -9.85),Yaw: 337.1595,0,0,0,0
5297.45,68,(1.72, 0.00, -9.85),Yaw: 324.421,0,0,0,0
5297.962,68,(1.72, 0.00, -9.85),Yaw: 322.6884,0,0,0,0
5298.475,68,(1.72, 0.00, -9.85),Yaw: 320.0034,0,0,0,0
5298.976,68,(1.72, 0.00, -9.85),Yaw: 319.3872,0,0,0,0
5299.476,68,(1.72, 0.00, -9.85),Yaw: 319.9156,0,1,0,0
5299.988,68,(1.72, 0.00, -9.85),Yaw: 319.2688,0,0,0,0
5300.5,68,(1.72, 0.00, -9.85),Yaw: 325.8602,0,0,0,0
5301,68,(1.72, 0.00, -9.85),Yaw: 333.7602,0,0,0,0
5301.512,68,(1.72, 0.00, -9.85),Yaw: 339.3419,0,0,0,0
5302.013,68,(1.72, 0.00, -9.85),Yaw: 337.7094,0,0,0,0
5302.525,68,(1.72, 0.00, -9.85),Yaw: 346.6792,0,0,0,0
5303.026,68,(1.72, 0.00, -9.85),Yaw: 344.5364,0,0,0,0
5303.538,68,(1.72, 0.00, -9.85),Yaw: 335.564,0,0,0,0
5304.051,68,(1.72, 0.00, -9.85),Yaw: 332.3723,0,0,0,0
5304.563,68,(1.72, 0.00, -9.85),Yaw: 340.9146,0,0,0,0
5305.076,68,(1.72, 0.00, -9.85),Yaw: 351.8849,0,0,0,0
5305.589,68,(1.72, 0.00, -9.85),Yaw: 353.1562,0,0,0,0
5306.1,68,(1.72, 0.00, -9.85),Yaw: 346.3276,0,0,0,0
5306.613,68,(1.72, 0.00, -9.85),Yaw: 334.5322,0,0,0,0
5307.125,68,(1.72, 0.00, -9.85),Yaw: 335.1889,0,0,0,0
5307.638,68,(1.72, 0.00, -9.85),Yaw: 336.5145,0,0,0,0
5308.15,68,(1.38, 0.00, -9.24),Yaw: 336.0633,0,0,0,0
5308.663,68,(1.33, 0.00, -9.15),Yaw: 343.4943,0,0,0,0
5309.163,68,(1.31, 0.00, -9.18),Yaw: 347.6666,0,0,0,0
5309.663,68,(1.31, 0.00, -9.18),Yaw: 347.7965,0,0,0,0
5310.165,68,(1.29, 0.00, -9.13),Yaw: 344.2379,0,0,0,0
5310.675,68,(1.20, 0.00, -8.49),Yaw: 341.9675,0,0,0,0
5311.188,68,(1.20, 0.00, -8.49),Yaw: 342.7532,0,0,0,0
5311.7,68,(0.89, 0.00, -7.82),Yaw: 339.9455,0,0,0,0
5312.213,68,(0.84, 0.00, -7.85),Yaw: 345.8656,0,0,0,0
5312.725,68,(0.84, 0.00, -7.79),Yaw: 342.9703,0,0,0,0
5313.237,68,(0.67, 0.00, -6.95),Yaw: 342.3713,0,0,0,0
5313.738,68,(0.71, 0.00, -6.89),Yaw: 342.5431,0,0,0,0
5314.25,68,(0.71, 0.00, -6.89),Yaw: 343.1692,0,0,0,0
5314.75,68,(0.71, 0.00, -6.89),Yaw: 340.8749,0,0,0,0
5315.251,68,(0.49, 0.00, -6.30),Yaw: 345.2086,0,0,0,0
5315.763,68,(0.55, 0.00, -6.33),Yaw: 344.0804,0,0,0,0
5316.276,68,(0.51, 0.00, -6.14),Yaw: 343.4072,0,0,0,0
5316.788,68,(0.29, 0.00, -5.53),Yaw: 343.3777,0,0,0,0
5317.3,68,(0.31, 0.00, -5.56),Yaw: 341.5687,0,0,0,0
5317.8,68,(0.31, 0.00, -5.56),Yaw: 344.2474,0,0,1,0
5318.312,68,(0.13, 0.00, -5.03),Yaw: 353.5153,1,0,0,0
5318.813,68,(0.12, 0.00, -4.70),Yaw: 356.6931,0,1,0,0
5319.325,68,(0.11, 0.00, -4.71),Yaw: 355.2528,0,0,1,0
5319.837,68,(0.11, 0.00, -4.71),Yaw: 352.284,0,1,0,0
5320.338,68,(0.11, 0.00, -4.71),Yaw: 347.7442,0,0,1,0
5320.851,68,(-0.04, 0.00, -3.84),Yaw: 353.1895,0,1,0,0
5321.363,68,(0.05, 0.00, -3.90),Yaw: 353.5637,0,0,0,0
5321.875,68,(0.05, 0.00, -3.90),Yaw: 353.1338,0,0,1,0
5322.388,68,(0.05, 0.00, -3.90),Yaw: 353.0992,0,0,1,0
5322.9,68,(0.05, 0.00, -3.90),Yaw: 353.2585,0,0,1,0
5323.4,68,(0.05, 0.00, -3.90),Yaw: 351.6716,0,0,1,0
5323.9,68,(0.01, 0.00, -3.80),Yaw: 346.2237,1,0,0,1
5324.413,68,(-0.01, 0.00, -3.47),Yaw: 350.524,1,0,0,0
5324.925,68,(-0.03, 0.00, -3.47),Yaw: 346.2797,1,0,0,0
5325.425,68,(-0.03, 0.00, -3.47),Yaw: 349.3337,1,0,0,0
5325.925,68,(-0.03, 0.00, -3.47),Yaw: 349.7734,1,0,0,0
5326.425,68,(-0.03, 0.00, -3.47),Yaw: 351.6076,1,0,0,0
5326.938,68,(-0.08, 0.00, -3.05),Yaw: 0.425821,1,0,0,0
5327.45,68,(-0.09, 0.00, -3.05),Yaw: 357.5446,1,0,0,0
5327.962,68,(-0.09, 0.00, -3.05),Yaw: 351.9409,1,0,0,0
5328.462,68,(-0.09, 0.00, -3.05),Yaw: 346.2753,1,0,0,0
5328.963,68,(-0.09, 0.00, -3.05),Yaw: 336.1241,1,0,0,0
5329.475,68,(-0.09, 0.00, -3.05),Yaw: 329.9059,1,0,0,0
5329.988,68,(-0.09, 0.00, -3.05),Yaw: 359.5915,1,0,0,0
5330.5,68,(-0.09, 0.00, -3.05),Yaw: 4.201946,1,0,0,0
5331,68,(-0.09, 0.00, -3.05),Yaw: 359.4317,1,0,0,0
5331.512,68,(-0.06, 0.00, -2.83),Yaw: 0.5681354,1,0,0,0
5332.012,68,(0.05, 0.00, -2.74),Yaw: 359.8307,0,0,0,1
5332.525,68,(0.05, 0.00, -2.74),Yaw: 359.2401,0,0,0,1
5333.037,68,(0.09, 0.00, -2.39),Yaw: 358.1818,0,0,0,1
5333.538,68,(0.14, 0.00, -2.33),Yaw: 358.5817,0,0,0,1
5334.05,68,(0.14, 0.00, -2.33),Yaw: 357.9599,0,0,0,1
5334.563,68,(0.14, 0.00, -2.33),Yaw: 355.642,0,0,0,1
5335.076,68,(0.13, 0.00, -1.86),Yaw: 358.5967,1,0,0,1
5335.588,68,(0.16, 0.00, -1.82),Yaw: 355.7625,1,0,0,1
5336.1,68,(0.16, 0.00, -1.82),Yaw: 354.1196,1,0,0,1
5336.6,68,(0.13, 0.00, -1.61),Yaw: 353.5894,1,0,0,1
5337.1,68,(0.05, 0.00, -1.11),Yaw: 354.6013,1,1,0,0
5337.601,68,(0.08, 0.00, -1.16),Yaw: 353.4203,0,1,0,1
5338.113,68,(0.08, 0.00, -1.16),Yaw: 353.4683,0,1,0,1
5338.613,68,(0.09, 0.00, -1.18),Yaw: 353.8243,0,1,0,1
5339.125,68,(0.09, 0.00, -1.18),Yaw: 354.3906,0,1,0,1
5339.638,68,(0.09, 0.00, -1.18),Yaw: 353.5981,0,1,0,1
5340.15,68,(0.09, 0.00, -1.18),Yaw: 353.5428,0,1,0,1
5340.65,68,(0.09, 0.00, -1.18),Yaw: 353.4911,0,1,0,1
5341.163,68,(0.09, 0.00, -1.18),Yaw: 352.8353,0,1,0,1
5341.663,68,(0.09, 0.00, -1.18),Yaw: 353.609,0,1,0,1
5342.163,68,(0.09, 0.00, -1.18),Yaw: 352.6232,0,1,0,1
5342.676,68,(0.10, 0.00, -1.19),Yaw: 353.5309,1,1,0,1
5343.176,68,(0.10, 0.00, -1.19),Yaw: 351.508,0,1,0,1
5343.688,68,(0.10, 0.00, -1.19),Yaw: 352.1001,0,0,1,1
5344.188,68,(-0.04, 0.00, -0.88),Yaw: 352.2788,0,0,1,1
5344.688,68,(-0.01, 0.00, -0.63),Yaw: 352.8015,0,0,0,0
5345.188,68,(-0.01, 0.00, -0.63),Yaw: 353.0247,0,0,0,0
5345.7,68,(-0.01, 0.00, -0.63),Yaw: 352.5643,0,0,0,1
5346.201,68,(-0.01, 0.00, -0.63),Yaw: 352.4888,0,0,0,1
5346.701,68,(-0.01, 0.00, -0.63),Yaw: 352.2744,0,0,1,1
5347.213,68,(-0.01, 0.00, -0.63),Yaw: 352.0677,0,0,1,1
5347.713,68,(-1.91, 0.00, -9.82),Yaw: 351.873,0,0,0,0
5348.213,68,(-1.91, 0.00, -9.82),Yaw: 351.3766,0,0,0,0
5348.726,68,(-1.91, 0.00, -9.82),Yaw: 347.2624,0,0,0,0
5349.238,68,(-1.91, 0.00, -9.82),Yaw: 341.8952,0,0,0,0
5349.738,68,(-1.91, 0.00, -9.82),Yaw: 341.7505,0,0,0,0
5350.25,68,(-1.91, 0.00, -9.82),Yaw: 342.1701,0,0,0,0
5350.751,68,(-1.91, 0.00, -9.82),Yaw: 341.606,0,0,0,0
5351.251,68,(-1.91, 0.00, -9.82),Yaw: 341.5643,0,0,0,0
5351.764,68,(-1.91, 0.00, -9.82),Yaw: 341.6192,0,0,0,0
5352.276,68,(-1.91, 0.00, -9.82),Yaw: 341.5001,0,0,0,0
5352.788,68,(-1.91, 0.00, -9.82),Yaw: 346.7291,0,0,0,0
5353.3,68,(-1.91, 0.00, -9.82),Yaw: 353.7026,0,1,0,0
5353.8,68,(-1.93, 0.00, -9.75),Yaw: 353.5119,0,1,0,0
5354.313,68,(-1.86, 0.00, -9.27),Yaw: 357.6215,0,1,0,0
5354.825,68,(-1.86, 0.00, -9.27),Yaw: 2.359061,1,0,0,0
5355.338,68,(-1.86, 0.00, -9.27),Yaw: 2.9519,1,0,0,0
5355.838,68,(-1.86, 0.00, -9.27),Yaw: 5.652798,0,0,0,1
5356.351,68,(-2.07, 0.00, -8.58),Yaw: 6.611408,1,0,0,0
5356.851,68,(-2.21, 0.00, -8.54),Yaw: 16.19901,1,0,0,0
5357.364,68,(-2.23, 0.00, -8.83),Yaw: 22.11461,0,0,0,0
5357.876,68,(-1.86, 0.00, -8.03),Yaw: 17.74925,0,0,0,0
5358.388,68,(-1.81, 0.00, -8.09),Yaw: 17.25151,0,0,0,0
5358.9,68,(-1.81, 0.00, -8.09),Yaw: 15.28919,0,0,0,0
5359.414,68,(-1.77, 0.00, -7.85),Yaw: 12.73764,0,0,0,0
5359.926,68,(-1.72, 0.00, -7.19),Yaw: 11.80112,0,0,0,0
5360.438,68,(-1.70, 0.00, -7.08),Yaw: 13.82106,0,0,0,1
5360.938,68,(-1.70, 0.00, -7.08),Yaw: 13.15128,0,0,1,0
5361.438,68,(-1.68, 0.00, -6.97),Yaw: 11.4187,0,0,0,0
5361.95,68,(-1.59, 0.00, -6.30),Yaw: 11.67378,0,0,0,1
5362.451,68,(-1.52, 0.00, -6.15),Yaw: 12.99614,1,0,0,0
5362.963,68,(-1.52, 0.00, -6.15),Yaw: 12.83753,0,0,0,0
5363.476,68,(-1.50, 0.00, -6.07),Yaw: 11.48173,0,0,0,0
5363.988,68,(-1.42, 0.00, -5.35),Yaw: 10.86078,0,0,0,0
5364.5,68,(-1.48, 0.00, -5.03),Yaw: 12.3877,0,0,0,0
5365,68,(-1.49, 0.00, -5.13),Yaw: 12.87857,0,0,0,0
5365.5,68,(-1.47, 0.00, -5.08),Yaw: 11.99256,0,0,0,0
5366.013,68,(-1.34, 0.00, -4.24),Yaw: 8.949986,0,0,0,0
5366.513,68,(-1.38, 0.00, -4.19),Yaw: 11.22704,0,0,0,0
5367.025,68,(-1.38, 0.00, -4.19),Yaw: 10.88316,0,0,1,0
5367.526,68,(-1.19, 0.00, -3.44),Yaw: 8.233643,0,0,1,0
5368.038,68,(-1.20, 0.00, -3.31),Yaw: 13.01429,1,0,0,0
5368.538,68,(-1.19, 0.00, -3.24),Yaw: 12.74022,0,0,0,0
5369.038,68,(-1.06, 0.00, -2.47),Yaw: 9.797626,0,0,0,0
5369.546,68,(-1.02, 0.00, -2.51),Yaw: 13.91726,0,0,0,0
5370.05,68,(-1.02, 0.00, -2.51),Yaw: 12.0077,0,0,0,0
5370.563,68,(-1.02, 0.00, -2.51),Yaw: 10.24418,0,0,0,0
5371.075,68,(-1.02, 0.00, -2.51),Yaw: 11.56193,0,0,0,0
5371.587,68,(-1.02, 0.00, -2.51),Yaw: 11.24078,0,0,0,0
5372.1,68,(-1.02, 0.00, -2.51),Yaw: 11.3562,0,1,0,0
5372.6,68,(-1.02, 0.00, -2.51),Yaw: 11.31424,1,0,1,0
5373.113,68,(-1.02, 0.00, -2.51),Yaw: 11.33192,0,0,1,0
5373.625,68,(-1.02, 0.00, -2.51),Yaw: 11.3461,0,1,0,0
5374.125,68,(-1.02, 0.00, -2.51),Yaw: 11.40122,1,0,0,0
5374.625,68,(-1.02, 0.00, -2.51),Yaw: 13.05924,0,0,0,0
5375.125,68,(-1.02, 0.00, -2.51),Yaw: 12.47142,0,0,0,0
5375.638,68,(-1.02, 0.00, -2.51),Yaw: 12.86958,0,0,0,1
5376.138,68,(-0.96, 0.00, -2.44),Yaw: 12.28948,1,0,0,0
5376.65,68,(-0.61, 0.00, -1.77),Yaw: 12.94293,1,1,0,0
5377.163,68,(-0.64, 0.00, -1.79),Yaw: 13.74981,1,1,0,1
5377.663,68,(-0.64, 0.00, -1.79),Yaw: 12.72356,1,1,0,1
5378.163,68,(-0.64, 0.00, -1.79),Yaw: 12.29814,1,1,0,1
5378.675,68,(-0.64, 0.00, -1.79),Yaw: 12.21227,1,1,0,0
5379.188,68,(-0.64, 0.00, -1.79),Yaw: 11.8228,1,1,0,0
5379.7,68,(-0.64, 0.00, -1.79),Yaw: 11.85073,1,1,0,0
5380.213,68,(-0.64, 0.00, -1.79),Yaw: 11.86949,1,1,0,0
5380.725,68,(-0.64, 0.00, -1.79),Yaw: 11.68516,0,1,0,0
5381.237,68,(-0.64, 0.00, -1.79),Yaw: 11.63589,0,1,0,0
5381.738,68,(-0.64, 0.00, -1.79),Yaw: 11.61029,0,1,0,0
5382.238,68,(-0.64, 0.00, -1.79),Yaw: 11.68396,0,1,0,1
5382.738,68,(-0.64, 0.00, -1.79),Yaw: 13.29304,1,1,0,0
5383.251,68,(-0.63, 0.00, -1.74),Yaw: 13.56773,1,1,0,0
5383.753,68,(-0.51, 0.00, -1.36),Yaw: 13.82689,1,1,0,0
5384.263,68,(-0.64, 0.00, -1.30),Yaw: 15.41271,1,1,0,0
5384.763,68,(-0.64, 0.00, -1.30),Yaw: 15.12645,1,1,0,0
5385.275,68,(-0.64, 0.00, -1.30),Yaw: 49.48464,1,1,0,0
5385.775,68,(-0.62, 0.00, -1.30),Yaw: 49.0897,1,0,0,0
5386.276,68,(-0.59, 0.00, -1.23),Yaw: 45.77534,1,0,0,0
5386.788,68,(-0.59, 0.00, -1.23),Yaw: 45.3834,1,1,0,0
5387.3,68,(-0.59, 0.00, -1.23),Yaw: 41.6362,1,1,0,0
5387.813,68,(-0.59, 0.00, -1.23),Yaw: 34.76956,0,1,0,0
5388.326,68,(-0.59, 0.00, -1.23),Yaw: 28.92764,0,1,0,0
5388.838,68,(-0.59, 0.00, -1.23),Yaw: 27.02888,0,1,0,0
5389.338,68,(-0.59, 0.00, -1.23),Yaw: 27.21945,0,1,1,0
5389.851,68,(-0.59, 0.00, -1.23),Yaw: 27.45904,0,1,1,0
5390.363,68,(-0.59, 0.00, -1.23),Yaw: 27.2247,0,1,0,1
5390.863,68,(-0.59, 0.00, -1.23),Yaw: 26.77362,0,1,0,1
5391.363,68,(-0.59, 0.00, -1.23),Yaw: 26.962,1,1,0,1
5391.876,68,(-0.59, 0.00, -1.23),Yaw: 27.14516,1,1,0,0
5392.388,68,(-0.59, 0.00, -1.23),Yaw: 27.06328,0,1,0,1
5392.9,68,(-0.59, 0.00, -1.23),Yaw: 26.41063,0,1,1,1
5393.4,68,(-0.59, 0.00, -1.23),Yaw: 26.31235,1,1,0,0
5393.9,68,(-0.59, 0.00, -1.23),Yaw: 26.67381,1,1,0,0
5394.4,68,(-0.59, 0.00, -1.23),Yaw: 28.91255,0,1,1,0
5394.913,68,(-0.59, 0.00, -1.23),Yaw: 28.31906,1,0,0,0
5395.413,68,(-0.45, 0.00, -0.92),Yaw: 27.10599,0,0,1,0
5395.926,68,(-0.48, 0.00, -0.93),Yaw: 29.23852,0,1,0,0
5396.438,68,(-0.48, 0.00, -0.93),Yaw: 29.75014,0,1,0,0
5396.951,68,(-0.48, 0.00, -0.93),Yaw: 29.04664,1,0,0,0
5397.463,68,(-0.48, 0.00, -0.93),Yaw: 10.39223,1,0,0,0
5397.963,68,(-0.48, 0.00, -0.95),Yaw: 11.6803,1,0,0,0
5398.463,68,(-0.47, 0.00, -0.97),Yaw: 14.57656,1,0,1,0
5398.964,68,(-0.47, 0.00, -0.97),Yaw: 32.05038,1,1,1,0
5399.464,68,(-0.47, 0.00, -0.97),Yaw: 46.41644,1,1,0,1
5399.976,68,(-0.47, 0.00, -0.97),Yaw: 44.87651,1,1,0,1
5400.488,68,(-0.47, 0.00, -0.97),Yaw: 45.83286,1,1,0,1
5400.988,68,(-0.47, 0.00, -0.96),Yaw: 62.10434,0,1,0,1
5401.5,68,(-0.47, 0.00, -0.96),Yaw: 64.38093,0,1,0,1
5402.001,68,(-0.47, 0.00, -0.96),Yaw: 60.14099,0,1,0,1
5402.513,68,(-0.47, 0.00, -0.96),Yaw: 57.32191,1,0,0,1
5403.026,68,(-0.47, 0.00, -0.96),Yaw: 57.26722,0,1,0,1
5403.526,68,(-0.47, 0.00, -0.96),Yaw: 53.1951,0,1,0,1
5404.038,68,(-0.47, 0.00, -0.96),Yaw: 51.46578,0,1,0,1
5404.538,68,(-0.47, 0.00, -0.96),Yaw: 55.64914,0,1,0,1
5405.051,68,(-0.51, 0.00, -0.97),Yaw: 55.3893,0,1,0,1
5405.551,68,(-0.24, 0.03, -0.69),Yaw: 52.61233,0,1,1,0
5406.051,68,(-0.18, 0.05, -0.66),Yaw: 52.04675,0,1,1,0
5406.564,68,(-0.18, 0.05, -0.66),Yaw: 47.7336,0,1,1,0
5407.076,68,(-0.18, 0.05, -0.66),Yaw: 31.20318,0,1,1,0
5407.588,68,(-0.18, 0.05, -0.66),Yaw: 28.05444,0,1,1,0
5408.094,68,(-0.18, 0.05, -0.66),Yaw: 22.99899,0,1,1,0
5408.601,68,(1.39, 0.00, -9.90),Yaw: 17.48963,0,0,0,0
5409.113,68,(1.39, 0.00, -9.90),Yaw: 9.500002,0,1,0,0
5409.625,68,(1.35, 0.00, -9.80),Yaw: 2.451673,0,0,0,1
5410.138,68,(1.35, 0.00, -9.80),Yaw: 356.5472,0,0,0,1
5410.638,68,(1.35, 0.00, -9.80),Yaw: 356.3829,0,0,0,0
5411.139,68,(1.35, 0.00, -9.80),Yaw: 356.4386,0,0,0,0
5411.651,68,(1.35, 0.00, -9.80),Yaw: 354.9068,0,0,0,0
5412.164,68,(1.35, 0.00, -9.80),Yaw: 353.8589,0,0,0,0
5412.676,68,(1.35, 0.00, -9.80),Yaw: 354.5928,0,1,0,0
5413.176,68,(1.35, 0.00, -9.80),Yaw: 354.5502,0,0,0,0
5413.688,68,(1.35, 0.00, -9.80),Yaw: 354.5336,0,0,0,0
5414.201,68,(1.35, 0.00, -9.80),Yaw: 354.6855,0,0,0,0
5414.713,68,(1.35, 0.00, -9.80),Yaw: 355.0439,0,0,0,0
5415.226,68,(1.42, 0.00, -9.95),Yaw: 354.2653,0,0,0,0
5415.726,68,(1.42, 0.00, -9.93),Yaw: 354.4323,1,0,0,0
5416.238,68,(1.28, 0.00, -9.21),Yaw: 351.2111,1,0,0,0
5416.739,68,(1.24, 0.00, -9.25),Yaw: 352.2162,0,0,0,0
5417.252,68,(1.24, 0.00, -9.25),Yaw: 352.5155,0,1,0,0
5417.764,68,(1.24, 0.00, -9.25),Yaw: 353.0368,0,0,0,0
5418.276,68,(1.24, 0.00, -9.25),Yaw: 353.1516,0,0,0,0
5418.776,68,(1.24, 0.00, -9.25),Yaw: 356.3709,0,0,0,0
5419.288,68,(1.16, 0.00, -8.52),Yaw: 354.6476,0,0,0,0
5419.801,68,(1.13, 0.00, -8.20),Yaw: 354.2714,0,0,0,0
5420.301,68,(1.12, 0.00, -8.20),Yaw: 355.2387,0,0,0,0
5420.801,68,(1.12, 0.00, -8.20),Yaw: 354.5985,0,0,0,0
5421.314,68,(1.12, 0.00, -8.20),Yaw: 354.4065,0,0,0,0
5421.826,68,(1.12, 0.00, -8.20),Yaw: 354.7083,0,1,0,0
5422.339,68,(1.12, 0.00, -8.20),Yaw: 354.4512,0,1,0,0
5422.852,68,(1.12, 0.00, -8.20),Yaw: 354.5788,0,0,0,0
5423.364,68,(1.12, 0.00, -8.20),Yaw: 358.132,0,0,0,0
5423.865,68,(1.08, 0.00, -7.77),Yaw: 359.4904,0,0,0,0
5424.376,68,(0.84, 0.00, -7.00),Yaw: 351.2639,0,0,0,0
5424.876,68,(0.85, 0.00, -7.02),Yaw: 354.8978,0,0,0,0
5425.376,68,(0.85, 0.00, -7.02),Yaw: 355.1781,0,0,0,0
5425.876,68,(0.84, 0.00, -6.83),Yaw: 356.5222,0,0,0,0
5426.388,68,(0.41, 0.00, -5.99),Yaw: 353.024,0,0,0,0
5426.889,68,(0.41, 0.00, -5.95),Yaw: 357.5817,0,0,0,0
5427.401,68,(0.41, 0.00, -5.95),Yaw: 357.9624,0,0,0,0
5427.901,68,(-0.08, 0.00, -5.11),Yaw: 354.5269,0,0,0,0
5428.413,68,(-0.13, 0.00, -5.10),Yaw: 0.6284994,0,0,0,0
5428.917,68,(-0.14, 0.00, -4.67),Yaw: 0.434165,0,0,0,0
5429.426,68,(-0.29, 0.00, -4.04),Yaw: 357.8366,0,0,0,0
5429.938,68,(-0.29, 0.00, -4.04),Yaw: 359.5108,0,0,0,0
5430.451,68,(-0.57, 0.00, -3.10),Yaw: 355.9659,0,0,0,0
5430.964,68,(-0.57, 0.00, -3.10),Yaw: 12.50611,0,0,0,0
5431.476,68,(-0.43, 0.00, -2.38),Yaw: 19.23065,0,1,0,0
5431.988,68,(-0.44, 0.00, -2.27),Yaw: 21.70147,0,1,0,0
5432.501,68,(-0.32, 0.00, -1.92),Yaw: 22.81967,1,0,0,0
5433.014,68,(-0.32, 0.00, -1.92),Yaw: 22.68344,1,0,0,0
5433.526,68,(-0.32, 0.00, -1.92),Yaw: 20.2034,1,1,0,0
5434.038,68,(-0.32, 0.00, -1.92),Yaw: 20.09213,0,1,0,0
5434.551,68,(-0.32, 0.00, -1.92),Yaw: 20.19715,0,1,0,0
5435.063,68,(-0.32, 0.00, -1.92),Yaw: 19.7138,0,0,1,0
5435.563,68,(-0.32, 0.00, -1.92),Yaw: 19.47448,0,0,1,0
5436.063,68,(-0.32, 0.00, -1.92),Yaw: 17.43721,0,0,1,0
5436.563,68,(-0.32, 0.00, -1.92),Yaw: 17.57956,0,0,1,0
5437.076,68,(-0.30, 0.00, -1.61),Yaw: 16.70279,0,0,1,0
5437.576,68,(-0.30, 0.00, -1.61),Yaw: 17.9523,0,0,1,0
5438.088,68,(-0.30, 0.00, -1.61),Yaw: 17.85019,0,1,1,0
5438.601,68,(-0.31, 0.00, -1.68),Yaw: 16.91614,0,1,0,0
5439.101,68,(-0.32, 0.00, -1.67),Yaw: 16.04132,0,1,0,0
5439.601,68,(-0.32, 0.00, -1.67),Yaw: 16.74307,0,1,0,0
5440.113,68,(-0.32, 0.00, -1.67),Yaw: 15.37922,0,1,0,0
5440.614,68,(-0.32, 0.00, -1.67),Yaw: 13.53268,0,1,0,0
5441.126,68,(-0.32, 0.00, -1.67),Yaw: 13.70303,0,1,0,0
5441.638,68,(-0.32, 0.00, -1.67),Yaw: 14.26283,0,1,0,1
5442.151,68,(-0.32, 0.00, -1.67),Yaw: 14.41049,0,1,0,0
5442.651,68,(-0.32, 0.00, -1.67),Yaw: 17.69192,0,1,0,0
5443.163,68,(-0.32, 0.00, -1.67),Yaw: 16.40922,0,1,0,0
5443.675,68,(-0.32, 0.00, -1.67),Yaw: 16.31285,0,1,0,0
5444.176,68,(-0.32, 0.00, -1.67),Yaw: 15.89143,0,1,0,0
5444.676,68,(-0.32, 0.00, -1.67),Yaw: 15.86224,1,1,0,0
5445.188,68,(-0.32, 0.00, -1.67),Yaw: 16.96243,1,1,0,0
5445.688,68,(-0.22, 0.00, -1.32),Yaw: 13.63064,1,0,0,0
5446.201,68,(-0.19, 0.00, -1.27),Yaw: 16.14546,1,0,1,0
5446.701,68,(-0.19, 0.00, -1.27),Yaw: 14.52859,1,0,1,0
5447.202,68,(-0.19, 0.00, -1.27),Yaw: 14.80272,1,0,1,0
5447.714,68,(-0.19, 0.00, -1.27),Yaw: 14.98075,1,0,1,0
5448.214,68,(-0.19, 0.00, -1.27),Yaw: 14.62616,1,0,1,0
5448.726,68,(-0.19, 0.00, -1.27),Yaw: 14.78178,1,0,1,0
5449.239,68,(-0.20, 0.00, -1.28),Yaw: 16.62562,1,0,1,0
5449.751,68,(-0.20, 0.00, -1.28),Yaw: 13.25974,1,0,1,0
5450.263,68,(-0.20, 0.00, -1.29),Yaw: 16.74783,1,0,1,0
5450.763,68,(-0.20, 0.00, -1.29),Yaw: 15.56002,0,0,1,0
5451.276,68,(-0.20, 0.00, -1.29),Yaw: 15.28705,0,0,1,0
5451.776,68,(-0.20, 0.00, -1.29),Yaw: 18.02567,0,1,0,0
5452.276,68,(-0.20, 0.00, -1.29),Yaw: 12.82766,0,1,0,0
5452.788,68,(-0.22, 0.00, -1.33),Yaw: 15.58851,0,1,0,0
5453.289,68,(-0.20, 0.00, -1.05),Yaw: 15.64377,0,1,1,0
5453.801,68,(-0.31, 0.00, -0.93),Yaw: 14.10528,0,1,1,1
5454.301,68,(-0.31, 0.00, -0.93),Yaw: 18.4668,0,1,1,1
5454.813,68,(-0.31, 0.00, -0.93),Yaw: 19.82866,0,1,1,1
5455.313,68,(-0.35, 0.00, -0.98),Yaw: 21.58935,1,1,0,0
5455.826,68,(-0.35, 0.00, -0.98),Yaw: 22.99928,0,1,0,0
5456.338,68,(-0.35, 0.00, -0.96),Yaw: 23.32391,0,1,0,0
5456.838,68,(-0.44, 0.00, -0.92),Yaw: 33.24518,0,1,0,0
5457.339,68,(-0.42, 0.00, -0.91),Yaw: 53.96685,1,1,0,0
5457.851,68,(-0.22, 0.02, -0.67),Yaw: 53.56382,1,1,0,0
5458.351,68,(-0.22, 0.02, -0.67),Yaw: 49.62936,1,0,1,0
5458.852,68,(-0.22, 0.02, -0.67),Yaw: 38.63571,1,0,1,0
5459.364,68,(-0.33, 0.02, -0.64),Yaw: 25.87892,1,0,1,0
5459.876,68,(-0.33, 0.02, -0.64),Yaw: 14.1821,0,1,0,0
5460.376,68,(-0.33, 0.02, -0.64),Yaw: 12.51447,0,1,0,0
5460.888,68,(-3.90, 0.00, -9.21),Yaw: 12.02234,0,0,0,1
5461.388,68,(-3.90, 0.00, -9.21),Yaw: 14.05286,0,0,0,1
5461.889,68,(-3.90, 0.00, -9.21),Yaw: 18.1566,0,0,0,0
5462.389,68,(-3.88, 0.00, -9.19),Yaw: 17.45629,0,0,0,0
5462.901,68,(-3.48, 0.00, -8.22),Yaw: 14.5301,0,0,0,0
5463.401,68,(-3.48, 0.00, -8.22),Yaw: 18.40738,0,0,0,0
5463.902,68,(-3.36, 0.00, -7.75),Yaw: 15.33005,0,0,0,0
5464.414,68,(-3.26, 0.00, -7.38),Yaw: 18.09973,0,0,0,0
5464.915,68,(-3.26, 0.00, -7.38),Yaw: 23.6541,0,0,0,0
5465.426,68,(-2.88, 0.00, -6.62),Yaw: 23.34357,0,0,0,0
5465.926,68,(-2.82, 0.00, -6.62),Yaw: 25.87715,0,0,0,0
5466.438,68,(-2.82, 0.00, -6.62),Yaw: 25.26589,0,0,0,0
5466.951,68,(-2.50, 0.00, -5.92),Yaw: 22.99525,0,0,0,0
5467.451,68,(-2.50, 0.00, -5.92),Yaw: 24.71105,0,0,0,0
5467.963,68,(-2.23, 0.00, -5.34),Yaw: 21.04565,0,0,0,0
5468.463,68,(-2.20, 0.00, -5.15),Yaw: 22.81557,0,0,0,0
5468.964,68,(-2.18, 0.00, -5.05),Yaw: 22.29829,0,0,0,0
5469.476,68,(-1.90, 0.00, -4.28),Yaw: 18.55268,0,0,0,0
5469.976,68,(-1.90, 0.00, -4.30),Yaw: 22.53268,0,0,0,0
5470.488,68,(-1.70, 0.00, -3.80),Yaw: 20.39851,0,0,0,0
5471,68,(-1.60, 0.00, -3.47),Yaw: 19.17089,0,0,0,0
5471.501,68,(-1.60, 0.00, -3.47),Yaw: 21.36719,0,0,0,0
5472.013,68,(-1.05, 0.00, -2.76),Yaw: 21.26126,0,0,0,0
5472.514,68,(-1.06, 0.00, -2.83),Yaw: 25.26879,0,0,0,0
5473.014,68,(-0.79, 0.00, -2.36),Yaw: 23.17541,0,0,0,0
5473.526,68,(-0.52, 0.00, -2.10),Yaw: 22.94375,0,0,0,0
5474.039,68,(-0.46, 0.00, -1.91),Yaw: 22.15342,1,0,0,0
5474.551,68,(-0.44, 0.00, -1.84),Yaw: 21.43972,1,1,0,0
5475.051,68,(-0.44, 0.00, -1.84),Yaw: 22.32291,1,1,0,0
5475.563,68,(-0.44, 0.00, -1.84),Yaw: 22.32556,1,0,0,0
5476.063,68,(-0.42, 0.00, -1.67),Yaw: 17.17954,1,1,0,0
5476.564,68,(-0.47, 0.00, -1.68),Yaw: 20.95707,1,1,0,0
5477.076,68,(-0.47, 0.00, -1.68),Yaw: 16.90651,1,1,0,0
5477.577,68,(-0.47, 0.00, -1.68),Yaw: 11.15862,1,1,0,0
5478.088,68,(-0.47, 0.00, -1.68),Yaw: 7.488946,0,1,1,0
5478.601,68,(-0.47, 0.00, -1.68),Yaw: 6.952255,0,1,0,0
5479.101,68,(-0.47, 0.00, -1.68),Yaw: 7.582562,0,1,0,0
5479.613,68,(-0.47, 0.00, -1.68),Yaw: 11.47318,0,1,0,0
5480.114,68,(-0.37, 0.00, -1.42),Yaw: 9.551153,0,1,1,0
5480.627,68,(-0.52, 0.00, -1.31),Yaw: 9.208468,0,1,1,0
5481.139,68,(-0.52, 0.00, -1.31),Yaw: 13.39557,0,1,0,0
5481.651,68,(-0.42, 0.00, -0.96),Yaw: 14.09734,1,1,0,0
5482.159,68,(-0.44, 0.00, -0.91),Yaw: 19.01215,0,1,0,0
5482.663,68,(-0.46, 0.00, -0.95),Yaw: 43.9003,1,0,0,0
5483.164,68,(-0.39, 0.00, -0.85),Yaw: 40.23115,1,0,1,0
5483.664,68,(-0.39, 0.00, -0.85),Yaw: 40.33585,1,0,1,0
5484.164,68,(-0.39, 0.00, -0.85),Yaw: 39.90708,1,1,1,0
5484.676,68,(-0.39, 0.00, -0.85),Yaw: 39.81404,1,0,1,0
5485.176,68,(-0.39, 0.00, -0.85),Yaw: 40.32317,1,0,1,0
5485.688,68,(-0.38, 0.00, -0.84),Yaw: 39.08936,0,0,1,0
5486.188,68,(-0.38, 0.00, -0.84),Yaw: 41.43982,0,0,1,0
5486.689,68,(-0.38, 0.00, -0.84),Yaw: 42.62333,0,0,0,1
5487.202,68,(-0.38, 0.00, -0.84),Yaw: 43.70853,0,1,0,1
5487.714,68,(-0.38, 0.00, -0.84),Yaw: 56.54869,0,0,0,1
