Start Time(s),X(°),Y(°)
0,118.7791865,32.0442411666667
1,118.779186166667,32.044242
2,118.779188833333,32.0442431666667
3,118.7791865,32.0442431666667
4,118.779186666667,32.0442475
5,118.7791885,32.0442471666667
6,118.779189666667,32.0442463333333
7,118.7791895,32.0442436666667
8,118.779193166667,32.04424
9,118.7792115,32.044222
10,118.7792185,32.0442106666667
11,118.779231833333,32.0441886666667
12,118.779233666667,32.0441848333333
13,118.779233,32.044184
14,118.779232833333,32.0441823333333
15,118.779232333333,32.0441813333333
16,118.779245166667,32.044177
17,118.779255333333,32.0441751666667
18,118.779266,32.0441771666667
19,118.779268166667,32.0441793333333
20,118.779275166667,32.0441816666667
21,118.779281166667,32.0441825
22,118.779291166667,32.044179
23,118.779297833333,32.044175
24,118.779304166667,32.0441713333333
25,118.7793065,32.0441715
26,118.779307166667,32.0441716666667
27,118.779307666667,32.044171
28,118.7793105,32.0441718333333
29,118.779317,32.0441726666667
30,118.779317333333,32.0441758333333
31,118.779321166667,32.0441758333333
32,118.779324833333,32.0441716666667
33,118.779323833333,32.0441681666667
34,118.77932,32.0441665
35,118.779320833333,32.0441655
36,118.7793235,32.0441623333333
37,118.779322666667,32.0441618333333
38,118.779322333333,32.04416
39,118.779321166667,32.0441583333333
40,118.779321666667,32.0441581666667
41,118.779321833333,32.0441601666667
42,118.779318333333,32.0441631666667
43,118.779314333333,32.0441673333333
44,118.77931,32.0441731666667
45,118.779310833333,32.0441796666667
46,118.779315,32.0441843333333
47,118.779330166667,32.0441581666667
48,118.779327,32.0441451666667
49,118.779324333333,32.044137
50,118.779325666667,32.0441236666667
51,118.7793275,32.0441138333333
52,118.779327,32.0441141666667
53,118.7793315,32.0441135
54,118.779332833333,32.0441155
55,118.779341833333,32.0441163333333
56,118.779345166667,32.0441176666667
57,118.779347833333,32.04412
58,118.779351666667,32.0441216666667
59,118.779351666667,32.0441216666667
60,118.779351666667,32.0441216666667
61,118.779351666667,32.0441216666667
62,118.779351666667,32.0441216666667
63,118.7793515,32.0441233333333
64,118.7793515,32.0441233333333
65,118.7793515,32.0441233333333
66,118.7793515,32.0441233333333
67,118.7793515,32.0441233333333
68,118.779354,32.044125
69,118.779351,32.0441301666667
70,118.779351,32.0441301666667
71,118.779351,32.0441301666667
72,118.779351,32.0441301666667
73,118.779349,32.0441303333333
74,118.779343666667,32.044131
75,118.779343666667,32.044131
76,118.779343666667,32.044131
77,118.779343666667,32.044131
78,118.779342333333,32.0441311666667
79,118.779342333333,32.0441311666667
80,118.779342333333,32.0441311666667
81,118.779342333333,32.0441311666667
82,118.779342333333,32.0441311666667
83,118.779342333333,32.0441311666667
84,118.779342333333,32.0441311666667
85,118.779350833333,32.044133
86,118.779356666667,32.0441341666667
87,118.779361666667,32.0441343333333
88,118.779361833333,32.0441343333333
89,118.77936,32.0441363333333
90,118.7793565,32.0441373333333
91,118.779356666667,32.0441373333333
92,118.779356666667,32.0441373333333
93,118.7793535,32.0441376666667
94,118.779347,32.0441385
95,118.779344833333,32.0441386666667
96,118.7793435,32.0441388333333
97,118.7793435,32.044141
98,118.779345666667,32.0441411666667
99,118.779345,32.0441411666667
100,118.779345,32.0441411666667
101,118.779345,32.0441411666667
102,118.779344,32.0441413333333
103,118.779344,32.0441413333333
104,118.779344,32.0441413333333
105,118.779344,32.0441413333333
106,118.779344,32.0441413333333
107,118.779344,32.0441413333333
108,118.779344,32.0441413333333
109,118.779344,32.0441413333333
110,118.779344,32.0441413333333
111,118.779344,32.0441413333333
112,118.779344,32.0441413333333
113,118.779344,32.0441413333333
114,118.779344,32.0441413333333
115,118.779352333333,32.0441495
116,118.7793535,32.0441493333333
117,118.779354333333,32.0441523333333
118,118.7793555,32.0441575
119,118.779352666667,32.0441635
120,118.77935,32.0441685
121,118.779349666667,32.0441736666667
122,118.779346833333,32.044178
123,118.7793445,32.0441783333333
124,118.7793445,32.0441783333333
125,118.779338666667,32.044179
126,118.779338666667,32.044179
127,118.779338666667,32.044179
128,118.779338666667,32.044179
129,118.779338666667,32.044179
130,118.779338666667,32.044179
131,118.779338666667,32.044179
132,118.779338666667,32.044179
133,118.779338666667,32.044179
134,118.779339833333,32.0442075
135,118.779339833333,32.0442075
136,118.779339833333,32.0442075
137,118.779339833333,32.0442075
138,118.7793345,32.0442038333333
139,118.7793345,32.0442038333333
140,118.7793345,32.0442038333333
141,118.7793345,32.0442038333333
142,118.7793345,32.0442038333333
143,118.7793345,32.0442038333333
144,118.7793345,32.0442038333333
145,118.7793345,32.0442038333333
146,118.7793345,32.0442038333333
147,118.7793345,32.0442038333333
148,118.7793345,32.0442038333333
149,118.7793345,32.0442038333333
150,118.7793345,32.0442038333333
151,118.7793345,32.0442038333333
152,118.7793325,32.044207
153,118.7793325,32.044207
154,118.7793325,32.044207
155,118.7793325,32.044207
156,118.7793325,32.044207
157,118.7793325,32.044207
158,118.7793355,32.0442063333333
159,118.779338,32.044204
160,118.7793395,32.0442003333333
161,118.779341166667,32.0441996666667
162,118.779342833333,32.044199
163,118.779351333333,32.0441965
164,118.779355166667,32.0441956666667
165,118.7793605,32.0441965
166,118.7793605,32.0441965
167,118.779363666667,32.0441976666667
168,118.7793615,32.0442011666667
169,118.7793615,32.0442011666667
170,118.7793615,32.0442011666667
171,118.779363333333,32.0441996666667
172,118.779363333333,32.0441996666667
173,118.779359833333,32.0441986666667
174,118.779359833333,32.0441986666667
175,118.779359833333,32.0441986666667
176,118.779359833333,32.0441986666667
177,118.779359833333,32.0441986666667
178,118.779362166667,32.0441985
179,118.7793665,32.0441953333333
180,118.7793665,32.0441953333333
181,118.7793665,32.0441953333333
182,118.779364833333,32.0441958333333
183,118.779359666667,32.0441965
184,118.7793545,32.044196
185,118.779348666667,32.044193
186,118.779348666667,32.044193
187,118.779342166667,32.044191
188,118.779342166667,32.044191
189,118.779342166667,32.044191
190,118.779342166667,32.044191
191,118.779342166667,32.044191
192,118.779342166667,32.044191
193,118.779342166667,32.044191
194,118.779342166667,32.044191
195,118.779342166667,32.044191
196,118.779342166667,32.044191
197,118.779342166667,32.044191
198,118.779342166667,32.044191
199,118.779342166667,32.044191
200,118.779342166667,32.044191
201,118.779342166667,32.044191
202,118.779342166667,32.044191
203,118.779342166667,32.044191
204,118.779342166667,32.044191
205,118.779342166667,32.044191
206,118.779342166667,32.044191
207,118.779342166667,32.044191
208,118.779342166667,32.044191
209,118.779342166667,32.044191
210,118.779342166667,32.044191
211,118.779342166667,32.044191
212,118.779342166667,32.044191
213,118.779342166667,32.044191
214,118.779342166667,32.044191
215,118.779342166667,32.044191
216,118.779342166667,32.044191
217,118.779342166667,32.044191
218,118.779342166667,32.044191
219,118.7793445,32.044187
220,118.7793445,32.044187
221,118.7793445,32.044187
222,118.7793445,32.044187
223,118.7793445,32.044187
224,118.7793445,32.044187
225,118.7793445,32.044187
226,118.7793445,32.044187
227,118.7793445,32.044187
228,118.779334166667,32.0441866666667
229,118.779334166667,32.0441866666667
230,118.779334166667,32.0441866666667
231,118.779334166667,32.0441866666667
232,118.779334166667,32.0441866666667
233,118.779334166667,32.0441866666667
234,118.779334166667,32.0441866666667
235,118.779334166667,32.0441866666667
236,118.779334166667,32.0441866666667
237,118.779334166667,32.0441866666667
238,118.779334166667,32.0441866666667
239,118.779334166667,32.0441866666667
240,118.779323333333,32.044189
241,118.779323,32.0441908333333
242,118.779323,32.0441908333333
243,118.779323,32.0441908333333
244,118.779322833333,32.0441908333333
245,118.779323,32.0441901666667
246,118.779323,32.0441901666667
247,118.779323,32.0441901666667
248,118.779323,32.0441901666667
249,118.779323,32.0441901666667
250,118.779323,32.0441901666667
251,118.779323,32.0441901666667
252,118.779323,32.0441901666667
253,118.779323,32.0441901666667
254,118.779323,32.0441901666667
255,118.779323,32.0441901666667
256,118.779323666667,32.0441888333333
257,118.779323666667,32.0441888333333
258,118.779323666667,32.0441888333333
259,118.779323666667,32.0441888333333
260,118.779323666667,32.0441888333333
261,118.779323666667,32.0441888333333
262,118.779323666667,32.0441888333333
263,118.779323666667,32.0441888333333
264,118.779323666667,32.0441888333333
265,118.779327,32.0441903333333
266,118.779327,32.0441893333333
267,118.7793305,32.0441896666667
268,118.779332833333,32.0441901666667
269,118.7793325,32.04419
270,118.7793325,32.04419
271,118.779329333333,32.0441883333333
272,118.779327666667,32.0441878333333
273,118.779329166667,32.0441871666667
274,118.779331833333,32.0441876666667
275,118.779334,32.0441881666667
276,118.779334,32.0441881666667
277,118.779328333333,32.0441886666667
278,118.779328333333,32.0441886666667
279,118.779328333333,32.0441866666667
280,118.779328333333,32.0441866666667
281,118.779328333333,32.0441866666667
282,118.779328333333,32.0441866666667
283,118.779328333333,32.0441866666667
284,118.779328166667,32.0441871666667
285,118.779328166667,32.0441871666667
286,118.779328166667,32.0441871666667
287,118.779328166667,32.0441871666667
288,118.779328166667,32.0441871666667
289,118.779328166667,32.0441871666667
290,118.779327166667,32.0441866666667
291,118.779327166667,32.0441866666667
292,118.779327166667,32.0441866666667
293,118.779327166667,32.0441866666667
294,118.779327166667,32.0441866666667
295,118.779327166667,32.0441866666667
296,118.779327166667,32.0441866666667
297,118.779327166667,32.0441866666667
298,118.779327166667,32.0441866666667
299,118.779327166667,32.0441866666667
300,118.779327166667,32.0441866666667
301,118.779327166667,32.0441866666667
302,118.779327166667,32.0441866666667
303,118.779327166667,32.0441866666667
304,118.779327166667,32.0441866666667
305,118.779327166667,32.0441866666667
306,118.779327166667,32.0441866666667
307,118.779327166667,32.0441866666667
308,118.779328666667,32.044188
309,118.779328666667,32.044188
310,118.779328666667,32.044188
311,118.779328666667,32.044188
312,118.779328666667,32.044188
313,118.779328666667,32.044188
314,118.779328666667,32.044188
315,118.779328666667,32.044188
316,118.779328666667,32.044188
317,118.779328666667,32.044188
318,118.779328666667,32.044188
319,118.779328666667,32.044188
320,118.779328666667,32.044188
321,118.779328666667,32.044188
322,118.779328666667,32.044188
323,118.779328666667,32.044188
324,118.779333833333,32.0441886666667
325,118.779333833333,32.0441886666667
326,118.779333833333,32.0441886666667
327,118.779333833333,32.0441886666667
328,118.779333833333,32.0441886666667
329,118.779333833333,32.0441886666667
330,118.779333833333,32.0441886666667
331,118.779333833333,32.0441886666667
332,118.779333833333,32.0441886666667
333,118.779333833333,32.0441886666667
334,118.779333833333,32.0441886666667
335,118.779333833333,32.0441886666667
336,118.779333833333,32.0441886666667
337,118.779333833333,32.0441886666667
338,118.779333166667,32.0441915
339,118.779333166667,32.0441915
340,118.779333166667,32.0441915
341,118.779332166667,32.0441921666667
342,118.779332166667,32.0441921666667
343,118.779332166667,32.0441921666667
344,118.779332166667,32.0441921666667
345,118.779332166667,32.0441921666667
346,118.779332166667,32.0441921666667
347,118.779332166667,32.0441921666667
348,118.779332166667,32.0441921666667
349,118.779332166667,32.0441921666667
350,118.779332166667,32.0441921666667
351,118.779332166667,32.0441921666667
352,118.779332166667,32.0441921666667
353,118.779332166667,32.0441921666667
354,118.779332166667,32.0441921666667
355,118.779332166667,32.0441921666667
356,118.779333166667,32.044191
357,118.779333166667,32.044191
358,118.779335,32.044189
359,118.779335,32.044189
360,118.779335,32.044189
361,118.779337666667,32.044186
362,118.7793415,32.0441836666667
363,118.779332833333,32.0441806666667
364,118.779328333333,32.0441775
365,118.779327,32.0441741666667
366,118.779327,32.0441741666667
367,118.779327,32.0441741666667
368,118.779327,32.0441741666667
369,118.779329,32.044171
370,118.779329,32.044171
371,118.779329,32.044171
372,118.77933,32.0441698333333
373,118.779328166667,32.044167
374,118.7793195,32.0441635
375,118.779315833333,32.0441605
376,118.7793125,32.044157
377,118.7793125,32.0441565
378,118.779312666667,32.0441558333333
379,118.779313666667,32.0441561666667
380,118.779314666667,32.0441568333333
381,118.779314666667,32.0441568333333
382,118.779314666667,32.0441568333333
383,118.779316333333,32.0441576666667
384,118.779314,32.0441593333333
385,118.779309833333,32.0441605
386,118.779312333333,32.0441616666667
387,118.779310333333,32.0441645
388,118.779310333333,32.0441645
389,118.779310333333,32.0441645
390,118.779310333333,32.0441645
391,118.779310333333,32.0441645
392,118.779310333333,32.0441645
393,118.779316666667,32.0441655
394,118.779323,32.0441658333333
395,118.779328666667,32.0441655
396,118.779338,32.0441655
397,118.7793475,32.0441643333333
398,118.779353333333,32.044163
399,118.779353333333,32.044163
400,118.779353333333,32.044163
401,118.779353333333,32.044163
402,118.779356833333,32.04416
403,118.779356833333,32.04416
404,118.779358333333,32.0441606666667
405,118.779358333333,32.0441606666667
406,118.779359666667,32.0441601666667
407,118.779352,32.0441576666667
408,118.779348666667,32.044155
409,118.779343166667,32.0441523333333
410,118.7793355,32.0441485
411,118.779327666667,32.0441446666667
412,118.779320833333,32.044142
413,118.779320333333,32.0441428333333
414,118.779319666667,32.0441436666667
415,118.779313666667,32.044149
416,118.7793125,32.0441506666667
417,118.779309,32.0441525
418,118.779305,32.0441545
419,118.779301333333,32.0441551666667
420,118.779296833333,32.0441563333333
421,118.779292,32.0441551666667
422,118.779284166667,32.0441551666667
423,118.779275,32.0441556666667
424,118.779268166667,32.0441588333333
425,118.779262333333,32.044162
426,118.779255333333,32.044164
427,118.779252666667,32.0441663333333
428,118.779249,32.0441678333333
429,118.779243333333,32.0441673333333
430,118.779236666667,32.044166
431,118.779234166667,32.044165
432,118.779231666667,32.0441638333333
433,118.7792235,32.0441631666667
434,118.779218333333,32.0441656666667
435,118.779214333333,32.044167
436,118.7792135,32.0441665
437,118.779213333333,32.044167
438,118.779213333333,32.044167
439,118.779213333333,32.044167
440,118.779213333333,32.044167
441,118.779213333333,32.044167
442,118.779213333333,32.044167
443,118.779213333333,32.044167
444,118.7792065,32.0441623333333
445,118.7792025,32.044161
446,118.779198166667,32.044159
447,118.779197833333,32.0441538333333
448,118.779197,32.0441498333333
449,118.779201166667,32.0441433333333
450,118.779207666667,32.0441385
451,118.779217166667,32.0441356666667
452,118.779223166667,32.044132
453,118.779226166667,32.0441231666667
454,118.779232,32.0441106666667
455,118.779244333333,32.0441083333333
456,118.779259333333,32.0441005
457,118.779273,32.0440995
458,118.779273,32.0440995
459,118.779273,32.0440995
460,118.779273,32.0440995
461,118.779273,32.0440995
462,118.779273,32.0440995
463,118.779273,32.0440995
464,118.779273,32.0440995
465,118.779273,32.0440995
466,118.779273,32.0440995
467,118.779273,32.0440995
468,118.779273,32.0440995
469,118.779273,32.0440995
470,118.779273,32.0440995
471,118.779273,32.0440995
472,118.779273,32.0440995
473,118.779273,32.0440995
474,118.779273,32.0440995
475,118.779273,32.0440995
476,118.779273,32.0440995
477,118.779287,32.0440843333333
478,118.779287,32.0440843333333
479,118.779308833333,32.0441108333333
480,118.7793245,32.0441341666667
481,118.779342166667,32.0441566666667
482,118.7793565,32.0441721666667
483,118.779359833333,32.0441801666667
484,118.779407666667,32.0442015
485,118.779463666667,32.0442416666667
486,118.779476166667,32.0442486666667
487,118.779477833333,32.0442488333333
488,118.779481,32.0442491666667
489,118.779474666667,32.0442236666667
490,118.779463,32.0442128333333
491,118.779452666667,32.044209
492,118.779436166667,32.044225
493,118.779433333333,32.0442196666667
494,118.7794135,32.044195
495,118.779381833333,32.0441933333333
496,118.779373666667,32.0441925
497,118.7793685,32.0441855
498,118.779365166667,32.044184
499,118.779365,32.044186
500,118.779365,32.0441868333333
501,118.779367833333,32.0441888333333
502,118.779374,32.0441896666667
503,118.779375833333,32.0441866666667
504,118.779383666667,32.0441866666667
505,118.779390333333,32.0441856666667
506,118.779396333333,32.0441865
507,118.779399666667,32.0441851666667
508,118.779402833333,32.0441826666667
509,118.7794055,32.0441768333333
510,118.779407166667,32.0441698333333
511,118.779410166667,32.0441665
512,118.779399833333,32.0441538333333
513,118.779385666667,32.0441531666667
514,118.779383833333,32.0441486666667
515,118.779382333333,32.0441488333333
516,118.779377833333,32.0441476666667
517,118.779372333333,32.0441453333333
518,118.779368166667,32.0441445
519,118.7793635,32.0441438333333
520,118.779362166667,32.0441431666667
521,118.779359666667,32.0441415
522,118.779359666667,32.0441415
523,118.779359666667,32.0441415
524,118.779359666667,32.0441415
525,118.779359666667,32.0441415
526,118.779359666667,32.0441415
527,118.779359666667,32.0441415
528,118.779359666667,32.0441415
529,118.779359666667,32.0441415
530,118.779359666667,32.0441415
531,118.779359666667,32.0441415
532,118.779359666667,32.0441415
533,118.779359666667,32.0441415
534,118.779359666667,32.0441415
535,118.779359666667,32.0441415
536,118.779359666667,32.0441415
537,118.779359666667,32.0441415
538,118.779359666667,32.0441415
539,118.779359666667,32.0441415
540,118.779359666667,32.0441415
541,118.779359666667,32.0441415
542,118.779361166667,32.0441433333333
543,118.779361166667,32.0441433333333
544,118.779361166667,32.0441433333333
545,118.779361166667,32.0441433333333
546,118.779361166667,32.0441433333333
547,118.779361166667,32.0441433333333
548,118.779361166667,32.0441433333333
549,118.779361166667,32.0441433333333
550,118.779361166667,32.0441433333333
551,118.779361166667,32.0441433333333
552,118.779361166667,32.0441433333333
553,118.779361166667,32.0441433333333
554,118.779361166667,32.0441433333333
555,118.779367333333,32.0441385
556,118.779367333333,32.0441385
557,118.779368,32.0441371666667
558,118.779368666667,32.0441358333333
559,118.779368666667,32.0441358333333
560,118.779368666667,32.0441358333333
561,118.779368666667,32.0441358333333
562,118.779368666667,32.0441358333333
563,118.779368666667,32.0441358333333
564,118.779368666667,32.0441358333333
565,118.779370333333,32.0441361666667
566,118.779370333333,32.0441361666667
567,118.779370333333,32.0441361666667
568,118.779370333333,32.0441361666667
569,118.779370333333,32.0441361666667
570,118.779370333333,32.0441361666667
571,118.779370333333,32.0441361666667
572,118.779370333333,32.0441361666667
573,118.779370333333,32.0441361666667
574,118.779370333333,32.0441361666667
575,118.779370333333,32.0441361666667
576,118.779370333333,32.0441361666667
577,118.779370333333,32.0441361666667
578,118.779370333333,32.0441361666667
579,118.779369333333,32.044154
580,118.7793715,32.0441566666667
581,118.7793755,32.0441596666667
582,118.77938,32.0441626666667
583,118.779380833333,32.0441668333333
584,118.779383333333,32.0441728333333
585,118.779385,32.0441776666667
586,118.779385833333,32.0441831666667
587,118.779385333333,32.0441903333333
588,118.779387333333,32.0441983333333
589,118.779390166667,32.0442075
590,118.779389833333,32.044219
591,118.779384333333,32.0442295
592,118.779388166667,32.044234
593,118.779387166667,32.0442396666667
594,118.779386,32.0442455
595,118.779388666667,32.0442718333333
596,118.779391166667,32.0442846666667
597,118.779393333333,32.0443011666667
598,118.779388833333,32.04432
599,118.779387666667,32.0443301666667
600,118.779394666667,32.0443431666667
601,118.7793965,32.044357
602,118.779399166667,32.0443676666667
603,118.779401333333,32.0443773333333
604,118.779413,32.0443845
605,118.779413666667,32.0443898333333
606,118.779413666667,32.0443958333333
607,118.779413833333,32.0443991666667
608,118.779414333333,32.0444081666667
609,118.779414166667,32.0444171666667
610,118.779412333333,32.0444266666667
611,118.779411166667,32.0444316666667
612,118.779409833333,32.0444366666667
613,118.779407,32.04446
614,118.779408666667,32.0444758333333
615,118.779407666667,32.0444903333333
616,118.779403166667,32.0445011666667
617,118.779399333333,32.0445063333333
618,118.779394833333,32.0445098333333
619,118.779394666667,32.0445106666667
620,118.779392666667,32.0445085
621,118.779389666667,32.0445093333333
622,118.779386833333,32.0445121666667
623,118.779384333333,32.0445138333333
624,118.779381,32.0445148333333
625,118.779376333333,32.0445175
626,118.779367333333,32.0445183333333
627,118.779359666667,32.0445215
628,118.779355166667,32.0445261666667
629,118.779353,32.0445285
630,118.779350666667,32.044531
631,118.779340333333,32.0445433333333
632,118.7793345,32.0445476666667
633,118.779326666667,32.0445508333333
634,118.779318333333,32.0445543333333
635,118.779309833333,32.0445578333333
636,118.779301,32.0445616666667
637,118.779292833333,32.0445678333333
638,118.779284333333,32.0445723333333
639,118.7792775,32.0445765
640,118.779271666667,32.0445803333333
641,118.779266,32.0445836666667
642,118.779259,32.0445885
643,118.779251,32.0445926666667
644,118.779242333333,32.0445928333333
645,118.7792355,32.0445933333333
646,118.779231666667,32.0445983333333
647,118.7792305,32.0446018333333
648,118.779229333333,32.0446053333333
649,118.779224166667,32.0446205
650,118.779222,32.0446268333333
651,118.779220166667,32.044632
652,118.779214833333,32.04464
653,118.779205666667,32.0446458333333
654,118.7792,32.044652
655,118.779197333333,32.0446593333333
656,118.779190666667,32.0446616666667
657,118.779185,32.0446633333333
658,118.7791795,32.0446673333333
659,118.779176333333,32.0446686666667
660,118.7791735,32.0446715
661,118.779171,32.0446738333333
662,118.7791715,32.0446783333333
663,118.779170833333,32.0446821666667
664,118.779168833333,32.0446868333333
665,118.779169333333,32.0446878333333
666,118.779169833333,32.0446888333333
667,118.779172666667,32.0446985
668,118.779169666667,32.0447098333333
669,118.779165666667,32.0447195
670,118.779166166667,32.0447316666667
671,118.779168833333,32.0447436666667
672,118.779168833333,32.0447505
673,118.779165833333,32.0447565
674,118.779166833333,32.0447606666667
675,118.779172166667,32.0447695
676,118.779175333333,32.0447785
677,118.779173833333,32.0447868333333
678,118.779175833333,32.0447925
679,118.779179333333,32.044799
680,118.779174166667,32.0448068333333
681,118.779166833333,32.0448145
682,118.7791655,32.04482
683,118.779163,32.0448248333333
684,118.779160333333,32.0448296666667
685,118.779151,32.044851
686,118.7791455,32.044865
687,118.779141833333,32.0448755
688,118.779135333333,32.0448868333333
689,118.779129833333,32.0448988333333
690,118.7791245,32.0449091666667
691,118.779124666667,32.0449173333333
692,118.779124,32.0449253333333
693,118.779122,32.0449348333333
694,118.779121,32.0449438333333
695,118.7791115,32.0449553333333
696,118.779113166667,32.0449645
697,118.7791065,32.0449783333333
698,118.779107333333,32.0449906666667
699,118.779106,32.0450008333333
700,118.779104,32.0450073333333
701,118.779103833333,32.0450111666667
702,118.779103666667,32.045015
703,118.779103666667,32.0450323333333
704,118.779103666667,32.0450401666667
705,118.7791025,32.0450476666667
706,118.779100666667,32.0450545
707,118.779100333333,32.045062
708,118.779099,32.0450696666667
709,118.7790985,32.0450776666667
710,118.779097833333,32.0450861666667
711,118.779099666667,32.0450948333333
712,118.779101,32.045105
713,118.779102666667,32.0451143333333
714,118.779103166667,32.0451225
715,118.779104666667,32.0451308333333
716,118.779106333333,32.0451386666667
717,118.7791085,32.0451475
718,118.779110166667,32.0451576666667
719,118.779110833333,32.0451626666667
720,118.779111666667,32.0451676666667
721,118.779113166667,32.0451831666667
722,118.779114333333,32.0451895
723,118.779116,32.0451951666667
724,118.779118,32.0452018333333
725,118.779122166667,32.0452083333333
726,118.779126166667,32.0452135
727,118.779132,32.045221
728,118.779137333333,32.0452301666667
729,118.779140833333,32.0452393333333
730,118.7791445,32.0452481666667
731,118.779149666667,32.0452571666667
732,118.779156,32.045268
733,118.779161666667,32.0452781666667
734,118.779163166667,32.0452893333333
735,118.779165,32.0453001666667
736,118.7791655,32.0453081666667
737,118.779166,32.0453113333333
738,118.779166666667,32.0453145
739,118.7791725,32.0453308333333
740,118.779171,32.0453375
741,118.779167666667,32.0453451666667
742,118.779163833333,32.0453528333333
743,118.7791615,32.045361
744,118.779155,32.0453695
745,118.779147,32.0453761666667
746,118.779145333333,32.0453823333333
747,118.779141833333,32.0453885
748,118.779145166667,32.0453936666667
749,118.779149166667,32.0453985
750,118.779157166667,32.0454026666667
751,118.779161666667,32.0454043333333
752,118.779168666667,32.045404
753,118.779172333333,32.04541
754,118.7791745,32.0454156666667
755,118.779174833333,32.0454165
756,118.779175166667,32.0454173333333
757,118.7791795,32.0454276666667
758,118.779182833333,32.0454308333333
759,118.7791845,32.0454353333333
760,118.7791875,32.0454386666667
761,118.779205333333,32.0454455
762,118.779210166667,32.0454476666667
763,118.779212,32.0454485
764,118.779203833333,32.0454513333333
765,118.779196,32.0454578333333
766,118.779193833333,32.0454605
767,118.779193666667,32.0454643333333
768,118.779198833333,32.0454656666667
769,118.779204166667,32.0454668333333
770,118.779214,32.045471
771,118.779218,32.0454728333333
772,118.77922,32.0454765
773,118.779222166667,32.0454805
774,118.7792245,32.0454846666667
775,118.779217166667,32.0454945
776,118.779214,32.045494
777,118.779204166667,32.0454973333333
778,118.779193333333,32.045496
779,118.779186333333,32.0454955
780,118.779165166667,32.0454963333333
781,118.779157333333,32.0454956666667
782,118.779146833333,32.0454941666667
783,118.779136333333,32.0454958333333
784,118.7791275,32.0454978333333
785,118.779117166667,32.0455038333333
786,118.779109166667,32.0455126666667
787,118.779101833333,32.0455271666667
788,118.779092,32.045543
789,118.7790875,32.0455521666667
790,118.779084,32.0455678333333
791,118.779085833333,32.0455738333333
792,118.779087833333,32.04558
793,118.779088666667,32.0456041666667
794,118.779088166667,32.0456143333333
795,118.779088666667,32.045623
796,118.779090333333,32.0456341666667
797,118.7790955,32.0456441666667
798,118.779101666667,32.0456555
799,118.779108166667,32.0456635
800,118.779114166667,32.0456705
801,118.779128666667,32.0456786666667
802,118.779150833333,32.0456876666667
803,118.779163333333,32.0457061666667
804,118.779170333333,32.0457203333333
805,118.779180333333,32.0457316666667
806,118.779191666667,32.0457413333333
807,118.779197333333,32.045747
808,118.779205333333,32.0457483333333
809,118.779208666667,32.04575
810,118.779212,32.0457516666667
811,118.779227166667,32.045762
812,118.77923,32.0457666666667
813,118.7792305,32.0457733333333
814,118.7792315,32.0457798333333
815,118.779233,32.0457863333333
816,118.779230166667,32.045792
817,118.779230666667,32.0458
818,118.779229666667,32.0458073333333
819,118.7792265,32.0458165
820,118.779225333333,32.0458276666667
821,118.779224666667,32.0458395
822,118.779225666667,32.0458496666667
823,118.779229166667,32.0458603333333
824,118.779236333333,32.045872
825,118.779240833333,32.0458801666667
826,118.779241833333,32.0458905
827,118.779241333333,32.0458948333333
828,118.779240833333,32.0458991666667
829,118.779231166667,32.045916
830,118.779224833333,32.0459201666667
831,118.7792165,32.0459215
832,118.779208166667,32.0459231666667
833,118.7791995,32.045928
834,118.779190333333,32.0459343333333
835,118.779187333333,32.0459458333333
836,118.779191,32.0459561666667
837,118.779197166667,32.0459661666667
838,118.779204166667,32.0459773333333
839,118.779210833333,32.0459896666667
840,118.779218666667,32.0460003333333
841,118.779226333333,32.0460086666667
842,118.779233833333,32.0460153333333
843,118.779241333333,32.0460225
844,118.779249833333,32.0460298333333
845,118.779255,32.0460341666667
846,118.779260333333,32.0460385
847,118.779274333333,32.0460526666667
848,118.779280166667,32.0460606666667
849,118.779284666667,32.0460695
850,118.779290333333,32.0460793333333
851,118.779295833333,32.0460876666667
852,118.779299,32.0460943333333
853,118.779299166667,32.0461015
854,118.7792945,32.0461071666667
855,118.7792895,32.046112
856,118.779284,32.0461178333333
857,118.779274,32.046124
858,118.779266166667,32.046133
859,118.779259,32.0461391666667
860,118.779251333333,32.046147
861,118.779246333333,32.0461525
862,118.779241166667,32.0461603333333
863,118.779240833333,32.0461625
864,118.7792405,32.0461646666667
865,118.7792435,32.0461645
866,118.7792435,32.0461645
867,118.7792405,32.0461633333333
868,118.779239333333,32.046166
869,118.779238833333,32.046169
870,118.779239333333,32.0461731666667
871,118.779241,32.0461783333333
872,118.779256166667,32.046188
873,118.779255666667,32.0461963333333
874,118.779267166667,32.0462071666667
875,118.779271333333,32.0462125
876,118.779270666667,32.0462188333333
877,118.779267,32.0462318333333
878,118.779265166667,32.046245
879,118.779267333333,32.0462575
880,118.779273,32.046268
881,118.779276,32.0462768333333
882,118.779257333333,32.0462913333333
883,118.779250666667,32.0463003333333
884,118.779242833333,32.0463133333333
885,118.779233,32.0463186666667
886,118.779228166667,32.0463295
887,118.779222833333,32.0463408333333
888,118.779218666667,32.0463451666667
889,118.779212833333,32.0463505
890,118.7792115,32.0463568333333
891,118.779204833333,32.046367
892,118.779199666667,32.046376
893,118.7791945,32.0463853333333
894,118.779193333333,32.0463923333333
895,118.779191666667,32.0463971666667
896,118.779181833333,32.0464033333333
897,118.779173166667,32.0464081666667
898,118.779169666667,32.0464133333333
899,118.7791695,32.0464161666667
900,118.779169333333,32.0464191666667
901,118.7791705,32.0464341666667
902,118.77917,32.0464406666667
903,118.779167166667,32.0464481666667
904,118.779165,32.0464575
905,118.779160166667,32.0464678333333
906,118.779158166667,32.0464761666667
907,118.779155666667,32.0464835
908,118.7791525,32.0464923333333
909,118.779149833333,32.0465005
910,118.779148666667,32.0465096666667
911,118.779147166667,32.0465178333333
912,118.779146333333,32.0465278333333
913,118.779145,32.0465353333333
914,118.7791425,32.0465448333333
915,118.779141,32.0465541666667
916,118.779138,32.0465643333333
917,118.779136333333,32.0465738333333
918,118.779138166667,32.0465848333333
919,118.779141833333,32.046596
920,118.779143666667,32.0466083333333
921,118.7791425,32.0466218333333
922,118.779139333333,32.0466353333333
923,118.779140833333,32.0466463333333
924,118.779142333333,32.0466571666667
925,118.779143666667,32.0466696666667
926,118.779146166667,32.0466798333333
927,118.779150166667,32.046687
928,118.779151,32.0466965
929,118.7791525,32.0467066666667
930,118.7791565,32.0467148333333
931,118.779161833333,32.0467258333333
932,118.779169333333,32.0467356666667
933,118.779173166667,32.0467411666667
934,118.779174833333,32.0467465
935,118.779179166667,32.0467541666667
936,118.7791855,32.046761
937,118.779188333333,32.0467671666667
938,118.779190666667,32.0467746666667
939,118.779187,32.046784
940,118.779184666667,32.0467935
941,118.7791805,32.046803
942,118.779176833333,32.0468126666667
943,118.7791735,32.0468228333333
944,118.779171666667,32.0468321666667
945,118.779173666667,32.046838
946,118.779172,32.0468451666667
947,118.779173833333,32.0468521666667
948,118.779176,32.046859
949,118.779181333333,32.0468656666667
950,118.779189333333,32.0468743333333
951,118.779193,32.0468845
952,118.779194166667,32.0468951666667
953,118.779194166667,32.0469013333333
954,118.779194166667,32.0469075
955,118.779195,32.0469233333333
956,118.779191166667,32.0469283333333
957,118.7791785,32.0469346666667
958,118.779169166667,32.0469426666667
959,118.779162833333,32.0469523333333
960,118.779162333333,32.0469638333333
961,118.779165333333,32.0469751666667
962,118.779165,32.0469835
963,118.779160833333,32.0469898333333
964,118.779154833333,32.0469935
965,118.779147833333,32.0469963333333
966,118.779142833333,32.046999
967,118.779134833333,32.047005
968,118.779130333333,32.0470115
969,118.779128333333,32.0470166666667
970,118.7791335,32.0470248333333
971,118.779136333333,32.047028
972,118.779139333333,32.0470311666667
973,118.779152833333,32.0470406666667
974,118.779157833333,32.0470453333333
975,118.7791625,32.0470493333333
976,118.779163166667,32.0470523333333
977,118.779156833333,32.0470543333333
978,118.779151833333,32.0470576666667
979,118.779152333333,32.0470621666667
980,118.779156333333,32.0470676666667
981,118.779159333333,32.0470715
982,118.779160666667,32.0470736666667
983,118.779163333333,32.0470765
984,118.779163,32.0470808333333
985,118.779159666667,32.0470883333333
986,118.779163166667,32.0470921666667
987,118.779166,32.0470943333333
988,118.779169666667,32.0470991666667
989,118.7791725,32.0471013333333
990,118.779175333333,32.0471035
991,118.779184833333,32.0471138333333
992,118.7791925,32.0471233333333
993,118.779202666667,32.047135
994,118.779204333333,32.047148
995,118.779208833333,32.0471576666667
996,118.779226,32.0471733333333
997,118.779231,32.0471831666667
998,118.779251166667,32.0471995
999,118.779257333333,32.0472095
1000,118.779263333333,32.0472233333333
1001,118.7792735,32.0472346666667
1002,118.779285166667,32.0472451666667
1003,118.779282166667,32.0472523333333
1004,118.779280166667,32.0472586666667
1005,118.779271166667,32.0472696666667
1006,118.779270666667,32.0472795
1007,118.7792705,32.0472835
1008,118.779270166667,32.0472876666667
1009,118.779268,32.0473111666667
1010,118.779265,32.0473203333333
1011,118.779263,32.0473303333333
1012,118.7792665,32.0473378333333
1013,118.779270333333,32.047349
1014,118.779273333333,32.0473578333333
1015,118.779276,32.0473573333333
1016,118.779279166667,32.0473565
1017,118.779277,32.0473571666667
1018,118.779281166667,32.0473483333333
1019,118.779277666667,32.0473485
1020,118.779279833333,32.0473406666667
1021,118.779277166667,32.0473378333333
1022,118.779283833333,32.0473356666667
1023,118.779289333333,32.0473321666667
1024,118.7792935,32.0473303333333
1025,118.7792965,32.0473286666667
1026,118.779299666667,32.047327
1027,118.779319166667,32.047326
1028,118.779328833333,32.0473261666667
1029,118.7793405,32.0473256666667
1030,118.779349666667,32.0473258333333
1031,118.7793575,32.0473276666667
1032,118.77937,32.047327
1033,118.779378666667,32.0473253333333
1034,118.7793885,32.0473218333333
1035,118.779396833333,32.0473191666667
1036,118.7794045,32.0473146666667
1037,118.7794115,32.0473101666667
1038,118.779421166667,32.0473061666667
1039,118.779429,32.0473015
1040,118.779436,32.0472968333333
1041,118.779441166667,32.0472888333333
1042,118.779448,32.0472846666667
1043,118.779450333333,32.0472818333333
1044,118.779452666667,32.0472788333333
1045,118.7794625,32.0472645
1046,118.779466333333,32.0472576666667
1047,118.779469833333,32.0472455
1048,118.7794725,32.0472326666667
1049,118.779476833333,32.0472185
1050,118.779483333333,32.0472086666667
1051,118.779488333333,32.0472016666667
1052,118.779492,32.0471945
1053,118.779497166667,32.0471881666667
1054,118.779504166667,32.0471851666667
1055,118.779510666667,32.0471821666667
1056,118.779518333333,32.047179
1057,118.779528333333,32.0471745
1058,118.7795395,32.0471716666667
1059,118.7795465,32.04717
1060,118.779554666667,32.0471711666667
1061,118.779560333333,32.04717
1062,118.779560166667,32.0471628333333
1063,118.779555833333,32.047156
1064,118.7795545,32.0471555
1065,118.779554333333,32.047152
1066,118.779555833333,32.0471491666667
1067,118.779557833333,32.0471488333333
1068,118.7795575,32.04715
1069,118.7795595,32.0471546666667
1070,118.779563,32.04716
1071,118.779567833333,32.0471643333333
1072,118.7795725,32.0471686666667
1073,118.7795915,32.0471716666667
1074,118.779607833333,32.0471946666667
1075,118.779611166667,32.047193
1076,118.779614833333,32.047191
1077,118.7796155,32.0471913333333
1078,118.779621,32.0471956666667
1079,118.779626666667,32.0471995
1080,118.779632333333,32.0472033333333
1081,118.779648,32.0472031666667
1082,118.779650666667,32.0472155
1083,118.779640833333,32.0472018333333
1084,118.779644333333,32.0471791666667
1085,118.779644666667,32.0471743333333
1086,118.779647,32.047177
1087,118.779647333333,32.047178
1088,118.7796485,32.0471786666667
1089,118.7796485,32.0471835
1090,118.779650333333,32.0471895
1091,118.779658,32.0471975
1092,118.779666166667,32.0472056666667
1093,118.779670833333,32.0472171666667
1094,118.779679,32.047226
1095,118.779680833333,32.0472291666667
1096,118.779681,32.0472313333333
1097,118.779681333333,32.0472346666667
1098,118.779681833333,32.0472381666667
1099,118.779690166667,32.0472543333333
1100,118.779690833333,32.047267
1101,118.779690833333,32.0472771666667
1102,118.779692833333,32.0472901666667
1103,118.7796905,32.0473005
1104,118.7796895,32.047309
1105,118.779690166667,32.047318
1106,118.779688,32.0473228333333
1107,118.779682833333,32.0473251666667
1108,118.779681333333,32.0473285
1109,118.779682666667,32.047334
1110,118.779681,32.0473406666667
1111,118.779677166667,32.0473481666667
1112,118.779675166667,32.0473563333333
1113,118.779674166667,32.0473616666667
1114,118.779670666667,32.0473585
1115,118.779671166667,32.0473563333333
1116,118.779671833333,32.0473541666667
1117,118.779674,32.0473561666667
1118,118.779674,32.0473561666667
1119,118.779677166667,32.0473606666667
1120,118.779679,32.0473745
1121,118.779677166667,32.0473961666667
1122,118.779672166667,32.047417
1123,118.779668666667,32.0474275
1124,118.7796655,32.0474335
1125,118.779663833333,32.0474405
1126,118.779668,32.0474471666667
1127,118.779673666667,32.0474573333333
1128,118.779678,32.0474678333333
1129,118.779674833333,32.047473
1130,118.779672833333,32.047476
1131,118.77967,32.0474805
1132,118.7796675,32.0474841666667
1133,118.7796665,32.0474858333333
1134,118.779665333333,32.0474876666667
1135,118.779657,32.0474968333333
1136,118.779632666667,32.0474883333333
1137,118.779613833333,32.0474751666667
1138,118.779598833333,32.0474731666667
1139,118.779587,32.0474775
1140,118.779577833333,32.0474843333333
1141,118.779568333333,32.0474911666667
1142,118.779560166667,32.0475021666667
1143,118.779550166667,32.04751
1144,118.779544166667,32.0475186666667
1145,118.779536333333,32.047527
1146,118.779528833333,32.0475328333333
1147,118.779517833333,32.0475378333333
1148,118.779506,32.0475445
1149,118.779491666667,32.0475465
1150,118.779481166667,32.0475498333333
1151,118.779476,32.0475505
1152,118.779470666667,32.0475513333333
1153,118.779450666667,32.047563
1154,118.779441666667,32.0475646666667
1155,118.7794315,32.0475648333333
1156,118.779421666667,32.0475676666667
1157,118.779412333333,32.04757
1158,118.779404666667,32.0475721666667
1159,118.779396,32.0475716666667
1160,118.779389333333,32.0475711666667
1161,118.779381666667,32.047569
1162,118.7793755,32.0475655
1163,118.779369666667,32.047562
1164,118.779364666667,32.0475596666667
1165,118.779357333333,32.0475588333333
1166,118.779349666667,32.0475603333333
1167,118.779340333333,32.0475623333333
1168,118.779331833333,32.0475655
1169,118.779326833333,32.0475673333333
1170,118.779321666667,32.0475691666667
1171,118.779303666667,32.0475761666667
1172,118.779295,32.0475783333333
1173,118.779287166667,32.04758
1174,118.77928,32.0475805
1175,118.779267666667,32.0475795
1176,118.779255,32.0475778333333
1177,118.779243833333,32.0475785
1178,118.779234666667,32.0475786666667
1179,118.779228833333,32.0475775
1180,118.7792225,32.047574
1181,118.779217833333,32.0475691666667
1182,118.7792125,32.0475646666667
1183,118.779209,32.0475618333333
1184,118.779210833333,32.0475588333333
1185,118.7792125,32.0475556666667
1186,118.7792135,32.0475523333333
1187,118.779213833333,32.0475505
1188,118.779214333333,32.0475486666667
1189,118.77922,32.0475398333333
1190,118.779220166667,32.0475338333333
1191,118.779221166667,32.0475278333333
1192,118.779222,32.0475216666667
1193,118.779223333333,32.0475165
1194,118.779229333333,32.0475086666667
1195,118.779238833333,32.0475018333333
1196,118.779248666667,32.047497
1197,118.779259666667,32.0474978333333
1198,118.779267666667,32.0475011666667
1199,118.779276,32.047506
1200,118.779284833333,32.0475106666667
1201,118.779295166667,32.0475153333333
1202,118.779305833333,32.0475161666667
1203,118.779314333333,32.0475161666667
1204,118.779321333333,32.0475173333333
1205,118.779322666667,32.0475175
1206,118.779324166667,32.0475176666667
1207,118.7793155,32.047508
1208,118.7793115,32.047503
1209,118.779309,32.0474993333333
1210,118.779307666667,32.0474953333333
1211,118.779312333333,32.0474943333333
1212,118.7793175,32.0474936666667
1213,118.779325,32.047494
1214,118.779335333333,32.0474966666667
1215,118.7793445,32.0474955
1216,118.779353666667,32.0474911666667
1217,118.779363,32.0474865
1218,118.7793685,32.0474783333333
1219,118.779374666667,32.0474718333333
1220,118.779379166667,32.0474646666667
1221,118.779380333333,32.0474555
1222,118.779379333333,32.04745
1223,118.779375666667,32.0474466666667
1224,118.779372,32.0474431666667
1225,118.779357166667,32.0474353333333
1226,118.779347833333,32.047432
1227,118.779340333333,32.047428
1228,118.779336166667,32.0474238333333
1229,118.779332166667,32.0474226666667
1230,118.7793265,32.0474231666667
1231,118.779320166667,32.04742
1232,118.779315666667,32.047418
1233,118.779315666667,32.047418
1234,118.779314166667,32.0474151666667
1235,118.779314833333,32.0474141666667
1236,118.779314833333,32.0474141666667
1237,118.779314833333,32.0474141666667
1238,118.779314833333,32.0474141666667
1239,118.779314833333,32.0474141666667
1240,118.779314833333,32.0474141666667
1241,118.779314833333,32.0474141666667
1242,118.779314833333,32.0474141666667
1243,118.779313,32.0474165
1244,118.779313,32.0474165
1245,118.779313,32.0474165
1246,118.779313,32.0474165
1247,118.779313,32.0474165
1248,118.779313,32.0474165
1249,118.779315666667,32.0474161666667
1250,118.779315666667,32.0474161666667
1251,118.779315666667,32.0474161666667
1252,118.779315666667,32.0474161666667
1253,118.779315666667,32.0474161666667
1254,118.779315666667,32.0474161666667
1255,118.779315666667,32.0474161666667
1256,118.7793175,32.0474163333333
1257,118.7793175,32.0474163333333
1258,118.779316666667,32.0474146666667
1259,118.779316666667,32.0474146666667
1260,118.779316666667,32.0474146666667
1261,118.779316666667,32.0474146666667
1262,118.779316666667,32.0474146666667
1263,118.779316666667,32.0474146666667
1264,118.779316666667,32.0474146666667
1265,118.779316666667,32.0474146666667
1266,118.779319,32.0474046666667
1267,118.7793205,32.0474051666667
1268,118.779322166667,32.0474113333333
1269,118.779321333333,32.0474095
1270,118.779318166667,32.0474168333333
1271,118.779312666667,32.0474225
1272,118.779304333333,32.047428
1273,118.779296833333,32.0474345
1274,118.779288666667,32.0474485
1275,118.7792805,32.0474576666667
1276,118.779268833333,32.0474673333333
1277,118.779265666667,32.0474708333333
1278,118.779262333333,32.0474745
1279,118.779254,32.0474848333333
1280,118.779252833333,32.047489
1281,118.7792485,32.047494
1282,118.779245166667,32.0475005
1283,118.7792405,32.0475085
1284,118.779234666667,32.0475153333333
1285,118.779229,32.0475208333333
1286,118.779224166667,32.0475261666667
1287,118.779219166667,32.0475326666667
1288,118.779213833333,32.0475385
1289,118.779207333333,32.0475398333333
1290,118.779204166667,32.0475416666667
1291,118.779201166667,32.047544
1292,118.779197333333,32.0475496666667
1293,118.779196333333,32.047554
1294,118.779195,32.0475566666667
1295,118.7791925,32.0475601666667
1296,118.77919,32.0475638333333
1297,118.779184333333,32.0475763333333
1298,118.7791785,32.0475845
1299,118.779172666667,32.0475886666667
1300,118.779169666667,32.0475933333333
1301,118.779168,32.0476028333333
1302,118.779165,32.04761
1303,118.779162833333,32.0476153333333
1304,118.779164333333,32.0476216666667
1305,118.779162166667,32.0476293333333
1306,118.779158166667,32.0476338333333
1307,118.779156333333,32.0476375
1308,118.779155833333,32.0476391666667
1309,118.779155666667,32.0476423333333
1310,118.779157166667,32.0476445
1311,118.779156833333,32.047643
1312,118.779156333333,32.0476418333333
1313,118.779153833333,32.04764
1314,118.779151333333,32.047638
1315,118.7791435,32.0476291666667
1316,118.779141666667,32.0476246666667
1317,118.779142666667,32.0476206666667
1318,118.7791395,32.0476186666667
1319,118.779135833333,32.0476131666667
1320,118.779133333333,32.0476076666667
1321,118.7791315,32.0476031666667
1322,118.779129833333,32.0475995
1323,118.779126333333,32.0475956666667
1324,118.779123166667,32.047588
1325,118.779122333333,32.0475808333333
1326,118.779123333333,32.0475726666667
1327,118.779124166667,32.0475665
1328,118.779126833333,32.0475588333333
1329,118.77913,32.0475535
1330,118.779130333333,32.047549
1331,118.779131333333,32.047546
1332,118.779132333333,32.0475428333333
1333,118.779129166667,32.0475351666667
1334,118.779129166667,32.0475351666667
1335,118.779129166667,32.0475351666667
1336,118.7791265,32.0475273333333
1337,118.7791265,32.0475273333333
1338,118.7791265,32.0475273333333
1339,118.7791265,32.0475273333333
1340,118.7791265,32.0475273333333
1341,118.779125,32.0475233333333
1342,118.779125333333,32.0475215
1343,118.779123333333,32.047519
1344,118.7791275,32.0475171666667
1345,118.7791305,32.0475123333333
1346,118.779132666667,32.0475091666667
1347,118.7791335,32.047503
1348,118.779132666667,32.047496
1349,118.7791335,32.0474943333333
1350,118.779134333333,32.0474925
1351,118.7791385,32.0474915
1352,118.7791385,32.0474915
1353,118.7791385,32.0474915
1354,118.7791385,32.0474915
1355,118.7791385,32.0474915
1356,118.779136166667,32.0474906666667
1357,118.779133166667,32.0474841666667
1358,118.779129666667,32.0474786666667
1359,118.779125666667,32.0474733333333
1360,118.779125333333,32.0474675
1361,118.779125333333,32.0474625
1362,118.779124333333,32.0474595
1363,118.779124166667,32.047457
1364,118.779123,32.0474526666667
1365,118.779120166667,32.0474455
1366,118.779118,32.0474393333333
1367,118.779118,32.0474378333333
1368,118.779117833333,32.0474363333333
1369,118.779117166667,32.0474321666667
1370,118.779115166667,32.0474291666667
1371,118.779116166667,32.0474238333333
1372,118.779118166667,32.047421
1373,118.779119333333,32.047414
1374,118.7791215,32.0474061666667
1375,118.779121333333,32.047399
1376,118.779122666667,32.0473981666667
1377,118.779122666667,32.047399
1378,118.779122666667,32.047399
1379,118.779122666667,32.047399
1380,118.779122666667,32.047399
1381,118.779122666667,32.047399
1382,118.779122,32.0474075
1383,118.779121666667,32.0474111666667
1384,118.779122833333,32.047413
1385,118.779124833333,32.0474141666667
1386,118.779126833333,32.0474155
1387,118.779130333333,32.0474211666667
1388,118.77914,32.0474265
1389,118.779147,32.0474295
1390,118.779156333333,32.0474335
1391,118.779162666667,32.0474321666667
1392,118.779166333333,32.0474291666667
1393,118.779169666667,32.047426
1394,118.779174,32.0474248333333
1395,118.7791785,32.0474266666667
1396,118.779182166667,32.0474266666667
1397,118.7791865,32.047427
1398,118.779191333333,32.0474258333333
1399,118.779197166667,32.0474215
1400,118.779201333333,32.0474163333333
1401,118.779203666667,32.0474071666667
1402,118.779203,32.0473985
1403,118.779201666667,32.047393
1404,118.779200333333,32.0473875
1405,118.779192666667,32.0473718333333
1406,118.779192666667,32.0473718333333
1407,118.779190333333,32.0473636666667
1408,118.7791895,32.0473531666667
1409,118.779191,32.0473466666667
1410,118.779192166667,32.0473423333333
1411,118.779192833333,32.0473363333333
1412,118.779193833333,32.0473305
1413,118.779194666667,32.047324
1414,118.779194166667,32.0473165
1415,118.779193333333,32.0473073333333
1416,118.779193333333,32.0472995
1417,118.779194833333,32.0472923333333
1418,118.779192833333,32.0472851666667
1419,118.779183166667,32.0472835
1420,118.779180333333,32.0472805
1421,118.7791815,32.0472818333333
1422,118.779182833333,32.0472831666667
1423,118.779182666667,32.0472818333333
1424,118.779182666667,32.0472818333333
1425,118.779182666667,32.0472818333333
1426,118.779182666667,32.0472818333333
1427,118.779182666667,32.0472818333333
1428,118.779182666667,32.0472818333333
1429,118.779182333333,32.0472781666667
1430,118.7791865,32.047276
1431,118.779189333333,32.0472715
1432,118.779192666667,32.0472695
1433,118.779202166667,32.047267
1434,118.779211833333,32.0472683333333
1435,118.7792175,32.0472698333333
1436,118.779222166667,32.0472735
1437,118.779225333333,32.0472755
1438,118.7792315,32.0472775
1439,118.779235333333,32.0472761666667
1440,118.779239166667,32.0472748333333
1441,118.779241333333,32.0472731666667
1442,118.7792415,32.0472731666667
1443,118.7792415,32.047273
1444,118.7792415,32.047273
1445,118.779242,32.0472708333333
1446,118.779242,32.0472708333333
1447,118.779242666667,32.0472705
1448,118.779242833333,32.0472703333333
1449,118.7792405,32.0472695
1450,118.779231,32.0472655
1451,118.77923,32.0472641666667
1452,118.779232166667,32.0472601666667
1453,118.779232833333,32.047256
1454,118.779232833333,32.047256
1455,118.779233,32.047256
1456,118.779232666667,32.047259
1457,118.779230833333,32.0472646666667
1458,118.779228666667,32.0472733333333
1459,118.779227,32.0472781666667
1460,118.779232166667,32.047279
1461,118.779236666667,32.0472838333333
1462,118.779239833333,32.0472905
1463,118.779244333333,32.0472988333333
1464,118.779248166667,32.047308
1465,118.7792525,32.0473145
1466,118.779252833333,32.047321
1467,118.779252,32.0473288333333
1468,118.779249,32.0473345
1469,118.779251833333,32.0473398333333
1470,118.779254333333,32.0473451666667
1471,118.7792535,32.0473503333333
1472,118.779253166667,32.0473541666667
1473,118.7792505,32.0473583333333
1474,118.779248833333,32.0473618333333
1475,118.779247833333,32.0473636666667
1476,118.779246833333,32.0473655
1477,118.7792465,32.0473803333333
1478,118.7792435,32.0473871666667
1479,118.779242833333,32.0473928333333
1480,118.779240333333,32.0473958333333
1481,118.779240666667,32.0474023333333
1482,118.779233666667,32.0474063333333
1483,118.779232833333,32.0474108333333
1484,118.779235333333,32.0474173333333
1485,118.779236,32.0474233333333
1486,118.779234833333,32.0474276666667
1487,118.779228333333,32.0474353333333
1488,118.779224333333,32.0474428333333
1489,118.7792215,32.0474483333333
1490,118.779216833333,32.0474536666667
1491,118.779212333333,32.0474606666667
1492,118.779209,32.0474658333333
1493,118.779207666667,32.0474691666667
1494,118.779206166667,32.0474726666667
1495,118.779211833333,32.0474841666667
1496,118.779216166667,32.0474896666667
1497,118.779217166667,32.0474966666667
1498,118.779218166667,32.0475008333333
1499,118.779219666667,32.0475041666667
1500,118.779220666667,32.047506
1501,118.7792215,32.0475078333333
1502,118.7792215,32.0475078333333
1503,118.7792215,32.0475078333333
1504,118.7792215,32.0475078333333
1505,118.7792215,32.0475078333333
1506,118.7792215,32.0475078333333
1507,118.7792215,32.0475078333333
